official_name,operating_club,hut_id,latitude,longitude,elevation_m,email,phone_number,official_website_url,capacity_beds,source_url,reservation_id
Aarbiwak SAC,SAC,2147000001,46.55555404703093,8.15222678796981,2731,k.brefin@livenet.ch,,http://www.sac-pilatus.ch,17,https://www.sac-cas.ch/en/huts-and-tours/sac-route-portal/2147000001,603
Albert-Heim-Hütte SAC,SAC,2147000006,46.60890792501105,8.463518795919578,2542,info@albertheimhuette.ch,,https://www.albertheimhuette.ch/,60,https://www.sac-cas.ch/en/huts-and-tours/sac-route-portal/2147000006,710
Arbenbiwak SAC,SAC,2147000016,46.031364,7.665059,3224,rinaldo.amacker@bluewin.ch,+41794090644,https://sac.zermatt.org/verein/arbenbiwak/,15,https://www.sac-cas.ch/en/huts-and-tours/sac-route-portal/2147000016,381
Bächlitalhütte SAC,SAC,2147000021,46.587037979835685,8.282681550901897,2328,info@baechlitalhuette.ch,,http://www.baechlitalhuette.ch,71,https://www.sac-cas.ch/en/huts-and-tours/sac-route-portal/2147000021,
Balmhornhütte SAC,SAC,2147000024,46.45128542486783,7.689567354207958,1956,balmhornhuette@sac-altels.ch,,http://www.balmhornhuette.ch,20,https://www.sac-cas.ch/en/huts-and-tours/sac-route-portal/2147000024,
Bergseehütte SAC,SAC,2147000030,46.6574378278801,8.484887428513561,2370,huettenwart@bergsee.ch,,http://www.bergsee.ch,65,https://www.sac-cas.ch/en/huts-and-tours/sac-route-portal/2147000030,
Blüemlisalphütte SAC,SAC,2147000036,46.3036,7.4617,2840,info@bluemlisalphuette.com,+41 33 676 14 37,http://www.bluemlisalphuette.com,100,https://www.sac-cas.ch/en/huts-and-tours/sac-route-portal/2147000036,1
Brisenhaus,SAC,2147000044,46.914916904107415,8.464166076567334,1753,info@brisenhaus.ch,,http://www.brisenhaus.ch,46,https://www.sac-cas.ch/en/huts-and-tours/sac-route-portal/2147000044,
Camona da Cavardiras CAS,SAC,2147000059,46.742467829354055,8.814231303181124,2649,info@cavardirashuette.ch,,http://www.cavardirashuette.ch,50,https://www.sac-cas.ch/en/huts-and-tours/sac-route-portal/2147000059,
Capanna Piansecco CAS,SAC,2147000204,46.294,8.281,1982,info@capannapiansecco.ch,+41 91 869 12 14,https://www.capannapiansecco.ch,42,https://www.sac-cas.ch/en/huts-and-tours/sac-route-portal/2147000204,399
Capanna Sasc Furä CAS,SAC,2147000235,2.765110,1.131580,1904,info@sascfura.ch,+41818221252,http://www.sascfura.ch,36,https://www.sac-cas.ch/en/huts-and-tours/sac-route-portal/2147000235,38
Chamanna da Grialetsch CAS,SAC,2147000122,46.71010798573334,9.960529990163984,2542,grialetsch@sac-davos.ch,,http://www.grialetsch.ch,58,https://www.sac-cas.ch/en/huts-and-tours/sac-route-portal/2147000122,
Chamanna dal Linard CAS,SAC,2147000155,46.77943071392273,10.082868998561676,2327,linard@alpinist.ch,,https://www.alpinist.ch/rm/chamonnas/chamonna-linard,38,https://www.sac-cas.ch/en/huts-and-tours/sac-route-portal/2147000155,
Chamanna da Tschierva CAS,SAC,2147000279,46.40388163544959,9.880065518983711,2583,tschierva@sac-bernina.ch,,https://tschierva.ch/,100,https://www.sac-cas.ch/en/huts-and-tours/sac-route-portal/2147000279,
Chlushütte,SAC,2147458788,46.81459682114812,7.957419649028456,1773,,,https://www.sac-entlebuch.ch/chlush%C3%BCtte/,18,https://www.sac-cas.ch/en/huts-and-tours/sac-route-portal/2147458788,
Claridenhütte SAC,SAC,2147000063,46.85951911737697,8.935791708394552,2453,claridenhuette@bluewin.ch,,http://www.claridenhuette.ch,74,https://www.sac-cas.ch/en/huts-and-tours/sac-route-portal/2147000063,
Clubhaus Backi,SAC,2141008193,47.262709624800515,7.444411157204625,1165,backi@sac-weissenstein.ch,,https://www.sac-weissenstein.ch/clubhaus-backi.html,30,https://www.sac-cas.ch/en/huts-and-tours/sac-route-portal/2141008193,
Clubhaus Metsch,SAC,2147463667,46.44,07.46,1775,clubhaus@sac-huttwil.ch,+41 79 947 70 69,https://www.sac-huttwil.ch/sektion/clubhaus.php,16,https://www.sac-cas.ch/en/huts-and-tours/sac-route-portal/2147463667,330
Clubhütte Bärenfang,SAC,2141008212,47.0661044570562,8.664897934872702,1390,info@baerenfang.ch,,https://www.sac-zug.ch/huetten/baerenfang/,26,https://www.sac-cas.ch/en/huts-and-tours/sac-route-portal/2141008212,
Clubhütte Grubenalp,SAC,2140495223,46.1603467087469,7.947001445496775,2300,info@wanderspuren.ch,,https://sac-saas.ch/grubenalp/,14,https://www.sac-cas.ch/en/huts-and-tours/sac-route-portal/2140495223,568
Cresta-Biwak SAC,SAC,2147425514,46.04476909558431,8.030220023170205,3032,crestabiwak@sac-saas.ch,,https://sac-saas.ch/cresta_biwak/,0,https://www.sac-cas.ch/en/huts-and-tours/sac-route-portal/2147425514,445
Domhütte SAC,SAC,2147000081,46.102662297858686,7.817608761999371,2940,info@domhuette.ch,,https://domhuette.ch,75,https://www.sac-cas.ch/en/huts-and-tours/sac-route-portal/2147000081,
Enderlinhütte SAC,SAC,2147000087,47.03876766644046,9.551605939927788,1501,enderlin@sac-piz-sol.ch,,http://www.sac-piz-sol.ch,30,https://www.sac-cas.ch/en/huts-and-tours/sac-route-portal/2147000087,
Fridolinshütten SAC,SAC,2147000101,46.821274000572494,8.950063359838234,2111,fridolinshuette-sac@bluewin.ch,,http://www.fridolinshuette.ch,50,https://www.sac-cas.ch/en/huts-and-tours/sac-route-portal/2147000101,
Fründenhütte SAC,SAC,2147000102,46.483632393033496,7.74180856093144,2562,info@fruendenhuette.ch,,http://www.fruendenhuette.ch,58,https://www.sac-cas.ch/en/huts-and-tours/sac-route-portal/2147000102,
Glärnischhütte SAC,SAC,2147000116,47.001575603403786,8.96342626797513,1990,info@glhuette.ch,,http://www.glhuette.ch,90,https://www.sac-cas.ch/en/huts-and-tours/sac-route-portal/2147000116,
Grassenbiwak SAC,SAC,2147000120,46.770144464475244,8.446747926946987,2647,grassen.biwak@gmail.com,,https://www.sac-engelberg.ch/grassen-biwak/,18,https://www.sac-cas.ch/en/huts-and-tours/sac-route-portal/2147000120,567
Grathaus Moron,SAC,2140505062,47.26307981892374,7.269090980046482,1313,,,https://www.sac-angenstein.ch/huetten/grathaus-moron/,33,https://www.sac-cas.ch/en/huts-and-tours/sac-route-portal/2140505062,
Grubenberghütte,SAC,2147000124,46.54928167614313,7.251924563072391,1840,info@grubenberghuette.ch,,http://www.grubenberghuette.ch,23,https://www.sac-cas.ch/en/huts-and-tours/sac-route-portal/2147000124,
Grünhornhütte SAC,SAC,2147000126,46.81050214162548,8.941374353894444,2448,,,http://www.sac-toedi.ch,0,https://www.sac-cas.ch/en/huts-and-tours/sac-route-portal/2147000126,
Guggihütte SAC,SAC,2147000128,46.56274650844253,7.97439946494065,2791,guggihuette@sac-interlaken.ch,,http://www.sac-interlaken.ch,24,https://www.sac-cas.ch/en/huts-and-tours/sac-route-portal/2147000128,
Heftihütte,SAC,2147000130,46.85084408337151,7.981724374420466,1904,,,http://www.sac-emmental.ch,12,https://www.sac-cas.ch/en/huts-and-tours/sac-route-portal/2147000130,
Hohganthütte,SAC,2147000133,46.78547,7.90609,1805,hohganthuette@sac-emmental.ch,+41 76 408 54 50,http://www.sac-emmental.ch/hohganthuette/,24,https://www.sac-cas.ch/en/huts-and-tours/sac-route-portal/2147000133,24
Jurahaus,SAC,2147469225,47.160745197326456,7.157861438161992,1320,reservation@jurahaus-sac.ch,,https://www.jurahaus-sac.ch,35,https://www.sac-cas.ch/en/huts-and-tours/sac-route-portal/2147469225,
Kistenpasshütte,SAC,2147000141,46.840441131746466,9.029402713286437,2714,,,http://www.kistenpasshuette.ch,16,https://www.sac-cas.ch/en/huts-and-tours/sac-route-portal/2147000141,
Lämmerenhütte SAC,SAC,2147000145,46.40029620305451,7.574516600148034,2507,info@laemmerenhuette.ch,,https://www.laemmeren.ch/,96,https://www.sac-cas.ch/en/huts-and-tours/sac-route-portal/2147000145,
Länta-Hütte SAC,SAC,2147000147,46.54155588176615,9.041741803171636,2090,info@laentahutette.ch,,http://www.laentahuette.ch,30,https://www.sac-cas.ch/en/huts-and-tours/sac-route-portal/2147000147,
Lauteraarhütte SAC,SAC,2147000148,46.57003531015104,8.222308365945011,2393,lauteraar@sac-zofingen.ch,,http://www.lauteraarhuette.ch,28,https://www.sac-cas.ch/en/huts-and-tours/sac-route-portal/2147000148,
Leutschachhütte SAC,SAC,2147000153,46.783602365466464,8.601145646329524,2208,furrer_andreaaa@gmx.ch,,http://www.leutschachhuette.ch,60,https://www.sac-cas.ch/en/huts-and-tours/sac-route-portal/2147000153,
Lohnerhütte SAC,SAC,2147000157,46.47456722786203,7.599702341022783,2171,grabemattli@gmail.com,,http://www.sac-wildstrubel.ch,18,https://www.sac-cas.ch/en/huts-and-tours/sac-route-portal/2147000157,
Martinsmadhütte SAC,SAC,2147000167,46.8926450857446,9.188313801761202,2002,info@martinsmadhuette.ch,,http://www.martinsmadhuette.ch,40,https://www.sac-cas.ch/en/huts-and-tours/sac-route-portal/2147000167,615
Mutthornhütte SAC,SAC,2147000187,46.486554,7.829508,2788,info@mutthornhuette.ch,+41338531344,http://www.mutthornhuette.ch,60,https://www.sac-cas.ch/en/huts-and-tours/sac-route-portal/2147000187,14
Planurahütte SAC,SAC,2147000207,46.82001420113037,8.880432739456106,2947,info@planurahuette.ch,,http://www.planurahuette.ch,41,https://www.sac-cas.ch/en/huts-and-tours/sac-route-portal/2147000207,
Ringelspitzhütte SAC,SAC,2147000218,46.865785157467315,9.380813365669814,1998,info@ringelspitzhuette.ch,,http://www.ringelspitzhuette.ch,36,https://www.sac-cas.ch/en/huts-and-tours/sac-route-portal/2147000218,
Rosenlauibiwak SAC,SAC,2147000220,46.65909844867396,8.167679082351222,2330,biwak@dossenhuette.ch,,https://dossenhuette.ch/#rosenlauibiwak,10,https://www.sac-cas.ch/en/huts-and-tours/sac-route-portal/2147000220,
Rottalhütte SAC,SAC,2147000226,46.52604468597215,7.944711590242324,2755,rottalhuette@sac-interlaken.ch,,http://www.sac-interlaken.ch/index.php/huetten/rottalhuette,28,https://www.sac-cas.ch/en/huts-and-tours/sac-route-portal/2147000226,
Salbitschijenbiwak SAC,SAC,2147000230,46.67614749717253,8.523676878908017,2400,salbit@sac-mythen.ch,,https://sac-mythen.ch/unsere-huetten,10,https://www.sac-cas.ch/en/huts-and-tours/sac-route-portal/2147000230,559
Sardonahütte SAC,SAC,2147000234,46.91548356434636,9.275458481694724,2158,jaeger.beat@bluewin.ch,,http://www.sardonahuette.ch,44,https://www.sac-cas.ch/en/huts-and-tours/sac-route-portal/2147000234,
Schräawislihütte,SAC,2147000242,46.919904677853246,9.329977071902329,1732,,,https://www.sac-piz-sol.ch/sac-webapp/huetten,8,https://www.sac-cas.ch/en/huts-and-tours/sac-route-portal/2147000242,
Seetalhütte SAC,SAC,2147000246,46.8739,10.0093,2065,info@seetalhuette.ch,+41765458282,https://www.sac-praettigau.ch/index.php/huetten/seetalhuette,10,https://www.sac-cas.ch/en/huts-and-tours/sac-route-portal/2147000246,242
Silberhornhütte SAC,SAC,2147000249,46.548987925175055,7.933582306211974,2663,,,http://www.sac-lauterbrunnen.ch,10,https://www.sac-cas.ch/en/huts-and-tours/sac-route-portal/2147000249,515
Solvaybiwak SAC,SAC,2147000252,45.97862339198917,7.663014151150061,4003,,,https://www.sac-cas.ch/de/huetten-und-touren/sac-tourenportal/2147000252/,0,https://www.sac-cas.ch/en/huts-and-tours/sac-route-portal/2147000252,
Spitzmeilenhütte SAC,SAC,2147000256,47.034288127392834,9.250575750295917,2087,info@spitzmeilenhuette.ch,,http://www.spitzmeilenhuette.ch,50,https://www.sac-cas.ch/en/huts-and-tours/sac-route-portal/2147000256,
Stockhornbiwak SAC,SAC,2147000258,46.377385314208986,7.88106828139595,2598,,,http://www.stockhornbiwak.ch,18,https://www.sac-cas.ch/en/huts-and-tours/sac-route-portal/2147000258,527
Sunnehüsi,SAC,2147448785,46.643720,7.446150,1125,sunnehuesi@sac-bluemlisalp.ch,+41 78 836 96 49,http://www.sac-sunnehuesi.ch/,15,https://www.sac-cas.ch/en/huts-and-tours/sac-route-portal/2147448785,326
Sustlihütte SAC,SAC,2147000262,46.75163133069784,8.470799017612562,2257,info@sustlihuette.ch,,http://www.sustlihuette.ch,67,https://www.sac-cas.ch/en/huts-and-tours/sac-route-portal/2147000262,
Tanzbodenhütte,SAC,2140485008,47.22010788989732,9.105935964440379,1441,tanzboden@sac-pfannenstiel.ch,,https://www.sac-pfannenstiel.ch/huetten/tanzbodenhuette,17,https://www.sac-cas.ch/en/huts-and-tours/sac-route-portal/2140485008,
Treschhütte SAC,SAC,2147000274,46.71860447283968,8.64945304486683,1475,info@treschhuette.ch,,http://www.treschhuette.ch,32,https://www.sac-cas.ch/en/huts-and-tours/sac-route-portal/2147000274,688
Trifthütte SAC,SAC,2147000277,46.674023,8.371172,2420,info@trifthuette.ch,+41 33 975 12 28,https://www.trifthuette.ch,62,https://www.sac-cas.ch/en/huts-and-tours/sac-route-portal/2147000277,28
Weisshornhütte SAC,SAC,2147000290,46.08602025719224,7.7434799165374,2932,annetteflorence@icloud.com,,http://www.sac-basel.ch/huetten/weisshornhuette,31,https://www.sac-cas.ch/en/huts-and-tours/sac-route-portal/2147000290,
Chalet du CAF Contamines,CAF,30941606,45.8168426,6.7249451,1164,,,,,OSM,
Gippelhütte,Hasler Anita,33519409,47.7945148,15.588133,1499,,+43 664 2120061,http://www.staegyd.at/Gippelhuette_1500_m_Seehoehe,,OSM,
Štuhecov dom,,59264046,46.4375022,15.4600805,1181,,,,,OSM,
Almgasthof Buchacker,,95823780,47.533232,12.0188688,1318.0,buchackeralm@gmail.com,+4369912358598,,,OSM,
Naturfreundehütte Vinzenz Biedner,,206371649,46.865575,12.8092344,1809,,,https://vinzenz-biednerhuette.naturfreunde.at/,19,OSM,
Refuge Le Monal,,249831619,45.5543571,6.9216426,1869.0,refugelemonal@gmail.com,+33607382469,https://www.refugedumonal.com/,,OSM,
Rauhekopfhütte,Alpenverein Frankfurt am Main,250068427,46.8699958,10.7630878,2731,info@rauhekopfhuette.at,,https://www.rauhekopfhuette.at/,,OSM,
Mischabelhütte,Akademischer Alpen-Club Zürich,251403227,46.1094153,7.8888023,3340,mischabelhuette@gmx.ch,+41 27 957 13 17,https://www.mischabelhuette.ch/,120,OSM,420
Purtschellerhaus,DAV Sektion Sonneberg,254546886,47.6095206,13.0716402,1692,,+4986522420,https://www.purtschellerhaus.de/,,OSM,
Techendorfer Alm,,260133307,46.7229985,13.4039732,1573,,,,,OSM,
Rifugio Sant'Anna,,264130866,46.1051958,8.8147565,1342,,,,,OSM,
Capanna Piandios,Sci Club Crap,270447880,46.4814914,8.884226,1875,banchinisimone@dcom.ch,+41 76 400 03 01,http://www.sciclubcrap.ch/index.php/capanna,35,OSM,
Baraque de Bonnant,,272864187,45.2644796,6.4349229,1700,,,,,OSM,
Hochberghaus,,276593145,47.8366199,13.9915871,1125.0,,,https://www.hochberghaus.at/,,OSM,
Doris Fleißkuchl,,278013256,47.0517509,12.8713768,1801.0,,+43 664 5078069,,,OSM,
Kärlinger Haus,DAV Sektion Berchtesgaden,278226693,47.495556,12.937222,1631,,+4986526019901,https://www.kaerlingerhaus.de,160,OSM,195
Chalet Refuge du Pré de Madame Carle,,279452438,44.9177196,6.4156203,1882.0,,,https://www.pre-madame-carle.fr/,,OSM,
Sistranser Alm,,279584189,47.2218538,11.4669064,1609,,+43 699 100 18 948,https://www.sistranseralm.at/,,OSM,
Eppzirler Alm,,280889033,47.331048,11.267244,1455,,+436649379033,https://www.eppzirleralm.at/,,OSM,
Kaiserkogelhütte,Österreichischer Touristenklub,281022622,48.059729,15.5402134,716,,,,,OSM,
Wildeben,,281811874,47.1253893,11.3572701,1780,,,https://www.wildeben.info/,,OSM,
Berggasthaus Gumen,,283105123,46.9562198,8.9848057,1935.0,,,https://gumen.ch/,,OSM,
Baita dell'Alpino,private,286290910,46.260541,11.5986885,1594,,,,,OSM,
Refuge des Mottets,,288877825,45.7371405,6.7790439,1870,,,,,OSM,
Berghaus Schwaben,,292047294,47.4610918,10.1846714,1513,,+49 832 438,https://www.berghaus-schwaben.de/,,OSM,
Larcher Alm,,292735628,47.1570626,10.6948901,1814,,,,,OSM,
Galflun Alm,,292735632,47.1491242,10.6842738,1960,,,,,OSM,
Bayreuther Hütte,,292919704,47.444722,11.820833,1576,,00436643425103,https://www.bayreuther-huette.de,54,OSM,201
Dammkarhütte,,293246279,47.4373796,11.3088936,1650,,+4988233826,http://www.dammkarhuette.de/,,OSM,
Berggasthaus Trift,Familie Hugo und Fabienne Biner,294171060,46.0300393,7.7210708,2337,,+41 79 408 70 20,http://www.zermatt.ch/trift,48,OSM,
Seducker Hochalm,,294758495,47.1151963,11.2101032,2250,,,,,OSM,
Peeralm,,296010554,47.1512237,11.5595653,1663,,,,,OSM,
Brunnsteinhütte,DAV Sektion Mittenwald,296163774,47.4137026,11.2785584,1560,,,,,OSM,
Roaner Alm,,297298270,46.8818854,12.8391279,1900,,,,,OSM,
Häuslalm,,298231625,47.2205343,12.698529,1979.0,,,,,OSM,
Unterbergalm,,298232764,47.2528711,12.7021482,1533.0,,,,,OSM,
Lyfialm - Malga Lifi,,298467485,46.5037984,10.7029948,2196.0,,,,,OSM,
Rifugio Ghedina,,299927723,46.1158602,10.8085216,1137.0,,+39 0465 321808,https://www.trentinorifugi.com/index.php?bsclef=schede_rifugi&ex=html&viewnews=ok&ln=it&id=76&catid=6,,OSM,
Alpe e Rifugio Legnone,ProLoco Delebio,300524772,46.1078796,9.4360824,1689.0,,+393395005056,,,OSM,
Lienzer Hütte,,301000243,46.9348077,12.7465478,1980,,,,87,OSM,
Elberfelder Hütte,,301262877,46.977887,12.7604244,2346,,+43 4824 2545,https://elberfelderhuette.com,59,OSM,650
Cabane de Mille,,302898492,46.0136689,7.2065712,2473,,+41 27 783 11 82,https://www.cabanedemille.ch,40,OSM,
Koča na Pesku,,303847394,46.4672016,15.3439495,1382,,,,,OSM,
Scheibenwaldhütte,,305860388,47.640437,12.4240651,1140,,+43 5375 6053,https://www.scheibenwald.com/,,OSM,
Koča pod Kremžarjevim vrhom,,309010898,46.5281486,15.1285496,1102,,,,,OSM,
Cabane Brunet,,309750964,46.0303392,7.274198,2104,info@cabanebrunet.ch,+41 27 778 18 10,https://www.cabanebrunet.ch/,56,OSM,
Cabane de Valsorey,,309753126,45.930778,7.271748,3037,info@valsorey.ch,+41 27 787 11 22,https://www.valsorey.ch,50,OSM,400
Cabane du Vélan,CAS Bourg-Saint-Pierre,309753131,45.9169357,7.2454615,2642,info@velan.ch,+41 27 787 13 13,https://www.velan.ch/,62,OSM,
Cabane FXB Panossière,,309753135,45.9987224,7.2997576,2641,info@panossiere.ch,+41 27 771 33 22,http://www.panossiere.ch,75,OSM,
Cabane de Saleinaz CAS,CAS Section Neuchâteloise,309757022,45.976355,7.070281,2691,saleinaz@cas-neuchatel.ch,+41277831700,https://www.cas-neuchatel.ch/cabanes/cabane-de-saleinaz-2691m/,48,OSM,382
Cabane de Bertol CAS,SAC - CAS Section Neuchateloise,309758417,46.0060198,7.5276735,3311,bertol@cas-neuchatel.ch,+41 27 283 19 29,http://www.bertol.ch,80,OSM,
Cabane Mont Fort,,309759750,46.0835573,7.2810532,2457,booking@cabanemontfort.com,+41 77 269 45 27,https://cabanemontfort.com/,58,OSM,
Nassereither Alm (Muthenaualm),,309897705,47.3417334,10.844933,1734,,,https://www.nassereither-alm.at/,,OSM,
Britanniahütte,,316985701,46.060106,7.93507,3030,hello@britannia.ch,+41 27 957 22 88,http://www.britannia.ch,101,OSM,9
Rifugio Campolongo,,323218389,45.8974017,11.3927132,1541,,+39 0424 66487,,,OSM,
Holzerhütte,,325196560,47.1706692,13.9689639,1578.0,,,,,OSM,
Reitlehenalm,,330068507,47.4018291,13.4147012,1260.0,,,,,OSM,
Unterbuchstein,,330073536,47.4081122,13.4126103,1231.0,,,,,OSM,
Spielberghaus,,338818543,47.4165518,12.6199218,1320,,,,,OSM,
Mittenwalder Hütte,DAV Sektion Mittenwald,340560279,47.4338329,11.2823729,1518,,,,,OSM,
Refuge des Feneys,,350736546,45.189318,5.5846386,1524.0,,,,,OSM,
Rifugio del Misérin,Parrocchia di Champorcher,353049715,45.6027461,7.5214985,2582,lago.miserin@gmail.com,+39 340 9014630,https://www.miserinespritlibre.it/,40,OSM,
Rifugio Barbustel,Club Alpino Italiano,353049719,45.6491892,7.5884154,2132,,,,,OSM,
Rifugio Gabiet,,353049747,45.8543498,7.8496032,2370,,,,,OSM,
Orestes Hütte,,353049753,45.8743718,7.8500386,2625,,,,,OSM,
Rifugio Alpenzu Grande,Club Alpino Italiano,353049771,45.7991516,7.8161253,1779,,,http://www.rifugioalpenzu.it/,,OSM,
Rifugio Arp,private,353049781,45.7872819,7.7771534,2439,,,,100,OSM,
Rifugio Ottorino Mezzalama,CAI sezione di Torino,353049783,45.9137046,7.7594328,3036,,,,36,OSM,
Rifugio Guide d'Ayas,Soc. Guide di Champoluc-Ayas,353049786,45.9206025,7.7671383,3388,,+39 0125 308083,http://guidechampoluc.com/il-rifugio/,85,OSM,
Rifugio Vieux Crest,private,353049798,45.8333523,7.7392614,1934,,,http://www.refugevieuxcrest.com/,40,OSM,
Rifugio G.B. Ferraro,private,353049800,45.866023,7.7398828,2077,,,https://www.rifugioferraro.com/,26,OSM,
Rifugio Guide di Frachey,,353049803,45.8657804,7.7393751,2072,,,,40,OSM,
Rifugio L'Ermitage,private,353049806,45.8417512,7.6168909,1922,,,,36,OSM,
Rifugio Grand Tournalin,private,353049808,45.8585089,7.6938018,2550,,,https://www.rifugiograndtournalin.com/en/,40,OSM,
Rifugio Jean Barmasse,private,353049817,45.8766866,7.5933535,2165,,,https://www.rifugiocuney.it/it/il-rifugio-barmasse/,24,OSM,
Rifugio Prarayer,,353049825,45.921088,7.5329516,2005,,,,50,OSM,
Rifugio Nacamuli al col Collon,,353049828,45.9484535,7.500523,2818,,+39 0165767971,https://www.caitorino.it/rifugi/nacamuli/,,OSM,
Rifugio Aosta,,353049833,45.9695538,7.5614355,2785,,+39 0165 73006,http://www.rifugioaosta.it/,30,OSM,
Rifugio Franco Chiarella all'Amianthe,CAI Sezione di Torino,353049840,45.9102874,7.3046433,2979,,,http://www.refuges.info/point/2339/refuge-garde/Alpes-Pennines-Haut-Valais/,42,OSM,
Rifugio Oratorio di Cuney,,353049844,45.8415305,7.4841751,2655,,,,32,OSM,
Rifugio Crête Sèche,CAI Val d'Aosta,353049847,45.8823253,7.3988665,2391,,,https://www.rifugiocreteseche.eu/,,OSM,
Rifugio Letey-Champillon,Società Hibou di Ronc Silvy & C. SAS,353081755,45.8499376,7.2691816,2465,rifugiochampillon@gmail.com,,https://www.rifugio-champillon.it/,32,OSM,
Refuge de Chaligne / Rifugio Chaligne,,353082192,45.7783558,7.2514865,1939,info@chaligne.com,+39 348 3366924,https://www.chaligne.com,32,OSM,
Rifugio Elena,,353083724,45.8847187,7.0656381,2055,info@rifugioelena.it,+39 0165 844688,,127,OSM,
Rifugio Cesare Dalmazzi,Club Alpino Italiano Sezione di Torino,353084260,45.8938738,7.0405844,2584,,,,,OSM,
Rifugio Gabriele Boccalatte e Mario Piolti,,353084580,45.8530916,6.977363,2806,,,,,OSM,
Rifugio Pavillon,,353084898,45.8291398,6.950815,2174,,,,,OSM,
Rifugio Monte Bianco,,353085969,45.8005845,6.9308894,1680,,,,,OSM,
Rifugio Maison Vieille Bar - Ristorante,,353086852,45.790787,6.9310687,1956,,,https://www.maisonvieille.com/,,OSM,
Höllentaleingangshütte,DAV Sektion Garmisch-Partenkirchen,357482706,47.4483891,11.0444884,1045,,+4988218895,http://www.hoellentalklamm.de/,,OSM,
Labaunalm,,389526819,46.9180291,10.5243619,1980,,,,,OSM,
Adolf-Nossberger-Hütte,Sektion Wiener Lehrer,389785661,46.9540045,12.7810076,2488,,,,50,OSM,
Bernhard-Fest-Hütte,OeAV Sektion Murau,389785715,47.0661548,14.1371632,1980,,,,,OSM,
Bergfriedhütte,Sektion Spittal an der Drau,389785723,46.8901109,13.4663337,1800,,,,,OSM,
Bonn-Matreier-Hütte,Sektion Matrei in Osttirol,389785744,47.0389946,12.4275225,2750,,,,,OSM,
Dr. Widder-Jugendherberge,Alpenverein Klagenfurt,389785776,46.9489952,13.0275992,1770,,,,,OSM,
E.T.-Compton-Hütte,OeAV Sektion Austria,389785790,46.696417,13.157283,1585,,,,,OSM,
Edelrautehütte,Sektion Austria,389785804,47.4391404,14.4328057,1725,,,,,OSM,
Fraganter Schutzhaus,Alpenverein Klagenfurt,389785876,46.950921,13.027661,1810,,+43 4785 396,https://www.fraganterschutzhaus.at,72,OSM,316
Gerlitzenhütte,Sektion Villach,389785880,46.6961092,13.8869343,1580,,,,,OSM,
Kapunerhütte,ÖAV Sektion Graz,389786039,46.641703,15.2414477,1003,,,https://www.alpenverein.at/kapunerhuette/,,OSM,
Karl-Lechner-Haus,Sektion Stuhlecker,389786044,47.582021,15.7982186,1450,,,https://www.alpenverein.at/karllechnerhaus/,,OSM,
Klagenfurter Hütte,Österreichischer Alpenverein - Sektion Klagenfurt,389786089,46.4468626,14.1830532,1664,,,https://klagenfurter-huette.at/,,OSM,597
Peter-Wiechenthaler-Hütte,ÖAV Sektion Saalfelden,389786192,47.463,12.875,1752,,+43 664 9544822,http://www.wiechenthaler-huette.at,68,OSM,141
Polinikhütte,Sektion Mölltal,389786196,46.909217,13.182667,1873,,,,,OSM,
St. Pöltner Hütte,ÖAV Sektion Sankt Pölten,389786350,47.157556,12.495647,2481,st.poeltnerhuette.reinhold@gmail.com,+43 6562 6265,https://www.alpenverein.at/bonnmatreierhuette/,,OSM,
"Wittgruberhof, Jugendh.",Sektion Weiz,389786502,47.2702953,15.6558544,904,,,,,OSM,
Wildseeloderhaus,Sektion Fieberbrunn,389786524,47.4317967,12.5392215,1854,info@wildseeloderhaus.at,+43 664 3400717,https://www.wildseeloderhaus.at/index.php,,OSM,
Wismeyerhaus,Alpenverein Edelweiß,389786536,47.245783,13.5674,1670,,,,,OSM,
Winklerner Hütte,Sektion Winklern,389786541,46.8776199,12.8438661,1905,,,,,OSM,
Weissbriacher Hütte,OeAV Sektion Hermagor,389786547,46.690667,13.210633,1567,,,,,OSM,
Dr.Otto-Koren-Hütte,OeAV Sektion Köflach,390190224,47.1081601,14.9164166,1560,,,,,OSM,
Martellerhütte - Rifugio Martello,,393892579,46.4696416,10.6730592,2610,,,,,OSM,
Klosterneuburgerhütte,Stefan Oberklammer,394568194,47.265104,14.3786705,1902,office@klosterhuette.at,+43 664 1008364,,,OSM,
Berghaus i.d. Walchen,OeAV Sektion Öblarn,394569680,47.4266298,14.05109,985,,,,,OSM,
Gotschaunalm,,409768525,47.0193263,12.4395371,1945,,,,,OSM,
Furgges Alm,,410315437,47.1640546,11.2213109,1938,,+43 664  4703023,,,OSM,
Almind-Alm,,410575233,47.1684302,11.2023284,1755,,,,,OSM,
Capanna Brogoldone,Associazione Amici Capanna Brogoldone,413544181,46.2628804,9.0633216,1910,,+41 91 829 43 50,https://www.capanneti.ch/,57,OSM,
Schafalm,,413596354,47.1986475,11.2985671,1580,,,,,OSM,
Fahrlechhütte,,416556393,47.2996175,13.6914908,1648,,,https://www.fahrlechhuette.at/,,OSM,
Rifugio Serot,,417322481,46.0734662,11.3881872,1566,info@rifugioserot.eu,,https://www.rifugioserot.eu/,,OSM,
Giglachsee Hütte,,417326835,47.2795539,13.6381195,1955,,,https://www.giglachsee-huette.at/,,OSM,
Ignaz-Mattis-Hütte,OeAV Wien,417326836,47.2848356,13.6485881,1986,,,https://www.alpenverein.at/ignazmattishuette/,,OSM,577
Roßkogelhütte,,417668849,47.240689,11.1904543,1778,,+43 5232 81419,https://www.rosskogelhuette.tirol/,,OSM,
Metzg-Hütte,,426925727,46.9658846,8.6760193,1527.0,,,,,OSM,
Neue Thüringer Hütte,Neue Thüringer Hütte Verein (Alpenvereinshütte),430122613,47.172778,12.383333,2240,kontakt@nth-huette.de,+436644273214,https://www.neuethueringerhuette.at/,71,OSM,237
Zirmbach Alm,,437814698,47.220083,11.0688343,1800,,,,,OSM,
Plosehütte - Rifugio Plose,,439594940,46.6949927,11.7321657,2421.0,info@plosehuette.com,+39 0472 521333,https://www.plosehuette.com/,,OSM,
Breiteckalm,,440712913,47.3220467,12.7448188,1770.0,,,,,OSM,
Reutsperre,Naturfreunde,441570713,46.7001922,8.1789421,1272,,,,,OSM,
Posto Tappa,,443032760,44.5049946,7.1092917,1419.0,info@borgata-sanmartino.eu,,https://borgata-sanmartino.eu/,,OSM,
Locanda Palent (Posto Tappa),,443032807,44.4871268,7.1382032,1527.0,info@locandapalent.it,+39 349 2617803,https://locandapalent.it/,,OSM,
Martinsmadhütte,SAC Sektion Randen,445505188,46.8925555,9.1883141,2002,info@martinsmadhuette.ch,+41 55 642 12 12,https://www.martinsmadhuette.ch/,40,OSM,
Rifugio Sauch,,447910526,46.2159242,11.1943338,950,,,,,OSM,
Rifugio Dolomieu al Dolada,,447933952,46.1922209,12.3537019,1518.0,,,,,OSM,
Rifugio Carota,,447933953,46.1796648,12.3542959,1004.0,,,,,OSM,
Capanna Gesero,UTOE Bellinzona,449340086,46.1814054,9.120836,1765,,,http://www.utoe.ch/?id=470,40,OSM,
Refuge des Barmettes,,451703419,45.3895634,6.7527105,2010,refugedesbarmettes@gmail.com,+33 4 79 08 75 64,https://lesbarmettes-refuge.com/,,OSM,
Capanna Cadagno,SAT Ritom,452629133,46.5465894,8.7196139,1987,info@capannacadagno.ch,+41 91 868 13 23,https://www.capannacadagno.ch/,60,OSM,
Rotstockhütte,Skiklub Stechelberg,454394985,46.545135,7.838241,2039,info@rotstockhuette.ch,+41338552464,https://www.rotstockhuette.ch,43,OSM,69
Spielbodenalp,,454394987,46.548842,7.8739087,1789.0,,,http://www.spielbodenalp.com/,,OSM,
Hinterbalmhütte,,454641956,46.7795427,8.7984837,1817,info@hinterbalm-huette.ch,+41 41 883 19 39,https://www.hinterbalm-huette.ch/,34,OSM,496
Cavardirashütte,,454642322,46.742437,8.8142692,2649,info@cavardiras.ch,+41 81 947 57 47,https://www.cavardiras.ch/,70,OSM,
Bergkristallhütte,Andrea Schaller,455564096,47.2954934,9.9870805,1250,bergkristallhuette@gmx.at,+43 664 1808482,https://www.bergkristallhuette.com/,,OSM,
Rifugio Croz dell'Altissimo,,455703644,46.1706042,10.931698,1480,info@rifugiocrozaltissimo.it,+39 339 798 2922; +39 347 118 4459,https://www.rifugiocrozaltissimo.it/,,OSM,
Stockachalm,,456199276,47.0080364,12.3347125,1726,,,,,OSM,
Winterstelleralm,,456332347,47.519896,12.5391292,1423,,,,,OSM,
Capanna Dötra,SAT Lucomagno,456418356,46.5316836,8.8796428,1747,,+41 91 872 11 29,http://satlucomagno.ch/,34,OSM,
Cabane des Diablerets,CAS,458393161,46.3386913,7.2154746,2486,info@cabane-diablerets.ch,+41 24 492 21 02,https://www.cabane-diablerets.ch/,32,OSM,22
Refuge de Pierredar,,458393162,46.3212719,7.1948249,2293,,+41 79 127 56 67,https://www.pierredar.ch/,22,OSM,
Adolf-Pichler-Hütte,,458799908,47.1667124,11.2679435,1977,,+43 720 702724,,,OSM,
Refuge Igloo des Pantalons Blancs,,458867305,46.04055,7.36853,3285,,+41 77 812 18 87,https://www.clubalpinsion.ch/index.php/club-alpin-sion/igloo,15,OSM,53
Preintalerhütte,Alpine Gesellschaft Preintaler,460355329,47.3131,13.8133,1656,,+436641448881,http://www.preintaler.at/agp/index.php/unsere-huetten/preintalerhuette,144,OSM,402
Gollinghütte,Alpine Gesellschaft Preintaler,460361180,47.2866,13.7693,1641,,+43 676 5336288,https://www.gollinghuette.com,70,OSM,410
Brisenhaus,,461016641,46.9149045,8.4642399,1753,info@brisenhaus.ch,+41 79 176 76 31,https://www.brisenhaus.ch/,46,OSM,
Alm Hinterm Brunn,,467922266,46.7294706,13.3284809,1290,,,,,OSM,
Grießbachalm,,470067586,47.2656881,10.4710454,1475,,+43 660 7722529,https://www.griessbachalm-lechtal.at/,,OSM,
Kaltherberghütte,,471292287,47.3152594,14.0101342,1618.0,,,,,OSM,
Lasörnhütte,,472639251,47.0302827,13.5251344,1865,,,,,OSM,
Lanisch-Ochsenhütte,,472640322,47.0685576,13.4535,1948,,+43 676 460 40 43,https://www.bergwelten.com/h/lanisch-ochsenhuette,,OSM,
Laußnitzeralm,Michael Pirker & Barbara Ilg,472641454,47.0216698,13.6827363,1836,,,https://www.laussnitzer.at/,,OSM,
Wackendorfer Alm,private,474595022,46.5231418,14.7241233,1576.676,,,,,OSM,
Schutzhütte Rettenstein,,475537079,47.2888483,12.2799017,1845,,,,,OSM,
Knorrhütte,DAV Sektion München,476498599,47.410012,11.012802,2051,,+4915114443496,https://www.knorrhuette.de,116,OSM,149
Hochalm,,476680904,47.2202754,12.9570983,1772.0,,,,,OSM,
Schutzhaus Latzfonser Kreuz - Rifugio Santa Croce di Lazfons,,476867344,46.7019065,11.4998013,2305,,,https://www.latzfonserkreuz.com/,,OSM,
Ochsenlager,,476929508,47.1983286,9.2275477,843.0,,,,,OSM,
Erlacher Bockhütte,,477249041,46.8776422,13.7495211,1938,,,,,OSM,
Erlacherhaus,,477359854,46.868996,13.7487117,1636,,,,,OSM,
Berghaus Diavolezza,,479305503,46.4122405,9.96505,2978,berghaus@diavolezza.ch,+41 81 839 39 00,https://www.diavolezza.ch/,170,OSM,
Olympiahütte,,480771333,47.5311295,13.6851026,1552,,,,,OSM,
Falkaunsalm,,481339299,47.0761416,10.7568715,1963,,,,,OSM,
Imberghaus,,484881698,47.5103725,10.0190653,1213,,+49 8386 8106,https://www.imberghaus.de/,,OSM,
Refuge de la Muzelle,,484896953,44.9529848,6.0974639,2112,,,https://refugedelamuzelle.fr/,70,OSM,
Kletterhütte Bockmattli,,492480491,47.0994728,8.9503274,1501,schnyderfranz@gmail.com,+41 79 827 30 66,https://www.bockmattli.ch/,10,OSM,
Alpenrose,,494782696,47.025345,11.801511,1878,info@alpenrose-huette.at,06641376848,https://www.alpenrose-huette.at,80,OSM,303
Capanna Adula CAS,SAC - CAS,502559697,46.499200,8.995615,2012,adula@casticino.ch,+41918721532,http://www.capannaadula.ch,24,OSM,42
Capanna Alzasca,CAS Locarno,502559712,46.271332,8.589253,1734,info@capannaalzasca.ch,091 753 25 15,http://www.capannaalzasca.ch,20,OSM,198
Capanna Basodino CAS,SAC - CAS sezione di Locarno,502559739,46.439556,8.514077,1856,info@capannabasodino.ch,0917532797,http://www.capannabasodino.ch,59,OSM,8
Refuge des Bouquetins CAS,SAC - CAS,502559748,45.9708752,7.5305159,2980,,,http://www.cas-valdejoux.ch,26,OSM,
Capanna Campo Tencia,CAS Ticino,502559755,46.4442266,8.7326694,2140,campotencia@casticino.ch,+41 91 867 15 44,https://campotencia.casticino.ch,60,OSM,36
Capanna Corno Gries CAS,CAS Bellinzona e valli,502559768,46.4670761,8.4100474,2338,info@corno-gries.ch,+41 91 869 11 29,https://www.corno-gries.ch/,46,OSM,197
Dammahütte SAC,SAC - CAS,502559776,46.644864,8.457761,2439,info@dammahuette.ch,041 885 17 81,http://www.dammahütte.ch,18,OSM,228
Col de la Dent Blanche CAS Bivouac,SAC - CAS,502559811,46.041928,7.6070861,3540,vuadens_nicolas@bluewin.ch,,https://www.cas-jaman.ch/cabanes/bivouac-de-la-dent-blanche,15,OSM,
Guggihütte,SAC - CAS,502559863,46.5627465,7.9743995,2791,guggihuette@sac-interlaken.ch,,https://www.sac-interlaken.ch/,24,OSM,665
Glattalphütte SAC,SAC Sektion Mythen,502559868,46.9168403,8.8750058,1896,sacglattalp@bluewin.ch,+41 41 830 19 39,https://www.glattalphuette.ch/,51,OSM,39
Hüfihütte SAC,SAC Sektion Pilatus,502559876,46.8018251,8.8189945,2334,info@huefihuette.ch,+41 41 885 14 75,https://www.huefihuette.ch/,32,OSM,388
Gspaltenhornhütte SAC,SAC - CAS,502559893,46.5,7.81,2455,info@gspaltenhornhuette.ch,+41336761629,https://www.gspaltenhornhuette.ch,60,OSM,44
Monte Leone-Hütte,"SAC - CAS, Section Sommartel",502559908,46.26,8.079,2848,booking@cas-sommartel.ch,+41799349732,https://www.cas-sommartel.ch/monte-leone/,20,OSM,340
Medelserhütte SAC,SAC - CAS,502559914,46.6405072,8.9138109,2524,info@medelserhuette.ch,+41 81 949 14 03,https://www.medelserhuette.ch,51,OSM,332
Camona da Maighels CAS,SAC - CAS,502559919,46.62547,8.69007,2310,info@maighelshuette.ch,+41819491551,http://www.maighelshuette.ch,83,OSM,26
Täschhütte SAC,SAC - CAS,502559963,46.0515706,7.8300141,2701,info@taeschhuette.ch,+41 27 967 39 13,https://www.taeschhuette.ch,74,OSM,51
L'Aiguillette à la Singla CAS Bivouac,SAC - CAS,502559966,45.9414738,7.4540817,3179,,,https://cas-chasseron.ch/,12,OSM,
Weisshornhütte SAC,SAC - CAS,502559977,46.0859641,7.7435851,2932,jacqueline.rosse@bluewin.ch,+41 27 967 12 62,https://www.sac-basel.ch/huetten/weisshornhuette,31,OSM,
Engelhornhütte,AACB ( www.aacb.ch/engelhorn),502925545,46.6831781,8.1728265,1901,engelhornhuette@aacb.ch,+41 79 793 65 46,https://www.aacb.ch/,50,OSM,
Refuge de la Charpoua,Compagnie des guides de Chamonix,503688752,45.9241372,6.9553416,2841,,,,,OSM,
Eiger-Ostegghütte,,505804029,46.6003942,8.0411805,2320,,,http://www.mittellegi.ch,12,OSM,
Anton-Renk-Hütte,DAV Sektion Aachen,512618893,47.0112221,10.6988204,2261,,,,,OSM,
Hohenzollernhaus,DAV Sektion Hohenzollern,512622097,46.9020017,10.6347837,2123,,,,,OSM,
Sidelenhütte,,514017580,46.5974645,8.4267493,2708,info@sidelen-huette.ch,+41 41 887 02 33,http://www.sidelen-huette.ch,34,OSM,614
Oberaar,KWO Kraftwerke Oberaar,521161221,46.5488746,8.2775108,2335,,+41339824811,https://www.grimselwelt.ch/grimselhotels/oberaar,,OSM,
Jausenstation Blaubergalm,,528882177,47.5873314,11.7369609,1540,,+43 6642 306719,,15,OSM,
Berggasthaus Herzogstand,Siegfried Zauner GmbH,528928716,47.6079348,11.3109351,1575,,,,,OSM,
Brunnenkopfhütte,DAV Sektion Bergland,528983385,47.581269,10.927067,1602,,+491756540155,https://brunnenkopfhuette.com,26,OSM,286
Tegelberghaus,DAV,528992044,47.5593927,10.7780688,1707,,+49 8362 8980,http://www.tegelberghaus.de/,,OSM,
Neuhornbachhaus,Rüf Gebhard,529269467,47.3226844,10.0523705,1700,,+436645367595,https://www.neuhornbachhaus.com/,,OSM,
Steineralm,,529491450,47.278099,12.2534461,1559,,,,,OSM,
Venetalm,,534414045,47.1775607,10.6989695,1980,,,https://www.venetalm.com,,OSM,
Steiner Alm,,539660905,46.9826622,11.4067339,1735,,,,,OSM,
Breitfußalm,,544192169,47.356331,12.5758028,1694.0,,,,,OSM,
Lindlingalm,,552391496,47.3658485,12.507912,1370,,+43 6541 71900,https://www.lindlingalm.at/,,OSM,
Rifugio Piana del Ponte,Alessandra Baldo,552421501,45.6760593,8.0646695,1050,,,,,OSM,
Rifugio Selvata,,554849478,46.1612616,10.9262935,1630,ddale@hotmail.it,+39 0461 186 2900; +39 340 823 1972,http://www.rifugioselvata.it/,,OSM,
Rifugio Adriana - Malga Moline,,559428028,45.988907,11.5330661,1730,,,,,OSM,
Cabane Bella-Tola,,567341871,46.2328879,7.6143013,2346,,+41 27 4761567,https://cabanebellatola.ch/,,OSM,
Tannhütte NFS,,567918331,47.266992,9.4476311,1231,,,,,OSM,
Cabane du Plan du Jeu,,568030396,45.9024798,7.2055861,2057.0,,,,,OSM,
Gschwendt Hütte,Naturfreunde,572653560,47.8967034,15.5722027,1072,,,https://hohenbergergschwendt.naturfreunde.at/,,OSM,
Hauereckschutzhütte,Familie Lehofer,575025927,47.519049,15.6932815,1302.0,,,https://www.hauereck.at/,,OSM,
Malga Zolle di dentro,,588148437,45.8522653,11.3024539,1194.0,,,,,OSM,
Capanna Borgna,Società Escursionistica Verzaschese (SEV),599053941,46.2295352,8.9250628,1912,,,https://www.sev-verzasca.ch/borgna,27,OSM,
Wengeralm,,603472038,47.0694971,13.5618542,1767,,,,,OSM,
Doktoralm,,603472082,47.0702499,13.5676755,1715.0,,,,,OSM,
Lackenalm,,604981073,46.7128703,12.7899256,1610,,,,,OSM,
Rifugio Campomulo,,605970341,45.9393837,11.5517332,1530,,,,,OSM,
Refuge de la Leisse,,606374063,45.3969192,6.8824365,2487,refuge.leisse@vanoise-parcnational.fr,+339 72 40 03 23,https://refuge-leisse.vanoise.com/,,OSM,
Refuge de la Valette,Parc National de la Vanoise,611845738,45.3533622,6.724095,2590,refuge.valette@vanoise-parcnational.fr,,https://refuge-valette.vanoise.com/,,OSM,
Hubelhütte,,619481245,46.7473744,9.8144306,2281,,,,,OSM,
Rifugio Fedare,,627949709,46.487493,12.0340061,2000,,,https://valfiorentinadolomiti.it/en/Rifugio-Fedare-Passo-Giau/Rifugio-Fedare/,,OSM,
Tea del Plan,,632354244,46.5447887,10.1293385,2006.0,,,,,OSM,
Sonnkogel Alm,,661044755,47.3439851,12.7553518,1832.0,,,,,OSM,
Adlerhütte,,662483755,47.4621236,12.4083886,1260,,,,,OSM,
Skihütte Fleißalm,,673514679,47.0502046,12.8712414,1800.0,,+43 4824 2532,,,OSM,
Capanna Grossalp,UTOE Locarno,691039123,46.316514,8.4712184,1907,info@capannagrossalp.ch,+41 91 754 16 80,http://www.capannagrossalp.ch,26,OSM,
Malga Valcigolera,,722738557,46.2613758,11.7608256,1880,info@malgavalcigolera.it,+39 0439 026176,https://www.malgavalcigolera.it,,OSM,
Hoisnradalm,Hans Reiter,734536909,47.6914021,13.661223,969,office@hoisnradalm.at,+4369915991228,,,OSM,
Rifugio Caltena,,739660877,46.1514584,11.8596467,1265,,,,,OSM,
Marienseer Schwaig 1478 m,,747148944,47.5377073,15.9297949,1480.0,,,,,OSM,
Sattelklause,,753197970,47.0438192,10.6947318,1874,,,,,OSM,
Stalanzer Alm,,755780513,47.0152919,10.6794352,1880,,,,,OSM,
Rifugio Mello,,759975837,46.2561026,9.6589072,1100,,+39 338 5612670,,,OSM,
Rifugio Föisc,Patriziato di Altanca,765901189,46.5330218,8.6679764,2200,,,https://www.capanneti.ch,8,OSM,
Steinitzenalm,,769315324,47.5448073,13.8819051,986.0,,,https://www.salzkammergut.at/startseite/oesterreich/gastronomie/100815/steinitzenalm.html,6,OSM,
Rathlucken Hütte,,778081399,47.6527345,13.626666,746.0,,+49 6135 6293,http://www.rathlucka-huette.at/,,OSM,
Filzenalm,,801934572,47.077307,13.0052815,1784,,,,,OSM,
Agritur Malga Valmaggiore,,802567867,46.2796541,11.6484818,1622.0,,,,,OSM,
Kasseler Hütte,,803390631,46.9291053,12.1031196,2274,,+39 0474 672550,https://www.kasseler-huette.com/,,OSM,
Relax&Gourmet,,806402339,45.9244877,11.5740278,1645.0,,,,,OSM,
Federihütte,,806852750,47.1690125,9.0811966,1375,,,http://federihuette.ch/,,OSM,
Jogaushütte,,807115509,47.1297221,14.0074851,1755,,,,,OSM,
Segnespass Mountain Lodge,,810642741,46.902215,9.2246464,2627,,+41 79 7040594,http://www.segnespass.ch,,OSM,
Malga Lunga,,813247203,45.8205726,9.9812449,1235,,,,,OSM,
Stoankasern,Fam. Silvia & Ali Erler,822581994,47.14466,11.6734379,1980,,,,,OSM,
Rifugio Guido Muzio,,825250098,45.4513683,7.1860298,1667,rifugioguidomuzio@gmail.com,+39 0124 442455,http://www.rifugiomuzio.com,,OSM,
Bichlalm,,829910023,47.1188326,11.6791246,1700,,,,,OSM,
Rifugio Blitz,,831944801,46.1449454,8.5363762,1250,,,,,OSM,
Alpe Reith,,833885363,47.5661826,10.7578982,843.0,griasdi@reithalpe-schwangau.de,+49 15739353542,https://www.reithalpe-schwangau.de/,,OSM,
Stoicharthütte,,834394753,46.8708937,13.9920305,1578,stoichart-huette@utanet.at,+43 4279 7361,https://www.stoichart-huette.at,,OSM,
Poldis Jausenstation,,837805909,46.853021,13.3002863,1489,,,,,OSM,
Klinghütte,,837805915,46.8468122,13.303421,1511.0,,,,,OSM,
Hans-Wödl Hütte,,843873440,47.3608886,13.8169071,1533,,,,,OSM,
Waldhornalm,,843873464,47.3130033,13.8136858,1652.0,,+43 664 5952205,,,OSM,
Rifugio Campomuletto,,848750805,45.9487187,11.5565442,1602,,,,,OSM,
Melzerhütte,,849780915,46.7569415,13.7327488,1600,,,,,OSM,
Hochalmhütte,,849781015,46.7692141,13.7074169,1795,,,,,OSM,
Refuge Le Peuty,,849977275,46.0466343,6.9939012,1331.0,info@refugelepeuty.ch,+41 78 719 29 83,https://www.refugelepeuty.ch/,22,OSM,
Rifugio Le Randonneur,,850806762,45.7938836,6.9378276,1895,,,https://www.randonneurmb.com/,,OSM,
Baita La Mandria,,851461469,46.4457049,10.3383398,1745.0,,,,,OSM,
Ehenbichler Alm,,858377222,47.3979104,10.6957806,1690,,,https://www.ehenbichler-alm.com/,,OSM,
Refuge du Laisonnay,,870030342,45.4473423,6.7815938,1568.0,,,,,OSM,
Rettensteinhütte,,879788827,47.4466787,13.5309415,1311.0,,,,,OSM,
Rifugio San Bernardo,,885143239,46.1516533,8.1933186,1630.0,,,,,OSM,
Vorauer Schwaig,,886688657,47.5114208,15.9568641,1514.0,,,,,OSM,
Steinalmhütte,,895663517,46.8708629,13.7974615,1960.0,,,,,OSM,
Kohlröserl-Hütte (Hofalm),,898073192,47.7837957,15.5419056,1483,,,,,OSM,
Bubenreuther Hütte,,901547089,47.2925906,12.6785804,950,,+43 6549 7855,https://www.dav-bubenreuth.de/H%C3%BCtten/Neue%20Bubenreuther%20H%C3%BCtte.html,,OSM,
Obere Rossalpe,,908564979,47.4757455,10.4882247,1685,,,,,OSM,
Rifugio Valbona,,914791656,45.8708077,11.2605819,1695.0,,,,,OSM,
Kreuzboden-Hütte,,917753307,47.2298796,12.9812634,1272,,,,,OSM,
Moosalm,,918808570,47.47371,13.3013952,1640,,,,,OSM,
Lengger Alm,,921225376,47.5384461,15.1259681,1098.0,,,,,OSM,
Biberacher Hütte,DAV Sektion Biberach,925572227,47.257716,10.028680,1846,anfrage@biberacher-huette.at,+435519257,https://dav-biberach.de/biberacher-huette,70,OSM,222
Inneralp,,926803016,47.305714,9.5131916,1209,,,,,OSM,
Eichenwieser Schwamm,,926803025,47.3117896,9.5022738,1168,,,,,OSM,
Capanna Leit,SAT Mendrisio,929432254,46.4669219,8.7188172,2257,leit@satmendrisio.ch,+41 91 868 19 20,http://www.capanna-leit.ch,64,OSM,
Hochasteralm,,936300145,47.1931569,10.7249977,1756,,,https://www.pitztal.com/de/arzl-im-pitztal/info/hochaster-alm-1756-m.html,,OSM,
Cabane de la Tsissette,,936745007,45.9537591,7.1554863,2005,,,https://latsissette.ch/,,OSM,
Grabenalm Hütte,,937157802,47.8815171,15.5719726,1100,,,,,OSM,
Rifugio Bocchette,,937849146,45.8944701,11.7873773,1305.0,,,,,OSM,
Rifugio Tomeo,Patriziato di Broglio,939635834,46.366081,8.688937,1739,capannatomeo@bluewin.ch,0794852388,https://www.capannatomeo.ch/,28,OSM,435
Buchsteinhaus,,946045507,47.6050203,14.5934756,1571,,,https://buchsteinhaus.naturfreunde.at/,,OSM,
Winter Bergbuffet,,946946379,47.4214927,14.478863,1710.0,,,,,OSM,
Keinprechthütte,Alpenverein Wien,960531683,47.2746236,13.6931161,1872,,+43 664 43 303 46,https://www.xn--keinprechthtte-qsb.at/,,OSM,
Gîte des Liottards,,1000814895,44.8701616,5.4212344,981,,,,,OSM,
Refuge du Plan du Lac,,1026461883,45.3460957,6.837466,2361.0,,+33 4 79 20 50 85,https://refuge-plandulac.vanoise.com,,OSM,
Rifugio Alpe Parpinasca,Erich Rigoni,1036987133,46.1049859,8.3534708,1210,,+393488239136,http://www.rifugioparpinasca.com/,,OSM,
Haingartner Hütte,,1069150055,47.2642983,14.3910674,1659.0,,,,,OSM,
Rifugio alpino Daniele Arlaud,Elisa Pecar,1076060015,45.0586671,6.9074853,1770,info@rifugioarlaud.it,+39 335 401624,http://www.rifugioarlaud.it/,16,OSM,
Rifugio Vaccera,,1102717471,44.8758574,7.2020611,1480,,,,,OSM,
Gepatsch Alm,,1103447018,46.8962833,10.7350495,1903,,,,,OSM,
Nassereiner Alm,,1103476189,46.9305351,10.7297905,2040,,,,,OSM,
Posto Tappa GTA,,1108414247,44.583598,7.0325808,1463.0,,,,,OSM,
Miravidi,,1116937545,44.6618286,7.3315555,667.0,,,,,OSM,
,,1123122832,47.0528273,12.8822313,2095.0,,,,,OSM,
Spatzl Alm,,1123125641,47.0595642,12.8500485,2245.0,,+43 664 2132513,https://www.facebook.com/spatzlalm/,,OSM,
Refuge Évariste Chancel,,1135608646,45.0268953,6.2711641,2508,,,https://www.refuge-chancel.com/,,OSM,
Tonionhütte,Naturfreunde Gußwerk,1144448944,47.7192342,15.3720563,1423.0,,,,,OSM,
Rifugio Forcora,Paola Baratta,1151845509,46.0764936,8.7771925,1164,info@rifugioforcora.it,+39 0332 558132,http://www.vareselandoftourism.it/?dove_dormire=search&lang=it&struttura=9&PAG=rifugio-forcora--rifugi-con-alloggio-dove-dormire&o=724,8,OSM,
Heimalm,,1154378824,47.2227018,12.9756538,1480,http://www.heimalm-rauris.at,,,,OSM,
Gmoa Alm,,1189048626,47.2670861,15.226284,1238,,,,,OSM,
AV Jugendheim,,1189766694,46.8668208,12.7933915,1899,,,,,OSM,
Tanzbodenhütte,SAC Sektion Pfannenstiel,1189809806,47.2201601,9.1058501,1409.0,tanzboden@sac-pfannenstiel.ch,,https://www.sac-pfannenstiel.ch/huetten/tanzbodenhuette,,OSM,
Langesbergalm,,1208640448,47.1830909,10.6692518,1540,,,,,OSM,
Saulochalm,,1209817466,47.2582595,12.7148808,1556.0,,,https://www.saulochalm.at/,,OSM,
Chalet Cima Uomo,,1212500269,46.3849889,11.7980503,2012,,,,,OSM,
Sustlihütte SAC,SAC - CAS,1212971626,46.7517064,8.4707938,2257,info@sustlihuette.ch,+41 41 885 17 57,https://www.sustlihuette.ch/,67,OSM,525
Baita Rifugio Biancoia,famiglia Pertile,1265828635,45.8271505,11.6292622,1121.0,,,,,OSM,
Schürhütte,,1286795477,47.7435457,14.3460581,1117.0,,,,,OSM,
Rifugio Belvedere,private,1288185322,45.8449446,7.7515553,2291.0,,,,15,OSM,
Posto Tappa Arata,,1289379699,44.4512898,7.1025219,1389,,,http://www.brecdalvern.com/,,OSM,
Osteria Rifugio al Boz,,1306859684,46.0038227,12.077628,925.0,,,,,OSM,
Krottenwaldhütte,,1313054448,47.4143419,10.5483008,1140,,,,,OSM,
Stuibenhütte,,1313054687,47.4318921,10.5888611,920,,,,,OSM,
Eisenkappler Hütte / Kapelska koča,,1321748923,46.5016398,14.5102265,1555,,,,,OSM,
Baita Carlo Nembrini,,1328619899,45.8706173,9.7801565,1805.0,,,,,OSM,
Rifugio I Re Magi,,1331256236,45.0707172,6.6226318,1768,,,,,OSM,
Rifugio Terzo Alpini,Club Alpino Italiano,1331256238,45.0696267,6.6230646,1775.0,,,,34,OSM,
Bischlingalm,,1331424460,47.4548415,13.2982395,1565,,,,,OSM,
Lahnalm,,1339441796,47.6358013,14.5394042,905.0,,,,,OSM,
Capanna dei Monti di Lego,Parrocchia di Mergoscia,1341552316,46.1988368,8.8317723,1110,,,https://www.fondazioneverzasca.ch/it/46/monti_di_lego.aspx,10,OSM,
Koschutahaus / Koča pod Košuto,Naturfreunde,1342611573,46.4517585,14.3874496,1280,,,,,OSM,
Kögelehütte,,1348444866,47.3999785,10.725254,1510,,,,,OSM,
Capanna Quarnei,Società Alpinistica Bassa Blenio,1349631178,46.473108,9.0236542,2107,capanna@quarnei.ch,+41 91 870 26 40,https://quarnei.ch/,58,OSM,582
Weißalm,,1351497872,47.692696,15.379432,1431.0,,,,,OSM,
Herrenboden,,1351497873,47.7000304,15.40339,1402,,,,,OSM,
"Rifugio Forestale ""Val delle Moneghe""",,1361631209,46.1832514,11.9462178,1265,,,,,OSM,
Rifugio Marcesina,,1366655272,45.9481809,11.6118456,1312.0,,,,,OSM,
Hauderalp,,1374047635,46.7167154,9.7797189,1923.0,,,,,OSM,
Rifugio Melegnon,,1383536308,45.8780616,11.2999791,1600,,+39 0445 749449,,,OSM,
Brunnialp,Skiclub Leissigen,1384171668,46.6257797,7.7817908,1641.0,,,https://www.scleissigen.ch/,,OSM,
Stock,,1386596356,46.4643652,7.6559866,1832,,,,,OSM,
Winteregghütte,SAC,1386596359,46.460438,7.649975,1897,winteregg@sac-biel.ch,+41 79 915 19 16,https://www.sac-biel.ch/huetten/winteregg.php,30,OSM,263
San Bernardo di Mares,Comune di Canischio,1388585135,45.3891839,7.5572578,1546,canischio@ruparpiemonte.it,+39 0124 659998,http://www.caicvl.eu/rifugio_mares.htm,,OSM,
Malga Budui,,1393973101,45.9429644,12.04835,1218,,+39 389 1046245,,,OSM,
Wolitzen Alm,,1401212410,46.8892257,13.7716807,1777,,,https://www.nockalmstrasse.at/de/die-nockalmstrasse/gastronomie-uebernachtung?page=2#gastro-3,,OSM,
Schutzhütte Hochalm - Rifugio Hochalm,Fam. Gufler,1406215598,46.8457517,11.1901567,2174,,,https://www.hochalm-schutzhuette.com/,,OSM,
Rifugio Pier Giorgio Frassati,,1407251340,45.8410742,7.096778,2560,,+39 331 94 38 054,http://www.rifugiofrassati.it/de/,,OSM,
Ochsenberg-Alm,,1407686251,46.9832325,10.4737807,2021,,,,,OSM,
Berggasthaus Tschingelhorn,,1408362656,46.523176,7.8933302,1678,,+41338551343,https://tschingelhorn.ch/,,OSM,
Malga Kraun,,1411029986,46.2513352,11.1412315,1222,,,,,OSM,
Ristoro La Ciasela,,1411935556,46.4229359,12.0513184,2050,,,,,OSM,
,,1414937192,46.0565425,8.6840634,248.0,,,,,OSM,
Duisitzkarseehütte,,1419889047,47.3001443,13.6918487,1660,,,https://www.duisitzkar.at/,,OSM,
Klausner Hütte - Rifugio Chiusa al Campaccio,CAI Sezione di Bolzano; Familie Obrist,1424260978,46.6999003,11.5212659,1920,klausnerhuette@gmail.com,+39 320 707 8058,https://www.klausnerhuette.it,,OSM,
Capanna Adula UTOE,Unione ticinesi operai escursionisti sezione di Bellinzona,1431293779,46.4953103,9.0076299,2393,adula@utoe.ch,+41 77 459 96 11,https://www.adula-utoe.ch/,54,OSM,42
Rifugio Carestia,Club Alpino Italiano Sezione di Varallo Sesia,1437227056,45.8033143,7.895912,2201,,,,30,OSM,
Refuge de Longon,,1438724461,44.1392873,7.046709,1883,,+33 4 93 02 83 99,,35,OSM,
Capanna Mognone,Patriziato di Sementina,1444317646,46.1963953,8.9507598,1463,,,https://www.patriziato-sementina.ch/,12,OSM,
Capanna Orino,Patriziato di Gudo,1444373827,46.1969831,8.9325464,1395,,,https://www.capanneti.ch/de/huetten/orino,12,OSM,
Capanna Albagno,UTOE sezione Bellinzona,1444601155,46.2224779,8.9564198,1870,info@capanneti.ch,+41 79 274 22 50,http://www.utoe.ch,28,OSM,
Alp di Fora,,1455771718,46.297043,9.1392059,1844,,+41 91 828 14 67,https://sentiero-calanca.ch/hutten-am-weg/#RifugioAlpDiFora,16,OSM,
Wildstrubelhütte SAC,SAC,1456288909,46.3830189,7.4676662,2793,info@wildstrubelhuette.ch,+41 33 744 33 39,https://www.wildstrubelhuette.ch/,68,OSM,65
Kinhütte,"Gebrüder Imboden, Täsch",1458720984,46.0885274,7.8070923,2584,,,,,OSM,
Scheiben Alm,,1496710565,46.9239776,10.1756739,1850,,,https://scheiben-alm.edan.io/,,OSM,
Rifugio Barma,,1502683557,45.6442657,7.929725,2060,,,https://www.rifugiobarma.it/,,OSM,
Kranzhorn Schutzhütte,,1507068518,47.7010697,12.1879436,1230,,+43 5373 8137,https://www.kranzhorn.at/,,OSM,
Kala Alm,,1522699773,47.5670454,12.0913205,1360,,,,30,OSM,
Hohberg,,1523330872,46.6757824,7.3357455,1465.0,,,,,OSM,
Hochsteinhütte,,1537321603,46.8215036,12.7002109,2025,,,,,OSM,
Alp Suvretta,,1541332254,46.491475,9.7944505,2221.0,,,,,OSM,
Alp Giop,,1541334427,46.4960654,9.820307,2190.0,,,,,OSM,
Alp Nova,,1541345785,46.5047785,9.8289577,2230.0,,,,,OSM,
Refuge des Clots,,1542784590,45.043598,6.1828807,1530.0,,,,,OSM,
Gite de l'Alpe du Grand Serre,,1542788831,45.0308555,5.8569368,1418.0,,,,,OSM,
Refuge du Lac Blanc,,1542801541,45.3188183,6.817454,2307.0,,,https://www.refugedulacblanc-vanoise.com/,,OSM,
Refuge du Bois,,1542875582,45.4595486,6.7443977,1472.0,refuge.lebois@vanoise-parcnational.fr,+33 4 79 55 05 79,https://refuge-dubois.vanoise.com/,,OSM,
Mariandlalm,,1559102082,47.6135436,12.0384223,1250,,,,,OSM,
Sudetendeutsche Hütte,,1567490026,47.049352,12.576295,2656,,+43720347802,https://www.sudetendeutschehuette.com/,47,OSM,190
Pra Cornet,,1576617817,46.4044007,7.1323733,1646,,,,,OSM,
Rifugio Dondena,Soc. Dondena s.r.l.,1603857953,45.6120757,7.5515031,2186,,,,,OSM,
Klammalm,,1607527933,47.1510754,11.5961086,1947,,,,,OSM,
Lattenalm,,1620496977,47.1644733,11.7241766,1680,,,https://m.christler-tux.at/de/lattenalm/,,OSM,
Hochlandhütte,DAV Sektion Hochland,1621410739,47.4497413,11.3187322,1630,,+49 174 9897863,https://www.hochlandhuette.de/,,OSM,725
Breitlehnalm,,1632744583,47.0408861,10.9444301,1874,,,,,OSM,
Jausenstation Trojer Alm,,1634923290,46.9436576,12.3253445,1810,,,,,OSM,
Volkzeiner Hütte,,1635114705,46.8691446,12.4389208,1884,,+43 4843 20031,https://www.volkzeinerhütte.at,,OSM,
Sattelbergalm,,1636573842,47.0203869,11.4932708,1633,,+43527487717,https://www.sattelbergalm.at,,OSM,
Ristoro Malga Magnolta,,1639990357,46.129624,10.1461311,1935.0,,,,,OSM,
Alpengasthof Sonnenstein,Fam. Gleinser,1641317945,47.1454917,11.3794187,1400,info@pinnistor.at,+43 664 12 645,https://www.alpengasthof-sonnenstein.at,,OSM,
Gerichtsherrenalm,,1642945247,47.0676526,11.4317177,1680,,,,,OSM,
Nösslachhütte,,1648619778,47.0499356,11.464588,1600,,,,,OSM,
Alp Natons,,1652116747,46.4928284,9.652005,1963,,,,,OSM,
Rifugio Vittorio Sella,CAI Biella,1666029174,45.5801976,7.303272,2588,,,http://www.rifugiosella.com/,150,OSM,
Dahu de Sabarnui,,1686383768,44.2609888,7.0441968,1698.0,info@rifugiodahuds.com,+39 0171 183 6457,http://rifugiodahu.com/,21,OSM,
Kelchalm Bochumer Hütte,DAV Sektion Bochum,1692552899,47.3865515,12.464668,1420,,,,,OSM,
Lindtalalm,,1693267583,47.5167232,12.5549569,1090,,,"https://www.bergfex.at/sommer/tirol/touren/wanderung/4379,lindtalalm-winterstelleralm/",,OSM,
Posa Puner,,1696840537,45.9526196,12.0552411,1334,,+3904381910011,https://www.rifugioposapuner.it/,,OSM,
Cabane de Renardière,,1700149650,45.2826131,5.5980562,962.0,,,,,OSM,
Skihütte Compedal,,1726564778,46.7985228,12.6136299,1920,,,,,OSM,
Hohfläsch-Hütte,,1749539210,47.0818023,8.9397199,1383.0,,+41 79 552 37 63,,,OSM,
Rifugio Salvin,,1781762453,45.3491435,7.4324882,1580,rifugiosalvin@gmail.com,+39012327205;+393355481419,https://www.rifugiosalvin.it/,,OSM,
Königsalm,,1785972339,47.7112976,15.434704,1424.0,,,,,OSM,
Dürrieglalm,,1785972343,47.7116525,15.4208522,1353.0,,,,,OSM,
Rifugio Alpetto di Caviano,Patriziato di Caviano,1791356848,46.0993749,8.7885014,1255,,,,10,OSM,
Stangalm,,1809101111,46.9201126,13.7841601,1690,,,,,OSM,
Tangernerhütte,,1809101112,46.9204998,13.7790678,1715,,,,,OSM,
Bortelhütten,Skiklub Brig-Simplon,1818068910,46.2938617,8.0933482,2113,mail@bortelhuette.ch,+41 27 924 52 10,https://www.bortelhuette.ch/,40,OSM,
Gainschniggalm,,1818302634,47.0736195,12.9931574,1750,,,,,OSM,
Hostel Quartier Libre,Quartier Libre,1833075359,44.9766104,5.3333859,1009.0,contact@hostelquartierlibre.fr,+33 4 75 48 26 36,https://www.hostelquartierlibre.fr/,,OSM,
Pfarrachalm,,1836518335,47.1763487,11.335837,1740,,,,,OSM,
Malga Vael,,1836979545,46.4245333,11.6366551,2028,,,,,OSM,
Sinnlehen Alm,,1839842096,47.4316349,12.7733889,917.0,,+43 664 5278927,http://www.sinnlehen.at/sinnlehenalm,,OSM,
Knappenstube,,1839849831,47.4252802,12.6796692,1027.0,,,,,OSM,
Rifugio di Viviere,,1844329399,44.4358363,6.9859588,1695.0,,,http://www.rifugiodiviviere.com,,OSM,
Rifugio Verenetta,,1864723891,45.9179767,11.4042741,1665,,+39 0424 463798,,,OSM,
Tristenhaus,,1865613709,46.7719128,13.1204252,1740.0,,,,,OSM,
Rifugio Madonna della Neve,,1870156385,45.6766422,7.9612252,1480,,+39 015 6097000,,,OSM,
Rossalmhütte,,1871503422,46.7868329,13.8166929,1915,,,,,OSM,
Unteralm,Privat,1873005261,46.7906488,13.0198675,1846.0,,,,,OSM,
Rifugio Serafin,,1891307142,44.9896208,7.1077877,1504.0,,,,,OSM,
Refuge de la Monta,,1894564426,44.7664395,6.9837659,1675.0,gite-de-la-monta@orange.fr,+33 492201637,https://www.refuge-queyras-la-monta.com/,,OSM,
Alpe Rossa,,1911631399,46.1055452,9.3915343,1117.0,,,,,OSM,
Le Pas de l'Ane,,1920072983,45.0308238,6.3626003,1667.0,,,,,OSM,
Zandlacher Hütte,,1927243833,46.9183907,13.3142933,1546.0,,+43 650 9779816,https://www.facebook.com/people/Zandlacher-H%C3%BCtte/100070427610308/,,OSM,
Dortoir Crest,,1930399855,45.5995212,7.6841897,1154.0,,,,9,OSM,
Platzeralm,,1932329012,46.9685913,10.6459729,2180,,,,,OSM,
,,1943456368,47.0109404,10.6993917,2260,,,,,OSM,
Rifugio Al Santuario,,1968555164,46.4801476,13.5226601,1744.0,,,,,OSM,
Rifugio Gias Morteis,,1968790913,44.2708419,7.6290973,1457.0,,,,,OSM,
Feyersaga,,2028391169,46.7054221,7.2246239,1035,,,,,OSM,
Rifugio Massimo Mila,,2063187252,45.4405183,7.2109609,1578.0,,,,,OSM,
Rifugio Casa di Caccia del Gran Piano,,2066354859,45.4723835,7.2888461,2222,,,,,OSM,
Glatzl Trahütten,,2085795791,47.4840675,15.9630702,1258.0,,,,,OSM,
Malga Monte Garda,,2088697960,45.9752912,12.015977,1309.0,,,,,OSM,
B&B Alpe Sattal,Giuseppe,2098015376,45.8566277,7.9524386,2093,,,http://www.alpesattal.com/,,OSM,
Abri forestier du Suffet,,2107414612,45.2976644,6.8264281,1669.0,,,,,OSM,
Rifugio Barba Ferrero,Club Alpino Italiano Sezione di Vercelli,2119277094,45.9027951,7.909977,2247,,+39 0163 91919,http://www.rifugimonterosa.it/it/web/rifugio-barba-ferrero-13,26,OSM,
Polltalalm,,2150565802,47.0327018,10.9490318,1840,,,,,OSM,
Rifugio Monte Lussari,,2178528746,46.4801239,13.5227813,1744.0,,,,,OSM,
Rifugio Santino Ferioli,Club Alpino Italiano - Sezione di Olgiate Olona,2187349647,45.8774776,7.9589054,2264,,,,24,OSM,
Rifugio Alpe Campo Superiore,Club Alpino Italiano Sottosezione di Alagna,2187413315,45.8609198,7.9541732,1923,,,,,OSM,
Rifugio Zar Senni,,2188674694,45.8448057,7.9212326,1664,,,,16,OSM,
Malga Campobon,,2189969595,46.6451008,12.6025354,1955.0,,,,,OSM,
Rifugio Valle Vogna,,2191000650,45.8147129,7.9307556,1380,,,,,OSM,
Ospizio Sottile,,2192973329,45.7884738,7.8659305,2491,,,https://www.rifugioospiziosottile.com/,,OSM,
Rifugio Città di Mortara - Grande Halte,Club Alpino Italiano Sezione di Mortara,2196135325,45.8639164,7.9094408,1945,,,,25,OSM,
Rifugio Meggiana,,2223044607,45.7491258,8.0417386,1560,,,,,OSM,
,,2237960568,46.5191645,10.3223837,1955.0,,,,,OSM,
Kraljev hrib,,2244756035,46.3051881,14.6112235,600.0,,,,,OSM,
Gîte de Saint-Disdier,,2263078847,44.7354788,5.8954828,1030,gites-st-disdier@wanadoo.fr,+33 4 92 58 84 84,https://www.gite-devoluy.com/,24,OSM,
Rifugio La Baita,private,2270368210,45.8539545,8.1066054,1413.0,,,,,OSM,
Capanna di Cava,UTOE Torrone d'Orza,2323746001,46.3575123,9.0303116,2066,,+41 91 870 14 44,https://www.utoe-biasca.ch/capanna-cava,50,OSM,
Hiaslalm,,2325711984,46.8679048,13.985522,1676,zirbenhuette@a1.net,+43 664 4032556,www.biohiasl.at,,OSM,
Wugganighütte,,2325719711,46.8575221,13.9684357,1577.0,,,,,OSM,
Ploneralm,,2327488827,46.6969324,13.0403069,1625,,,,,OSM,
Berghotel Obersteinberg,,2344504403,46.5181558,7.88549,1778,,,,,OSM,
Berggasthaus Aescher-Wildkirchli,,2349506772,47.2833952,9.4144537,1454,,,,,OSM,
Rifugio l'Arbergh,,2355924816,44.1961701,7.497696,1395.0,,+39 340 6973954,https://www.rifugiolarbergh.it/,,OSM,
Rotwand-Alm,,2368392910,47.3086047,12.2010209,1600,,,,,OSM,
Rifugio Orto Botanico Monte Baldo,,2374776535,45.6991116,10.8586582,1239.0,info@ortobotanicomontebaldo.org,+39 045 6247288,http://www.ortobotanicomontebaldo.org/,,OSM,
Hölleralm,,2378274100,47.4623061,14.4458608,1448.0,,,,,OSM,
Schutzhaus Bockerhütte,Edmund Schnitzer,2380644326,46.7264094,11.1195251,1700,,,https://www.bockerhuette.com/,25,OSM,
La cabane du lac,,2381632010,44.4017594,6.409011,1995.0,,,,,OSM,
Zupalseehütte,Familie Tschoner,2382631604,46.9575689,12.4367165,2350,tschoner@aon.at,+43 4874 5227,http://www.alm-ferienhaus.com/zupalseehuette/,,OSM,
Rifugio Branchino,A.R.D.E.S.,2384801651,45.951332,9.8041043,1796,,+39 334 1178129,http://rifugiobranchino.blogspot.it/,,OSM,
Alp Schrina,,2392556626,47.1411648,9.2614107,1285,,+41 81 735 24 37,https://alp-schrina.ch/,,OSM,
Refuge d’ Airoz (Refuge d’ Aïroz),,2400526754,46.2663815,7.2746129,1982.0,,,http://www.alpe-airoz.com,,OSM,
Refuge du Pré Verel,,2401371906,45.8241377,6.2622949,1247.0,,,,,OSM,
Rifugio Alpe Ponte,,2411897311,46.2799725,9.8702296,1545.0,,+39 339 28 50 220,http://www.rifugioalpeponte.it,,OSM,
Rifugio Alpe Colma,Club Alpino Italiano Sezione di Villadossola,2414426628,46.0342128,8.1932678,1570,,,,,OSM,
Berghaus Aschenbrenner,Alois Taxauer,2415975822,47.5742617,12.1963548,1135,info@berghaus-aschenbrenner.com,+43 5372 62220,http://www.berghaus-aschenbrenner.com/,,OSM,
Weinbergerhaus,,2415975826,47.5778028,12.2095745,1272,mail@weinbergerhaus.at,+43 5372 65148,http://www.weinbergerhaus.at/,,OSM,
"Alpengasthof ""Alter Pocher""",,2429255620,47.0454065,12.9045724,1807,,,http://www.alterpocher.at,,OSM,
Walderhütte,privat,2432652089,46.7765495,13.8338544,1960,info@walderhuette.at,+43 4247 30510,https://www.walderhuette.at/,,OSM,
Trangonihütte,TVN,2432690397,46.770352,13.8125627,1667,,,,40,OSM,
Scheibelalm,Familie Rössel,2432850115,47.4395909,14.4349588,1689.0,,,,,OSM,
Koča na planini Stador,Srna s.p.,2442878240,46.1898933,13.7821334,1050,koca.stador@hotmail.com,+386 31 411 373,https://planinske-koce.si/koca_na_planini_stador,,OSM,
Winklerhütte,,2447536598,46.8441514,13.7362028,1651.0,,,,,OSM,
Veidlhütte,,2447543431,46.8508989,13.7280507,1442.0,,,,,OSM,
Bonner Hütte - Rifugio Bonner,,2449738726,46.7784387,12.2748049,2340,,+39 340 9428264,http://www.bonnerhuette.it/,,OSM,
Posto Tappa,Santuario di Sant'Anna,2455869020,44.231347,7.1058022,2040.0,,,,,OSM,
,,2465871076,45.6216758,10.2853117,1093,,,,,OSM,
Capanna Ribia,Patriziato generale d'Onsernone;Patiziato generale d'Onsernone,2470070886,46.251334,8.5416035,1996,,,https://se-im.ch/capanna-ribia/,12,OSM,
Ancolie bleue,,2476248954,44.797914,6.928496,1584.0,,+33 4 92 20 54 42,http://ancolie-bleue-queyras.com,,OSM,
Walzkogelhütte,,2495609781,47.2065231,15.131901,1258.0,,,,,OSM,
Refuge de Gittamelon,,2523993174,45.3511515,6.4681947,1672,marcjayy@hotmail.fr,+33 6 76 43 28 12,https://www.refuge-gittamelon.com/le-refuge,,OSM,
Wölflbauerhütte,,2537772970,46.9683971,13.546556,1700,,,,,OSM,
L'Aulp de Marlens,GAEC Le Vent des Cimes,2598871592,45.8045315,6.3991236,1657,,+33 4 50 64 19 35,,,OSM,
Capanna Alpe Saléi,Patriziato di Comologno,2602026874,46.220962,8.5623141,1777,,+41 91 797 20 32,https://www.alpesalei.ch/,30,OSM,
Sebenalpe,,2661066008,47.5240319,10.5808832,1640,,,,,OSM,
Schutzhütte Schneeberg - Rifugio Monteneve,Fam. Alexander Gasser,2755885861,46.8990172,11.1814468,2355,,,https://www.schneeberg.org/,68,OSM,
Stettiner Hütte - Rifugio Petrarca,Familie Fontana,2755886030,46.7571263,11.0287963,2875,,,https://www.stettinerhuette.com/,60,OSM,
Hochfeilerhütte,,2755910091,46.962,11.7085,2715,info@hochfeilerhuette.it,+39 329 1318270,http://www.hochfeilerhütte.com,88,OSM,257
Schutzhaus Hochgang - Rifugio Casa del Valico,Familie Wolf Erlacher,2803780686,46.7129177,11.0857084,1839,,,,50,OSM,
La Peule,,2820208447,45.8986155,7.1125852,2071,coppey.lapeule@dransnet.ch,,,,OSM,
Taschlerhütte,,2870159370,47.2104956,15.2122017,1055.0,,,,,OSM,
Rifugio Alpe Campo,,2898974105,45.859349,8.0689996,1550,,,,,OSM,
Rifugio Solivo,,2911368579,45.8430445,8.1119259,1050,,,,,OSM,
"Rifugio ""Amici della Montagna""",,2912823327,46.2032267,9.9841188,1789.0,,,,,OSM,
Rifugio il dosso,,2928051446,46.1575315,8.1840961,1744.0,,,https://www.facebook.com/rifugioildosso,,OSM,
Bärghus Gastlosen,,2936739108,46.5955682,7.2837098,1555.0,,+41 76 358 60 07,http://www.brghs.ch/,,OSM,
La Flégère,,2940263651,45.9599953,6.8872948,1896.0,,,https://www.refuge-de-la-flegere.com/,,OSM,
Capanna Soveltra,SAV Bignasco,2949459124,46.4060743,8.7109309,1534,info@sav-vallemaggia.ch,,https://www.sav-vallemaggia.ch/,28,OSM,
Rifugio Pian della Ballotta,,2949839549,45.4600925,7.1159308,2470,,,,,OSM,
Hohlriederalm,,2952466275,47.407132,12.0085877,1300,,,,,OSM,
Refuge des Fonts de Cervières,,2953142890,44.8447228,6.8159158,2040,,+33 4 92 21 32 82,http://www.alpes-guide.com/sources/services/detail.asp?cle=19667,62,OSM,
Gîte d'Étape Les Astragales,,2953189023,44.7609611,6.8223218,1390,contact@gitelesastragales.fr,+33 4 92 46 70 82,http://www.gitelesastragales.fr,,OSM,
Rifugio Bresciadega,,2958580663,46.2626999,9.5100424,1214,,+39 0343 44499,http://www.rifugiobresciadega.it/csm/,,OSM,
Majerca,PD Jeglič,2960199274,46.2874585,13.7631282,1500,,,https://www.pzs.si/drustva.php?pid=77,,OSM,
Maierhofalm,,2987728768,47.0816192,13.5160991,1808,,,,,OSM,
Sonnige Rieserhütte,,2989698725,46.7862071,13.7867016,1570.0,,,,,OSM,
Enzianhütte,,2996090213,46.6513856,12.961463,1500.0,,,,,OSM,
Mittlenberghütte,,3012482981,46.3855303,8.2778547,2395,info@mittlenberg.ch,+41 27 971 45 48,https://mittlenberghuette.ch/,18,OSM,
,,3014519633,46.1108292,9.502117,1485.0,,,,,OSM,
Plan de l'Au,,3021885871,46.0501029,7.0793438,1296.0,,,,,OSM,
Gletscherblickalm,,3038776470,47.22796,12.1232821,1818.0,,,http://www.gletscherblickalm.at/,,OSM,
Frido-Kordon-Hütte,OeAV Sektion Gmünd,3063751728,46.9612184,13.5417704,1649,,,,,OSM,
Rifugio Fiorasca,Società Alpinistica Valmaggese,3066945123,46.37953,8.6033536,2086,,,,,OSM,
Capanna Piano delle Creste,Società Alpinistica Valmaggese,3066966225,46.3910545,8.4871572,2108,,+41 91 755 14 14,https://www.sav-vallemaggia.ch/,36,OSM,
Refuge du Plan,,3073427053,45.3573832,6.5941864,1754.0,,+33689238568,http://refugeduplanmeribel.com,,OSM,
Pendlinghaus,,3075534776,47.572864,12.1121261,1537,,,,70,OSM,
Rifugio Val Formica,,3089354008,45.9729474,11.4056711,1649.0,,,,,OSM,
Rifugio Predaia «ai Todes ci»,Todeschi S.r.l.,3096744951,46.3149489,11.1523097,1400,,,,16,OSM,
Malga Bassa di Presson,ASUC di Presson,3138146062,46.2854337,10.8678652,1318.0,asuc@comune.monclassico.tn.it,+39 0463 974183,http://www.comune.monclassico.tn.it/page.php?c=24,,OSM,
Malga Alta di Presson,ASUC di Presson,3138470379,46.2810552,10.8571771,1609.0,,,,,OSM,
Rifugio Cecchin,,3138556333,45.995893,11.5228775,1900,,,,,OSM,
Rifugio Malga Ronchetto,,3212577945,45.9406384,11.6157107,1330,,+39 0424 1945393,,,OSM,
Rifugio Migon,,3219474427,46.4521983,11.9637573,1660,,,,,OSM,
Agriturismo Malga Laste,,3219514665,46.4588041,11.9465314,1868,,,,,OSM,
Rifugio Ronchi,,3255209197,46.0981534,9.5727313,1207,ronchi.rifugio.bema@gmail.com,,,,OSM,
Capanna Alpe Arena,Patriziato di Onsernone,3264446971,46.2325154,8.5146727,1689,patriziato.onsernone@bluewin.ch,+42 0796212112,http://www.capanna-arena.ch,30,OSM,
Rifugio Alpe Repiano,,3283030825,46.3156322,8.925821,1293,,,,,OSM,
Rifugio Federico Chabod,private,3290454779,45.5402746,7.2389001,2710,,,https://www.rifugiochabod.com/,85,OSM,
Capanna Biaena,SAT Val di Gresta,3317504695,45.8839736,10.9698623,1580,,,,,OSM,
Trauneralm,,3333016626,47.1229005,12.7965147,1522,,,,,OSM,
Gruebenhütte,AAC Basel,3335142697,46.60589,8.259318,2512,michel.silbernagel@bluewin.ch,+41763920949,http://www.gruebenhuette.ch/,16,OSM,312
Klamerhütte Sennerei,,3381662522,46.7809972,13.7949702,1528.0,,,,,OSM,
Rifugio Alpini di Lozzolo,,3403761718,45.6415526,8.3326766,523.0,,,,,OSM,
Capanna Cadlimo CAS,CAS Uto Zurigo,3405824488,46.571636,8.6952501,2570,info@cadlimohuette.ch,+41 91 869 18 33,https://www.cadlimohuette.ch,76,OSM,34
Capanna Garzonera,SAT Ritom,3405828416,46.4989817,8.6613904,1973,garzonera@gmail.com,,https://www.satritom.ch/capanne-sat-ritom/,20,OSM,
Capanna Gorda,Società Nido d'Aquila,3405915010,46.4980084,8.9109304,1800,info.capannagorda@gmail.com,+41 79 504 38 46,https://www.capannagorda-sanda.ch,28,OSM,
Capanna Alpe di Nimi,Pietro Zanoli,3405937126,46.2522284,8.7674816,1718,,,https://www.ticino.ch/de/alpineHuts/details/Bergh%C3%BCtte-Nimi/13397.html,15,OSM,
Nucleo di Odro,,3406720210,46.2285832,8.8790146,1240,,+41 79 746 1900,https://www.odro.ch/,,OSM,
Capanna Piansecco,CAS Bellinzona e valli,3406734808,46.4944255,8.4714617,1988,info@capannapiansecco.ch,+41 91 869 12 14,https://www.capannapiansecco.ch/,46,OSM,
Capanna Tremorgio,Azienda elettrica ticinese,3406761911,46.4816609,8.7248928,1850,,,http://www.capannatremorgio.ch,47,OSM,
Skihaus Hochwang,,3434849771,46.8544397,9.6652302,1958,,,,,OSM,
Kleinschupfer,,3438677247,47.1762425,15.2331345,859.0,,,,,OSM,
Mühlbacherhütte,,3439240816,47.1750389,15.2544838,996,,,,,OSM,
Turrahus,,3440988038,46.6246605,9.2759648,1694,,,https://www.turrahus.ch/,,OSM,
Schutzhütte Oberkaseralm,Fam. Kathrin und Stephan Burger,3464723255,46.7334954,11.0990369,2131,,+39 0473 420452,https://www.oberkaseralm.it,30,OSM,
Les Grandes Roches,SCIC TETRIS,3554940362,43.8095978,6.8787024,1140,contact@scic-tetris.org,+33 4 93 77 51 93,,,OSM,
Rifugio Nigritella,,3581171594,46.1096199,8.4842751,1491,,+39 032492456,,,OSM,
Bockstaller Hütte (zum Holter Fritz),,3610743864,47.2038352,15.17354,1084.0,,,,,OSM,
Le Toët,,3621497238,45.2440063,6.9401816,2045.0,,,,,OSM,
Alp Oberwirtneren,,3667542231,46.7194474,7.4710286,1508.0,,,,,OSM,
Rifugio Orti,,3683404313,46.2901586,10.813209,1872.0,,,,,OSM,
Greimhütte,Anna Wolf,3740357364,47.2322309,14.1738654,1655.0,greimhuette@gmail.com,+43 676 3514844,https://www.greimhuette.at/,,OSM,
Baita del Sole,,3752498091,46.1900281,10.054103,1736.0,,,,,OSM,
Alp Wisliboda,,3769757074,47.1252284,9.4475301,1337,,,,,OSM,
Schihus Wisliboda,,3769757075,47.1243233,9.4476517,1344.0,,,,,OSM,
Pfitscher-Joch-Haus,Familie Leopold Volgger,3788655513,46.9922129,11.6576886,2276,office@pfitscherjochhaus.com,+39 0472 630119,https://www.pfitscherjochhaus.com/,,OSM,
Capanna La Ginestra,Amici della Natura Sezione Lugano,3790106794,46.0867228,8.9819461,985,,,https://www.amicidellanatura-lugano.ch/capanna.html,28,OSM,
Rifugio Alpenrose,Trimarchi Antonio,3826501857,45.9076719,8.050603,1288.0,rifugioalpenrose.gta@gmail.com,,,,OSM,
Rifugio Alpini,Alpini Perosa Argentina,3984530966,45.0053293,7.1918883,2070,,,,,OSM,
Cabane des Monts-Chevreuils,,4005499289,46.4374912,7.0860631,1636.0,,+41774799086,http://www.monts-chevreuils.ch/cabane.html,30,OSM,
Rifugio Magià,private,4131425462,45.8404087,7.5078975,2007,,,,60,OSM,
Capanna Genzianella,Amici della natura Sezione di Bellinzona,4149670483,46.1790896,9.0622676,1391.0,,,https://www.amicidellanatura-lugano.ch/,,OSM,
Capanna La Piana,Scout Mendrisio,4171185142,45.8866772,8.9884589,725.0,,,https://www.scoutmomo.ch/,,OSM,
,,4185378200,47.4027427,14.9152067,803.0,,,,,OSM,
Buvette de Mayse,,4213638329,45.9786248,6.4214244,1483.0,,,,19,OSM,
Sepp Huber Hütte,Österreichischer Alpenverein,4225407626,47.8103344,13.9859921,1506,,,,,OSM,
Sunnseithütte,,4314551310,47.4504147,12.1775693,890.0,,,http://www.sunnseit.com/,,OSM,
Capanna Righetti Fibbioli,,4316137023,46.2579895,9.2236734,1289.0,,,http://www.valcama.ch/unterkunft_it.html,,OSM,
Schrabachalm,Birgit und Johann Ilsinger,4328123206,47.4118356,14.1789346,1327.0,schrabachalm@aon.at,+436643889150,https://www.schrabachalm.at/,,OSM,
Rifugio Malga Malera,,4336780532,45.6777932,11.0956502,1561,info@malgamalera.it,+39 3421714873,https://www.malgamalera.it/,,OSM,
Dom na Dobrovljah,,4347159087,46.3009,14.9965,745,,,,,OSM,
Dom pod Reško planino,,4347161192,46.2063192,15.0639608,664,,,,,OSM,
Planinski dom pod Ježo,,4347161233,46.1634,13.6692,740,,,,,OSM,
Miravalle,,4352696989,46.6099111,12.6110573,1337.0,,,,,OSM,
Rifugio Doss dei Cembri / Doss dei Gembri,,4393058908,46.3806888,10.6596574,2316,info@dossdeigembri.it,+39 0463 753227,,,OSM,
Zunigalm,,4397709992,46.9730428,12.5189571,1848,zunigalm@tele2.at,+43 664 9059063,https://www.hinterbichl.at/lodges/zunigalm.php,,OSM,
Cabane d'Arpitettaz,SAC CAS,4399549524,46.1008928,7.6793553,2786,cabane@arpitettaz.ch,+41 27 475 40 28,https://www.arpitettaz.ch/,32,OSM,511
Cabane de Moiry,SAC - CAS,4399562394,46.0906851,7.5954924,2825,moiry@cas-montreux.ch,+41 27 475 45 34,https://cabane-moiry.ch/,96,OSM,
Cabane de la Tsa,,4399832720,46.0303483,7.5038158,2607,cabtza@gmail.com,+41 76 261 11 48,https://www.cabtza.com/,32,OSM,
Refuge de Chalin,SAC - CAS,4411036267,46.1792227,6.9472064,2595,,+41 24 466 31 24,https://www.cas-chaussy.ch/,8,OSM,
Cabane d'Anthème,Fernand Jordan,4411039606,46.1657706,6.9042907,2037,,+41 79 473 71 40,https://antheme.ch/,35,OSM,
Cabane de Susanfe,,4411041258,46.1394272,6.8980975,2110,info@susanfe.ch,+41 24 479 16 46,https://susanfe.ch/,71,OSM,
Refuge de Bonavau,,4411068612,46.1508083,6.8662398,1550,refuge.bonavau@gmail.com,+41 78 823 33 98,https://www.facebook.com/Refuge.Bonavau/,,OSM,
Cabanne de Plan Névé,,4413810221,46.2519801,7.1443685,2262,info@cabane-plan-neve.ch,+41 24 498 22 11,http://www.cabane-plan-neve.ch,35,OSM,
Jagdhütte Zeiritz 1599m,,4420347989,47.482911,14.7126729,1616.0,,,,,OSM,
Rifugio Monte Tomba,,4517139585,45.6921617,11.0570755,1766,rifugiomontetomba@gmail.com,+393470707021,,,OSM,
Posto Tappa GTA,,4560435077,44.3499814,7.0175514,1310.0,,,,,OSM,
Hubelhuus Beatenberg,Drudel 11 - Erlebnispädagogik und Umweltbildung,4578044692,46.7040852,7.8217329,1354.0,,,https://www.hubelhuus.ch/,,OSM,
,,4605073361,45.7530259,8.1599611,1194.0,,,,,OSM,
Villacher Hütte,"Österreichischer Alpenverein, Sektion Villach",4659946341,47.0180714,13.3696879,2194,,,,,OSM,
Rifugio Genziana,,4662974347,45.8799748,8.449626,1430.0,,,,,OSM,
Ederhütte,,4687022700,47.3271074,12.7303599,1783.0,,,,,OSM,
Rifugio Alpe di Confiénn,Patriziato di Preonzo,4718111217,46.2465541,8.9405709,1433.0,,,https://www.patriziatopreonzo.ch/capanne.html,,OSM,
Rifugio Alpe di Cusale,Patriziato di Preonzo,4718168454,46.2359996,8.9532128,1630.0,,,https://patriziatopreonzo.ch/rifugi/,,OSM,
Zwickauer Hütte - Rifugio Plan,Heinz Leitner,4778542622,46.8018068,11.0550354,2989,,,https://13h.de/zwickauer/,60,OSM,
Teplitzerhütte - Rifugio Vedretta Pendente,,4809608699,46.9554668,11.2274585,2586,,+39 338 1358371,,,OSM,
Grohmannhütte - Rifugio Vedretta Piana,,4809620765,46.9517195,11.2314965,2254,,,,,OSM,
,,4845727222,46.7342851,8.0249344,668.0,,,,,OSM,
Almgasthof Möslalm,,4853837636,47.4769133,12.0900276,960,,+436648906000,,,OSM,
Kobenkogelhütte,,4855927662,47.598247,15.3213923,1559.0,,,,,OSM,
Streuböden,,4858362723,47.4569217,12.540215,1200,,,,,OSM,
Rifugio Gruppo Stella Cometa,,4876363153,45.7072951,11.2915069,802.0,,,,,OSM,
Curzútt,,4903323422,46.1943921,8.9930572,644.0,curzutt@gastrosos.ch,+41 91 835 57 23,https://www.curzutt.ch/,,OSM,
Schutzhütte Nasereit - Rifugio Nasereit,Familie Gerstgrasser,4914012317,46.7026971,11.038429,1523,,,,22,OSM,
Lodnerhütte - Rifugio Cima Fiammante,Familie Prant,4914350344,46.7244979,11.0210923,2259,,,http://www.lodnerhuette.com,22,OSM,
Auberge Nordique,,4918537622,45.9432666,6.5004163,1109.0,,,,,OSM,
Sauhauthütte,,4934699600,46.7465492,13.7435947,1632.0,,,,,OSM,
Etzlihütte SAC,SAC Thurgau,4949529835,46.7181822,8.720629,2052,info@etzlihuette.ch,+41 41 820 22 88,https://etzlihuette.ch/,75,OSM,398
Allmi / Läger,,4959996621,46.7344684,7.8545566,1299.0,,,,,OSM,
Alp Spilau,Familie Furrer-Gisler,4962763167,46.9244724,8.6913107,1900,,+41 79 567 45 64,https://www.alp-spilau.ch/,,OSM,
Gfellalphütte,Kandersteg International Scout Centre,4972779619,46.4399169,7.7193265,1849,,,,,OSM,
Galmihornhütte,,4987947849,46.4892737,8.2428863,2113,info@galmihornhuette.ch,+41 79 410 12 58,https://galmihornhuette.ch/,35,OSM,472
Bergerie de Cote Belle,,4988282729,45.0242603,5.9578888,1900.0,,,,,OSM,
Ristorante Su'n Paradis,,4988488940,46.3708438,12.0912668,1862,,,,,OSM,
Müllnerhütte,Hans Gruber,4994988821,47.1329559,13.5984768,1683.0,,+43 650 5090763,,,OSM,
Rifugio al Santuario,,5018264822,46.4799863,13.5226866,1750.0,,,,,OSM,
Mitterbergalm,,5018714223,47.4062289,13.1233484,1430.0,,,https://www.mitterbergalm.at/,,OSM,
Posto Tappa GTA Laghi Blu,,5035344190,44.6464529,6.9990873,1789.0,,,,20,OSM,
Bergheim Wildgrimmi,Vereinigung Bergheim Wildgrimmi,5038347513,46.5529237,7.4625127,1535.0,,,https://www.bergheim-wildgrimmi.ch/,,OSM,
Château Saint-Georges,,5040757921,43.6689635,6.9396354,399.0,,,,,OSM,
Cabane du Chatellerat,,5048454721,44.8733398,6.1565072,1720.0,,,,,OSM,
Rifugio Delfo e Agostino Coda,Club Alpino Italiano Sezione di Biella,5098180156,45.62243,7.9065137,2280,,,,50,OSM,
,,5122784192,45.9360127,8.2364939,1336.0,,,,,OSM,
Capanna Volpi,,5293562908,45.6515563,8.0583528,1120.0,,,,,OSM,
Casa di Prim’Alpe,Legambiente,5295393111,45.8534062,9.2973811,725,primalpe@legambiente.org,+39 02 87386480,https://primalpe.wordpress.com/,,OSM,
Rifugio Pradalago 2100,,5331063721,46.2472896,10.8130599,2120.0,,,,,OSM,
Tegernseer Hütte,,5340076821,47.632728,11.6783446,1650,,,,,OSM,
Buchsteinhütte,,5340084297,47.6398127,11.6795654,1276.0,,,,,OSM,
Alpe Hohenegg,,5358691298,47.5153561,10.009897,1089.0,,,,,OSM,
Gite - Refuge,,5420534346,44.8582921,5.9778151,1800,,,,,OSM,
Buronhütte,Bellazzo OHG,5433058162,47.6009529,10.4598934,1250,,,https://www.buronhuette.de/,,OSM,
Grüntenhaus,Familie Egenrieder,5467207892,47.5511719,10.3127968,1535,,,https://www.gruentenhaus.de/,44,OSM,
Neumayr-Hütte,Jana Bäro und Carina Bayrhof,5477907740,47.5769249,10.3397577,1202,info@neumayr-huette.de,+49 178 6904959,https://www.neumayr-huette.de/,39,OSM,
Bergwaldhaus Dreiangelhütte,Fam. Esterl,5478031048,47.5503806,10.3528613,1010,,,https://dreiangelhuette.de/,15,OSM,
Dinserhütte,Fam. Nöß,5479484660,47.5892906,10.4922431,1495,,+49 8363 6352,,,OSM,
Hasenaualm – Selbstversorgerhütte Saalbach,Feriengut Hasenau GmbH,5483708979,47.3909992,12.5969839,1562,info@hasenau.at,+43 6541 8931,https://www.hasenau.at/hasenaualm/,,OSM,
Gamskarkogelhütte,Sektion Bad Gastein,5643719069,47.1610163,13.1584159,2465,,+43 664 9203679,http://www.gamskarkogelhuette.at/,,OSM,
Rifugio Capanna Renata,,5722775998,45.6444492,7.9456614,2366.0,,,,,OSM,
Refuge des Marches,,5779938253,45.157336,6.5656039,2205.0,,+33 4 79 05 02 26,http://www.refugedesmarches.com,,OSM,
Stierenberg,,5807018053,46.5662272,7.4396304,1870.0,,,,20,OSM,
Fromatthütte,SAC,5818255439,46.54601,7.43279,1800,huettenwartfromatt@sac-wildhorn.ch,+41794526675,https://www.sac-wildhorn.ch/huetten/fromatthuette/,20,OSM,350
Gasser Alm,,5822380454,46.6906312,13.5026108,1434.0,,,,,OSM,
Mohaalm,,5824024153,47.1945802,12.3545612,1410,,,,,OSM,
Chamonna Tuoi CAS,Club Alpin Svizzer - Secziun Engiadina Bassa,5834653667,46.8307354,10.1324884,2250,info@tuoi.ch,+41 81 862 23 22,https://www.tuoi.ch/,74,OSM,33
Loserhütte,OeAV Sektion Ausseerland,5849855316,47.656187,13.781053,1498,,,,,OSM,
Refuge du Fioux,,5856933885,45.8721019,6.7606609,1517.0,,,,,OSM,
,,5865738785,47.1685617,13.2499786,984.0,,,,,OSM,
La Locanda,,5875425281,46.2381149,9.4730242,825,,+39 3396122179,,60,OSM,
Rieserhütte,,5892929285,47.2199846,11.8365471,1600,,,,,OSM,
Holzmeisteralm,,5899421058,47.1944857,12.8804895,1425.0,,,,,OSM,
Rifugio Valbella,,5983354623,45.6834326,10.9942044,1476,,+39 349 3618702,https://www.rifugiovalbella.it/,,OSM,
Tüchelhütte,,6129313039,47.1126733,12.8456385,2076.0,,,,,OSM,
Nilljochhütte,,6141355629,47.0203564,12.4212737,1975,info@nilljochhuette.com,+43 676 9563288,http://nilljochhuette.at/,,OSM,
,,6290847885,46.7201228,9.1449707,1664.0,,,,,OSM,
Refuge d’Archiane,,6412734285,44.7459559,5.5042657,784,,+33 4 75 21 24 47,,30,OSM,
Rifugio Alpe Soglia,,6418509638,45.3665832,7.5184592,1723,,,,18,OSM,
Les Montagnards,,6420766392,45.3012793,7.220472,1410,info@lesmontagnards.it,,https://www.lesmontagnards.it/,,OSM,
Baite Pianezzo,Mapomo,6552380087,45.8653715,9.325161,1176,,,https://www.mapomodaltaquota.it,,OSM,
Rifugio Giorgio Graffer al Grostè,Società degli Alpinisti Tridentini,6592652529,46.2196548,10.8894126,2261,rifugio@graffer.com,+39 0465 441358,http://www.graffer.com/,70,OSM,634
Les Roches Blanches,,6593452791,45.2463362,6.9378769,2084.0,,,,,OSM,
Rifugio Boch,,6594064625,46.2260393,10.8754306,2085,,+39 0465 440465,,,OSM,
hubelhütte,,6600298909,46.7777636,8.2022384,1605.0,,,,,OSM,
Binntalhütte,SAC CAS,6617740631,46.374922,8.291807,2265,reservations@cabane-binntal.ch,+41 27 971 47 97,https://cabane-binntal.ch/,50,OSM,264
Üeschinenhütte,Kandersteg International Scout Centre,6638839206,46.454509,7.6218251,1890,,,,,OSM,
Capanna Pairolo,,6644670562,46.0628319,9.044859,1347,,+41 91 944 11 56,https://www.capanna-pairolo.ch/,39,OSM,
Rifugio Boschetto,,6646316110,45.6889136,11.1206545,1151,,+39 045 7847005,,,OSM,
Lobhornhütte,SAC,6652940277,46.6184883,7.8689998,1955,briefkasten@lobhornhuette.ch,+41 79 656 53 20,https://www.lobhornhuette.ch/,24,OSM,243
Windgällenhütte,AACZ,6681994772,46.79,08.76,2032,info@windgaellenhuette.ch,+41418851088,https://www.windgaellenhuette.ch/,55,OSM,45
Rotondohütte SAC,SAC,6682032038,46.544908,8.4843821,2570,info@rotondohuette.ch,+41 41 887 16 16,https://www.rotondohuette.ch/,80,OSM,404
Leutschachhütte SAC,SAC - CAS,6682059365,46.7836787,8.6011709,2208,furrer_andreaaa@gmx.ch,+41 41 883 15 17,http://www.leutschachhuette.ch,60,OSM,
Sewenhütte SAC,SAC - CAS,6682059366,46.74,08.52,2150,info@sewenhuette.ch,+41 41 885 18 72,https://www.sewenhuette.ch/,58,OSM,269
Bergrestaurant Sunniggratli,,6682059367,46.7834505,8.6340028,1977,sunniggrathuette@bluewin.ch,+41 79 386 14 85,https://www.sunniggrathuette.ch/,25,OSM,
Wiwannihütte,,6684839287,46.3447008,7.8618253,2470,info@wiwanni.ch,+41 27 946 74 78,https://www.wiwanni.ch/,44,OSM,
Furggeli-Hütte,,6685226045,46.9629627,8.6433203,1744.0,,,,,OSM,
Treschhütte SAC,SAC - CAS,6685270348,46.7185828,8.6494662,1475,reservation@treschhuette.ch,+41 41 887 14 07,http://www.treschhuette.ch,32,OSM,
Alpwirtschaft Roggenloch,,6695078457,46.982965,8.8542109,1531.0,,,http://www.roggenloch.ch,,OSM,
Geisshittae,,6695078459,46.8900283,8.5667439,1553.0,,,,,OSM,
Blackenalp,,6695097364,46.825555,8.5151579,1774.0,,+41 41 637 04 26,,,OSM,
Hotel Alpi Cozie,,6697689591,44.4743712,6.9897327,1234.0,,,,,OSM,
Auberge de Bellecombe,,6698480729,45.3294033,6.8271068,2349.0,aubergedebellecombe@gmail.com,+33 4 79 56 32 70,https://www.aubergedebellecombe.com/,,OSM,
Alp Grat,,6699176370,46.8464615,8.585697,1805.0,,,https://www.alp-grat-surenenpass.ch/,24,OSM,
Balmhütte,Skiklub Ringgenberg,6700803748,46.719719,7.8934153,1683,,+41 79 483 93 23,http://www.skiclub-ringgenberg.ch/balmhuette.htm,,OSM,
Chadschlag,,6715709386,46.9176419,9.635065,1776.0,,,,,OSM,
Gîte de Bénevise,,6725018742,44.7310942,5.539856,1001,gitedebenevise@gmail.com,+33 4 75 21 16 14,http://www.gite-de-benevise.com/index.php/fr/,20,OSM,
Auberge de Combeau,,6767063263,44.765568,5.5665312,1370,,+33 4 75 21 12 63,https://www.ladromemontagne.fr/fr/hiver/sitra-collectif/gite-d-etape-auberge-de-combeau-60933.html,18,OSM,
Naturfreundehaus Brünig,,6784747035,46.7596955,8.1447442,965.0,,,https://www.naturfreundehaeuser.ch/bruenig/herzlich-willkommen/,,OSM,
Weißenburger Hütte,,6796862386,47.6484684,11.8901548,1043.0,,,https://dav-weissenburg.de/,,OSM,
Cabane d'Orny,SAC-CAS Section Diableret,6811520910,46.0019128,7.0628122,2826,orny@cas-diablerets.ch,+41 27 783 18 87,https://cas-diablerets.ch/cabanes/cabane-orny/,83,OSM,
Cabane du Trient,,6811522337,46.000063,7.043639,3170,trient@cas-diablerets.ch,+41277831438,http://www.cas-diablerets.ch,90,OSM,281
Oberhütte am See,,6821845786,47.280694,13.5998862,1877.0,,,,,OSM,
Refuge La Vouivre,,6893389795,46.345086,6.8325822,1437.0,info@lactaney.com,+41 24 481 14 80,http://www.lactaney.com/,,OSM,
Rifugio Maraman,,6904021206,44.400663,7.1685091,1783.0,info@maraman.it,+39 391 121 3232,https://www.maraman.it/,,OSM,
Lui d'Aout,,6913946927,46.1934499,7.1387079,1957,,,,,OSM,
Cabane du Demècre,Les Trotteurs de Fully,6919661171,46.1740748,7.0822415,2361,cabanedemecre@gmail.com,+41 27 746 35 87,https://www.demecre.ch/,27,OSM,
Cabane de Sorniot,,6920077295,46.1693151,7.0949146,2064,info@sorniot.ch,+41 27 746 24 26,http://www.sorniot.ch,46,OSM,566
Refuge du Lac,,6920281757,46.2798371,7.2144607,1462,info@refugederborence.ch,+41 27 346 14 28,https://www.refugederborence.ch/,36,OSM,
Gîte d'alpage de Dorbon,,6920374590,46.2591734,7.1904664,1974.0,dorbon@bluewin.ch,+41 78 761 52 47,https://www.dorbon.ch/,20,OSM,
Morterer Alm,,6991676399,46.5712087,10.8424486,1900.0,,,,,OSM,
Malga Zolle Di Fuori,Comune di Arsiero,7140142615,45.8453801,11.3044712,1162,,,,,OSM,
Azienda agricola Malga Pof,,7205845453,45.7495976,10.3599469,947.0,,,,,OSM,
Au Pied du Mur,,7214796685,45.4374467,6.2778242,414.0,,,,,OSM,
Posto tappa GTA Santa Maria da Bossi,,7366054061,45.9100272,8.1378417,1152.0,,,,,OSM,
Veitsberg,,7375839485,46.7504102,14.2161233,1095.0,,,,,OSM,
Seealm,,7528796675,47.0940275,13.0151458,1865,,,,,OSM,
Burgeralm,,7529552270,47.4249069,12.6116778,1260,,,,,OSM,
Alp Dadens,,7566258185,46.8197993,9.2081874,1744.0,,,,,OSM,
Rifugio Dardo,,7638172618,45.6593083,10.9941928,1378.0,,+393284326929,,,OSM,
Lindlalm,,7660650385,47.423716,12.6423888,1507.0,,+436641268396,,,OSM,
Alpwirtschaft Rychenbärgli,,7683312029,46.4812927,7.6463982,1895,,,,,OSM,
Steinbockalm,,7727955226,47.1656448,12.9586815,1384,,,,,OSM,
Steinalm,,7727955232,47.160011,12.9642479,1178,,,,,OSM,
Feldereralm,,7727968137,47.1489772,12.9547532,1691,,,,,OSM,
Rifugio Primaneve,,7728654571,45.6920135,11.0577452,1761.0,info@rifugioprimaneve.it,+393271799535,http://www.rifugioprimaneve.it/,,OSM,
Penninghofalm,,7729132992,47.2418037,12.9708148,1519.0,,,,,OSM,
Waldalm,Fam. Rainer,7731531071,47.2281492,12.9615646,1703.0,,+43 664 4419191,http://www.waldalm.at/,,OSM,
Bräualm,,7734447615,47.1159358,12.9315163,1601,,,,,OSM,
Bergerhube,,7739116141,47.3986716,14.5718997,1201.0,,+43 3618 382,https://www.bergerhube.at/,,OSM,
Litzlhofalm,,7741405839,47.1096711,12.8511876,1727,,,http://litzlhofalm.at/,,OSM,
Koča pri slapu Mostnice,,7804766086,46.3292783,13.8782928,732,,,,,OSM,
Rifugio delle Nevi,,7820362556,46.0873221,8.6255296,1251,,,,,OSM,
Nuova Capanna Gesero in località Biscia m.2003,UTOE di Bellinzona,7827681685,46.1777705,9.13161,2000,gesero@utoe.ch,+41 91 835 06 44,http://utoe.ch/,32,OSM,
Alpe Zanutsch Vordersäss,,7832853686,46.8974277,9.6227537,1678.0,,,,,OSM,
Auberge et Restaurant du Pont de Nant,,7844208985,46.25199,7.1105259,1253,,+41 24 498 14 95,https://aubergedupontdenant.ch/,,OSM,
Rifugio GEP Pontida,GEP Pontida,7853886642,45.7284221,9.4982985,335.0,,,,,OSM,
Malga Mondent alta,,7858386423,46.3906833,10.893344,1913,,+39 328 2555273; +39 333 2366967,,,OSM,
Berliner Hütte,,7884886401,47.024515,11.812803,2042,info@berlinerhuette.at,+43 664 88 78 70 25,https://www.berlinerhuette.at,140,OSM,105
Rifugio Chiadinas,Consorzio Privato di Nogaredo e Tualis,7899021369,46.5655966,12.8947295,1948.0,,,,,OSM,
Rifugio Fornetto,,7913257696,45.4774746,7.6564381,2135,,,,,OSM,
Wildhornhütte,SAC,7982402149,46.37929,7.38801,2303,info@wildhornhuette.ch,+41337332382,http://www.wildhornhuette.ch,79,OSM,164
Radelsee-Haus - Rifugio Lago Rodella,,8018256030,46.707917,11.580207,2284,,+39 0472 855230,http://www.radlseehuette.it,40,OSM,285
Rifugio Sonnenberg,Giovanni Frapolli,8039698155,46.3130661,8.4475069,2325.0,,,,,OSM,
Ricovero Casera Bordaglia di sotto,,8050195246,46.6172734,12.806666,1568,,,,,OSM,
Skihaus Stäfeli,,8112307010,46.9787317,9.1860288,1791.0,,,,,OSM,
Lippnkasa Almhütte,,8130381217,47.6068419,12.6582624,1352.0,,+43 6588 8531,https://www.lofer-almhuette.de/,,OSM,
Steger Kaserei,,8130385617,47.6070249,12.6534488,1374.0,,+43 6588 7043,,,OSM,
Orterhütte,Orter Hans & Claudia,8133749338,46.7922633,13.0771444,1670.0,,,https://www.orterhof.at/,,OSM,
Berglialp,,8184641002,46.9529464,9.151492,1396.0,,,http://www.berglialp.ch,,OSM,
Flittneralm,,8196497964,47.0416937,11.5827383,1447.0,,,,,OSM,
Kühgrüblalm,,8196697269,47.164803,11.1593285,2031.0,,,,,OSM,
Längentaleralm,,8196840827,47.1122266,11.1190301,1986.0,,,,,OSM,
Cabane du Mountet CAS,SAC - CAS,8210223277,46.060689,7.653619,2886,mountet@cas-diablerets.ch,027 475 14 31,http://www.cas-diablerets.ch/,90,OSM,278
Drähhüttenalm,,8307912926,47.3446227,10.4188261,1223.0,,,,,OSM,
Bärenbadalm,,8307912928,47.3689092,10.4756186,1382.0,,,,,OSM,
Refuge les Thymelets,,8518473885,45.09806,6.43056,1908.0,,,,,OSM,
Gîte Retrouvance de la Fruchière,Office National des Forêts,8720717826,44.1507514,6.6716254,1704.0,,,https://gitesetrandonnees.onf.fr/gite/gite-retrouvance-fruchiere/,12,OSM,
Baltschiederklause SAC,SAC - CAS,8857192925,46.3949826,7.8897949,2746.0,jstettler1@gmx.ch,,https://www.rhone.ch/baltschiederklause,50,OSM,349
Berghaus Unterbärgli,,8948855719,46.5060679,7.7332139,1786.0,,,,,OSM,
Rifugio Göi del Cà,,8951514426,46.0489723,10.0268,1150,,,,25,OSM,
Rifugio Monte Foldone,,8975670742,45.8505139,9.6155716,1437.0,,,,,OSM,
Rifugio Rocca Sella,Turimont srl,9019775207,45.1315222,7.3450351,998,rifugio@turismocolledellys.it,,,,OSM,
Berghaus,,9038500465,46.890785,13.1309312,1787.0,,,,,OSM,
Rifugio Mirtillo,,9055662040,46.0088893,10.0065064,1961.0,,+39 0346 467084,https://www.rifugiomirtillo.com/,,OSM,
Hörnlihütte,SAC,9070906905,45.9821974,7.6770109,3260,info@hoernlihuette.ch,+41 27 967 22 64,https://hoernlihuette.ch/,120,OSM,
Grathütte,,9101668101,46.5648008,7.6935535,2079,,,https://www.grathuette.ch/,10,OSM,
Oberhofer Galtalm,,9111679230,47.2454333,11.1047496,1646.0,,,,,OSM,
Kreuzwiesen Alm,DAV,9123040774,46.7527565,11.8044126,1925,info@kreuzwiesenalm.com,+39 0472 413714,https://www.kreuzwiesenalm.com/,40,OSM,
Cabane du Camarguier,,9331389317,44.7166194,5.8615194,1524.0,,,,,OSM,
Cabane des Violettes,SAC - CAS,9362492877,46.342819,7.498651,2209,info@cabanedesviolettes.ch,+41 27 481 39 19,https://www.cabanedesviolettes.ch,26,OSM,48
Bergheim Maria Trost,Bischöfliches Jugendamt Augsburg,9405232318,47.6081115,10.5111991,1123,,,,,OSM,
Rifugio Rodolfo Zamboni e Mario Zappa,Club Alpino Italiano Milano,9425858364,45.9531605,7.9178986,2066,,+39 0324 65313,http://www.rifugiozamboni.com/zamboni-zappa-berghutte/,36,OSM,
Rifugio CAI di Saronno,Club Alpino Italiano sezione di Saronno,9427942452,45.9664359,7.9247367,1827,,+39 345 84 49 606,,24,OSM,
Rifugio Gaspare Oberto e Paolo Maroli,Club Alpino Italiano sezione di Macugnaga,9427942453,45.9965146,7.9788314,2796.0,,,,,OSM,
Untere Ochsenalpe,,9474000958,47.5093563,10.4011773,1127.0,info@untere-ochsenalpe.de,+49 8324 7623,https://www.untere-ochsenalpe.de/,,OSM,
,,9505637415,45.9141295,10.4580908,1455.0,,,,,OSM,
Sportheim Böck,,9565575461,47.5983327,10.5041191,1480,,+49 8362 3111,https://www.sportheim-boeck.de/,,OSM,
Kronenhütte,,9565650270,47.6092142,10.4998364,1088.0,,+4983613170,https://www.kronenhuette.de/,,OSM,
Refuge des Fontanettes,,9582832773,45.8068555,6.3921834,1455.0,,+33 4 50 27 52 06,https://www.savoie-mont-blanc.com/reuges-gites-etapes/refuge-des-fontanettes-737941/,,OSM,
,,9735188163,46.2798512,7.3544975,1667.0,,,,,OSM,
Rifugio Massimo Erler,Associazione Nazionale Alpini sez. Ponte,9790406853,46.2259407,10.0162096,1400,pontevaltellina.valtellinese@ana.it,+39 342482570,https://www.anavaltellinese.it/i-nostri-gruppi/ponte/,,OSM,
Rifugio Pian dei Ciclamini,Simone Gonano,9808093484,46.3051081,13.3225725,827.0,info@rifugiopiandeiciclamini.it,0432 787360 - 348 7690918,https://rifugiopiandeiciclamini.it/,,OSM,
,,9827440361,45.24698,6.56967,2384.0,,,,,OSM,
,,9827633831,45.40139,6.99222,2531.0,,,,,OSM,
,,9827633837,45.35976,6.85658,2167.0,,,,,OSM,
Gasthaus Steinberg,,9839566353,47.3691695,12.2211378,880,,+43 5334 2534,https://www.gasthaus-steinberg.at/,54,OSM,
Brixner Hütte - Rifugio Bressanone,AVS / Martha Oberhofer,9917556569,46.912911,11.620518,2282,info@brixnerhuette.it,+39 327 532 99 44,http://www.brixnerhuette.it,28,OSM,389
Tiefrastenhütte,,9917556570,46.87628,11.78159,2312,info@tiefrastenhuette.it,+39 334 9896370,https://www.tiefrasten.com/,50,OSM,301
Edelrauthütte,Familie Weißensteiner,9917556577,46.9470882,11.7391096,2545,info@edelrauthuette.it,+39 0474 653230,https://www.edelrauthuette.it/,70,OSM,
Schwarzensteinhütte - Rifugio al Sasso Nero,,9917584405,47.0129173,11.8856637,3026,info@schwarzensteinhuette.com,+39 342 8038586,https://www.schwarzensteinhuette.com,50,OSM,685
Chemnitzer Hütte - Rifugio Porro,,9917589294,46.9571079,11.8087307,2420,,,,,OSM,
Birnlückenhütte - Rifugio Brigata Tridentina,,9917669519,47.0799281,12.2064082,2441,,+39 0474 654140,http://schutzhuetten.net/birnlueckenhuette/,,OSM,
Lenkjöchlhütte - Rifugio Giogo Lungo,,9917671909,47.0391152,12.1908818,2603,,+39 0474 838144,,,OSM,
Marchhütte,Albin und Andreas Innerhofer,9917675843,46.7807087,12.3272297,2512.0,info@marchhuette.it,,https://marchhuette.it/de/startseite,,OSM,
Simile-Mahd-Alm,,9917685663,46.8990539,11.5511403,2011,,+39 349 7053353,https://www.sterzing.com/de/aktiv/wandern-bergsteigen/almen-huetten/huetten-im-pfitschtal/24-simile-mahd-alm.html,,OSM,
Schutzhaus Wieserhütte,Simon Fischnaller,9917727450,46.8661553,11.663507,1850,info@wieserhuette.com,+39 0472 520350,,,OSM,
Europahütte - Rifugio Europa,CAI / Familie Holzer,9917747160,46.997142,11.5806244,2693,info@europahuette.it,+39 0472 646076,https://www.europahuette.it/,65,OSM,
Enzianhütte - Rifugio Genziana,,9917747161,46.9708618,11.4985446,1900,,+39 0472 631224,,,OSM,
Hühnerspielhütte - Rifugio Gallina,,9917747162,46.942638,11.4685779,1868,,,http://www.huehnerspielhuette.it/,,OSM,
Flaggerschartenhütte - Rifugio Forcella Vallaga,,9917800575,46.7716101,11.4875673,2481,,+39 0471 625251,www.flaggerschartenhuette.it/,,OSM,
Tribulaunhütte - Rifugio Cesare Calciati al Tribulaun,,9917807792,46.9856684,11.3255634,2368,,+390472 632470,https://tribulaunhuette.com/,,OSM,
Magdeburger Hütte - Rif. Cremona alla Stua,Frida Lanthaler,9917807793,46.9735724,11.2841717,2423,magdeburger@13h.de,+39 338 242 8278,https://www.magdeburger.13h.de/,,OSM,
Teichhütte,,9927465804,47.9157078,15.4523143,998.0,,,,,OSM,
Rifugio Micheluzzi,,9951593620,46.4906985,11.7072689,1860,info@rifugiomicheluzzi.it,+393345023878,https://www.rifugiomicheluzzi.it,,OSM,
Schlüichalm,,9957031992,47.0567153,12.1407834,1742.0,,,,,OSM,
,,9997909650,46.7611514,13.4693472,1916.0,,,,,OSM,
,,10001542921,46.8771048,13.1791772,1837.0,,,,,OSM,
Scharfetthütte,,10028738648,47.252812,13.4487044,1747.0,,,,,OSM,
Lauteraarhütte,SAC Zofingen,10048744013,46.5700751,8.2221825,2393,lauteraar@sac-zofingen.ch,+41 33 973 11 10,https://www.lauteraarhuette.ch/,28,OSM,558
,,10086597625,46.5295287,13.970108,1213.0,,,,,OSM,
,,10086609200,46.5172315,14.0981631,592.0,,,,,OSM,
Stanzalm,,10086745842,47.1334039,13.0076598,1780,,,,,OSM,
Oberaarjochhütte SAC,SAC,10101322757,46.5260682,8.1730617,3258,info@oberaarjochhuette.ch,+41 33 973 13 82,https://www.oberaarjochhuette.ch/,30,OSM,15
Schönbielhütte SAC,SAC - CAS,10167539308,46.001980,7.628976,2694,bielti.zermatt@gmx.ch,027 967 13 54,https://haus-bielti.ch/schoenbielhuette/,45,OSM,308
Cabane des Vignettes CAS,SAC - CAS Sektion Monte Rosa,10167629346,45.989976,7.474725,3160,info@cabane-des-vignettes.ch,+41272831322,http://www.cabane-des-vignettes.ch/fr,100,OSM,226
Finsteraarhornhütte SAC,SAC,10177900507,46.5219762,8.1144702,3048,info@finsteraarhornhuette.ch,+41 33 855 29 55,http://www.finsteraarhornhuette.ch,116,OSM,213
Le Fontenil,,10299386709,44.7733703,6.9581033,1607.0,,,,,OSM,
Gräner Ödenalpe,,10301268374,47.4691401,10.5753212,1715,oedenalpe@gmx.at,+43 676 3593480,http://www.oedenalpe.at/,,OSM,
Süftenenhütte,,10682547777,46.7360929,7.3964959,1546.0,,,https://www.sueftenenhuette.ch/,,OSM,
,,10693609522,47.6450565,13.3286251,1054.0,,,,,OSM,
Flecknerhütte - Baita Fleckner,Roland Pixner,10699390577,46.8398155,11.2851905,2100,,,https://www.flecknerhuette.bz.it/,,OSM,
Dürrenbergalm,,10796795728,47.510461,10.7540173,1443.0,,,https://www.duerrenberg-alm.at/,,OSM,
Refuge le Nant Brun,SARL Le Chardon Bleu,10848471385,45.4099457,6.4573174,1510.0,,+33 6 36 17 34 29,https://refugelenantbrun.fr,,OSM,
Neurüti,,10933874005,46.7310204,8.0309348,997.0,,,,,OSM,
Rifugio Barfè,,10951969742,44.8508052,7.1920753,1180,rifbarfe@tiscali.it,+39 0121 932762,https://invalpellice.com/en/agriturismo-rifugio-barfe-farmhouse/,,OSM,
Jausenstation Jagdhausalm,,10961466264,46.9776607,12.1649308,2026.0,,,,,OSM,
Rifugio Nivolastro,,10971767991,45.5080262,7.5430023,1434,rifugio.nivolastro@gmail.com,+393450778235,,,OSM,
Rifugio Mario Bergeretti,CAI Coazze,10984597093,45.0511072,7.2461766,1341.0,,,,,OSM,
Rifugio Petina,,11010942890,46.2069457,11.8283217,1166.0,,,https://www.rifugiopetina.it,,OSM,
Schlüterhütte - Rifugio Genova,,11056910068,46.635329,11.8046266,2306,info@schlueterhuette.com,+39 0472 670072,http://www.schlueterhuette.com,90,OSM,
Ammertenhütte,SAC,11061456405,46.4258912,7.514801,1830,sieben_brunnen@hotmail.com,+41 79 240 64 91,,8,OSM,
Monte Rosa Hütte,Monte Rosa Hütte Zermatt Betriebs GmbH,11063882922,45.956940,7.814543,2883,info@monterosahuette.ch,+4127 967 21 15,http://www.monterosahuette.ch,120,OSM,6
Local hors gardiennage du refuge de Terre Rouge,,11066862420,45.1308005,6.5121956,2169.0,,,,,OSM,
Rifugio Jutz,,11084121205,45.8556188,7.8034871,2171.0,,,,,OSM,
Rifugio Malga di Mezzo,BARBIS S.n.c. di Orini Martina & Palladino Matteo,11098425069,46.1894717,10.4667365,1950,,,,,OSM,
Tollgrubenhütte (verfallen),,11117370527,46.9414265,11.5790923,2406.0,,,,,OSM,
Refuge du Mont-Joly,,11132299514,45.840111,6.6918366,1946.0,info@refuge-mont-joly.com,+33 4 50 93 10 10;+33 6 63 83 67 82,https://www.refuge-mont-joly.com/,,OSM,
Cabane de Balavaux,,11136343328,46.157,7.278,2042,info@cabanebalavaux.com,+41 78 255 88 07,https://www.cabanebalavaux.com,24,OSM,413
Rifugio Combe d'Imbert,,11139705088,44.9059839,6.8379264,1692.0,,,,,OSM,
Blüemlisalphütte,SAC - CAS,11174401522,46.5101555,7.7716385,2840,info@bluemlisalphuette.com,+41 33 676 14 37,http://www.bluemlisalphuette.com,100,OSM,
Reisacher Jochalm,,11175259487,46.6661656,13.1683392,1561.0,chance.sabine@gmail.com,+43 676 6410851,https://jochalm.wordpress.com,,OSM,
Cabane de Prarochet,,11203686940,46.3144255,7.247452,2555,,+41 27 395 27 27,https://www.ski-club-saviese.ch,44,OSM,
Amberger Hütte,DAV,11207033939,47.042228,11.0741754,2135,info@ambergerhuette.at,+43 676 9523426,https://www.ambergerhuette.at/,,OSM,
Cabane Becs de Bosson,,11215332056,46.1641939,7.5163251,2985,info@cabanedesbecs.ch,+41 78 743 79 89,https://www.cabanedesbecs.ch,,OSM,
Hollandiahütte SAC,SAC - CAS,11242272119,46.4752668,7.9601696,3238,info@hollandiahuette.ch,+41 27 939 11 35,https://www.hollandiahuette.ch/,86,OSM,374
Oberaletschhütte,SAC - CAS,11262553552,46.425217,7.973875,2640,info@oberaletsch.ch,+4127 927 17 67,http://www.oberaletsch.ch,58,OSM,47
Rifugio Gattascosa,,11290337396,46.1565227,8.1585272,1993,,+39 328 3151669,https://www.rifugiogattascosa.com/,,OSM,
Cabane des Audannes,,11331670994,46.3434549,7.3840844,2506,gardien@audannes.ch,+41 79 310 90 60,https://www.audannes.ch/,46,OSM,690
Cabane Depetro Gervasoni,,11343254722,45.0993834,5.5105683,1400.0,,,,,OSM,
Rifugio Escursionistico Vulpot,,11455406128,45.2078685,7.1460405,1805,rifugiovulpot22@gmail.com,+39 0123 83771,http://www.rifugiovulpot.com,24,OSM,
Rifugio Portia,,11681202214,45.1876015,7.4095112,1328,,,,,OSM,
Pra dela Lori,,11755659751,46.031474,11.0258164,1572.0,,,,,OSM,
Gîte Le Levant - La Castelle,,11773835969,43.8650257,6.3954203,943.0,,,,,OSM,
Cabane de l'Illhorn,,11773953799,46.2560824,7.5970553,2129.0,info@cabaneillhorn.ch,+41 78 205 80 03,https://cabaneillhorn.ch/,,OSM,
Refuge du Prariond,,11813599491,45.4555439,7.0708902,2327.0,refuge.prariond@vanoise-parcnational.fr,+33 6 08 83 75 30,https://refuge-prariond.vanoise.com/,,OSM,
Cabane La Luy,"Ski-Club ""La Luy""",11862748732,46.1264797,7.1737052,1262.0,,,https://www.skiclublaluy.ch/cabane/,,OSM,
Rifugio San Michele,,12106283357,44.2460271,7.673855,1115.0,,,https://www.rifugiosanmichele.com/,,OSM,
Vaccarisco,,12122562219,46.4367759,8.6725775,1547.0,,,,,OSM,
rifugio Baldiscio m.2321,Comunità Montana Valchiavenna,12145990740,46.4338956,9.2707697,2313.0,,,,,OSM,
Cabane des Portes,,12151423165,46.5894316,6.9937746,1214.0,portes@cas-gruyere.ch,+41774091836,https://www.cas-gruyere.ch/fr/cabanes/cabane-des-portes/,,OSM,
Winkelmayer-Hütte,,12152427764,47.5049096,15.521575,1162.0,,,https://www.winkelmayerhof.at/wir-bieten-an-...-offer/unsere-alm-chalet/,,OSM,
Iffigenalp,,12167403973,46.3994548,7.441151,1592.0,,,,,OSM,
Gîte Lei Meidi,,12171883101,44.8846427,6.4518986,1485.0,,,,,OSM,
Cabane de Champet,,12175066052,45.4611147,6.2146136,1653.0,,,,,OSM,
Rifugio Boffalora,CAI Boffalora,12179754462,45.9193328,8.0625045,1685,boffaloraticino@cai.it,+39 339 6076910,https://www.caiboffaloraticino.it/rifugio/,39,OSM,
Auf den Spuren des Alpzigers,Ueli Schlittler,12181779286,47.0680914,8.9890635,1612.0,,,,,OSM,
Panorama-Jurte,,12181796497,46.9506174,8.9930387,1555.0,,,,,OSM,
Casera Val Montina,,12188932482,46.3667571,12.3595386,625.0,,+39 375 820 8144,,,OSM,
Berghaus Pragelblick,,12192527648,46.9905976,8.8423416,1359.0,info@trekking.ch,+41413904040,https://www.trekking.ch/events/berghaus-pragelblick,,OSM,
Capanna Cremorasco,,12201037514,46.1485847,9.0124957,1085.0,,,https://www.capanneti.ch/de/huetten/cremorasco,10,OSM,
,,12201062723,46.2298607,8.9845652,1455.0,,,https://www.ticino.ch/de/alpineHuts/details/Baita-Arami/148873.html?morf=979d14de-a90c-417b-8202-e0921a90f9eb,18,OSM,
Alp Oberblegi,Andrea & Franz Weber,12235051399,46.9835002,9.0166839,1433.0,,,,,OSM,
Alp Fitteren,,12235079129,46.9788528,9.1843883,1789.0,,,,,OSM,
Alp Fessis Oberstafel,,12235080339,47.0163743,9.1220479,1859.0,,,,,OSM,
Alp Ramin,,12235147444,46.9387773,9.2268581,1896.0,,,,,OSM,
Alp Krauchtal,,12235149562,46.9848474,9.2256512,1517.0,,,,,OSM,
Alp Talalp-Spanegg,,12235153002,47.1014414,9.1353279,1139.0,,,,,OSM,
Alp Bösbächi,,12235155035,46.9705738,9.0036139,1405.0,,,,,OSM,
Alp Guppen,,12235156932,46.9982369,9.0394443,1658,,+41 78 744 21 84,https://www.schwanden-gl.ch/,20,OSM,
Alp Ämpächli Oberstafel,,12235167628,46.9224708,9.1429953,1748.0,,,,,OSM,
Alp Hinterschlatt,,12235170827,47.0066241,8.929455,1371.0,,,,,OSM,
Alp Mühlebach Oberstafel,,12235178246,47.0284734,9.2045015,1979.0,,,,,OSM,
Mürtschenalp Oberstafel,,12237242497,47.05768,9.1436979,1767.0,,,,,OSM,
Otto Eisenkolb Hütte,,12271092802,47.4793232,10.1772135,1090.0,,,,,OSM,
Rifugio F.lli Calvi,,12328449811,46.0237223,9.8771898,1990.0,,,,,OSM,
Rifugio Don Zio Pisoni,Società degli Alpinisti Tridentini,12389967734,46.0300585,10.9245489,1590,rifugiodonziopisoni@gmail.com,+39 3453094967,,16,OSM,
Super G Italian Mountain Club - Campiglio,,12430843295,46.2377942,10.817699,1634.0,,,,,OSM,
Cabane de Sachas,,12543660433,44.8781385,6.5827443,1568.0,,+33 4 92 20 24 26,https://provence-alpes-cotedazur.com/sejourner/hebergements/tous-les-hebergements/cabane-de-sachas-puy-saint-andre-fr-4162844/,,OSM,
Malga Alpe Vago,Soc Agricola Di silvestri Giorgio e C,12622848996,46.4617466,10.0938142,1990.0,,+39 342 979 345,,,OSM,
capanna Sementina,,12810064899,46.1961567,8.9508373,1463,,,https://www.patriziato-sementina.ch/capanne/capanna-sementina,,OSM,
Bacomela,,12840605701,44.8119929,7.2286385,609.0,,,https://bacomela.wordpress.com/,,OSM,
Casa Alpina Don Mario Leonardi,Parrocchia di Santa Maria Assunta e San Liberale di Castelfranco Veneto,12855160789,46.131344,11.6941275,1428.0,,,,50,OSM,
Rifugio G.A.M. al monte Suchello,,12909723462,45.8320088,9.7652687,1508,,,https://www.facebook.com/groups/603505687216006/?locale=it_IT,,OSM,
Fischeralm,,12921387989,46.6737429,13.4150194,1079.0,,,,,OSM,
Alp Tschingelfeld,Fam. Grossmann,12966403492,46.6841117,8.0410262,1902.0,,,https://www.tschingelfeld.ch/,,OSM,
Refuge de la Pierre Du Carre,,12979695289,45.378512,6.1431321,1748.0,,,,,OSM,
Refugio pastore,,13012232123,45.8836089,7.9286368,1585.0,,,,,OSM,
Rifugio Meira Garneri,Club Alpino Italiano,13037868285,44.5570713,7.1555687,1810,,+39 0175 977181,,,OSM,
Agriturismo Rini,,13104005801,46.4632689,10.3607459,1178.0,,,https://www.agriturismobormio.it/,,OSM,
Abri ouvert non gardé,,13114715885,44.462848,6.3843442,1034.0,,,,,OSM,
,,13116267681,44.5042902,6.396896,1369.0,,,,,OSM,
Auberge du Truc,,13124891039,45.8362474,6.7495729,1750,aubergedutruc@hotmail.fr,+33 4 50 93 12 48,https://www.montourdumontblanc.com/fr/il4-refuge_i32365-auberge-du-truc.aspx,28,OSM,
Skihütte Brend,,13127380901,46.8619143,8.1508886,959.0,,,https://fsk-grossteil.ch/,,OSM,
Kührointalm,,13131702124,47.5708459,12.9612323,1390.0,,,,,OSM,
Almagellerhütte SAC,SAC,13135143793,46.1076059,8.0076731,2894,info@almagellerhuette.ch,+41 27 957 11 79,http://www.almagellerhuette.ch,120,OSM,208
Berghütte Hohsaas,,13135956569,46.1392281,7.9917696,3140,,,https://www.hohsaashuette.ch,,OSM,549
Weissmieshütte SAC,SAC - CAS,13135956571,46.143814,7.977938,2726,huette@weissmieshuette.ch,+41279572554,http://www.weissmieshuette.ch,99,OSM,209
Refuge de Tré la Tête,,13140705117,45.7917496,6.734776,1909.0,contact@trelatete.com,+33 4 50 47 01 68,https://www.trelatete.com,,OSM,
Capanna Meden m.2405,,13173654673,46.2230474,10.0592205,2405,,,,,OSM,
Rifugio Facetti (ex Baita di Sciuch) m.2000 (SO),,13183920434,46.1096611,9.8582254,2000,,,,,OSM,
Rifugio Alpe Spluga,Patriziato di Giumaglio,13234284428,46.3153022,8.6791939,1838,,+41 91 753 2349,https://www.alpespluga.ch/?page_id=129&lang=de,28,OSM,
Rifugio Valbiandino,Famiglia Brini,13236711784,46.0156811,9.471279,1496,rifugiovalbiandino@gmail.com,+39 0341 981050,https://www.rifugiovalbiandino.com/,,OSM,
Bivacco Alpe Prà sotto,,13344725896,46.0008532,8.2423776,1250,,,,,OSM,
Alpgschwänd,,13349029701,46.9857215,8.2685404,1222.0,,,,,OSM,
Jan Senn Hütte,,13398278493,47.2498566,12.1165288,1654.0,,,,,OSM,
Quattro Bar Corviglia,,13466581093,46.5082569,9.8192872,2487.0,,,,,OSM,
Alpina Hütte,,13466581094,46.508526,9.8142213,2565.0,,,,,OSM,
Alp Languard,,13466581095,46.4877156,9.9217302,2310.0,,,,,OSM,
Unterer Schafberg,,13466581096,46.5004129,9.9067554,2233.0,,,,,OSM,
Morteratsch,,13466581097,46.4509478,9.9408297,1898.0,,,,,OSM,
Alp Grüm,,13466581098,46.3744933,10.0312305,2092.0,,,,,OSM,
Agroturismo Palü,,13466581099,46.372991,10.0277714,1933.0,,,,,OSM,
rifugio paolo prudenzini,,13484020653,46.1236046,10.5017972,2233.0,,,,,OSM,
Capanna Miralago,,13551172822,46.2581227,9.2247416,1265,,+41 78 759 42 27,https://www.valcama.ch/unterkunft_de.html,34,OSM,
Refuge de Bellachat,,13593106321,45.9221805,6.8296087,2136,refuge.bellachat@gmail.com,+33 7 75 83 02 70,https://www.refuge-bellachat.com/,,OSM,
Kohlenriedalm,,13607658100,47.677017,12.3207293,1246.0,,,,,OSM,
,,13666605401,46.817727,10.2286681,2529.0,,,,,OSM,
Dorfberghüttl,Patricia Bodner,13671838950,46.7282192,12.5563829,2016.0,info@bodner.tirol,,,,OSM,
Chalet Brento,Ilaria Osti,13700954235,45.9969081,10.8978707,1350,,3287676120,,,OSM,
Capanna Pian d'Alpe,UTOE Torrone d'Orza,13703707246,46.3946214,8.9385036,1764,capannapiandalpe@gmail.com,+41 91 864 25 25,https://www.utoe-biasca.ch/capanna-pian-dalpe,37,OSM,
Meranerhütte - Rifugio Merano,,25384918,46.683048,11.281955,1960,,+39 328 434 6659,https://www.meranerhuette.it/,65,OSM,126
Kesselberghütte - Rifugio Valcanova,,25385356,46.6906123,11.3032697,2300,,,,,OSM,
Richterhütte,,25439465,47.123845,12.133851,2374,richterhütte@gmx.at,+43524221328,https://www.richterhuette.com,44,OSM,136
Krimmler Tauernhaus,,25441374,47.1389126,12.1908863,1620,,+43 664 2612174,https://www.krimmler-tauernhaus.at/,59,OSM,
Zittauer Hütte,Sektion Warnsdorf/Krimml,25477186,47.163473,12.124178,2328,info@zittauerhuette.at,+436648732205,https://www.zittauerhuette.at,59,OSM,266
Aualm,Richard Lainer  “Aubauer”,25549302,47.2628033,13.1663572,1795,,+43 6414 341,https://www.aubauernhof.at/alm-grossarl/,,OSM,
Strelapass,,25771453,46.8131782,9.7966464,2348.0,,,https://www.strelapass.ch/strela-pass-restaurant/,,OSM,
Prinz-Luitpold-Haus,DAV Sektion Allgäu-Immenstadt,25804487,47.392477,10.420012,1846,,000000000000,https://www.prinz-luitpoldhaus.de,160,OSM,270
Sesvenna-Hütte - Rifugio Sesvenna,Markus Waldner,26195857,46.73449,10.43552,2256,,+39 375 9738950,https://sesvennahuette.it/,58,OSM,276
Solsteinhaus,"Österreichischer Alpenverein, Sektion Innsbruck",26716681,47.3081205,11.2881934,1828,robert@fankhauser.at,+43 5232 81557,https://solsteinhaus.at/,,OSM,
Tillfussalm,Patrick Koch & Jonas Metzler,26931930,47.3715595,11.0399376,1382,tillfuss-alm@outlook.at,+43 676 610 47 70,https://www.tillfussalm.tirol/,,OSM,
Gaistalalm,Victoria Zausnig & Nikolai Kirschner,26932301,47.3696508,11.0493945,1369,info@gaistalalm.at,+43 5214 5190,https://www.gaistalalm.at/,,OSM,
Hämmermoosalm,Hämmermoosalm KG - Eveline Wandl,26932822,47.3712222,11.0821679,1417,alm@die-haemmermoos.com,+43 5214 20244,https://die-haemmermoos.com/,,OSM,
Wetterstein Hütte,,26933413,47.3802322,11.1082067,1717,,,,,OSM,
Wangalm,Martina Klotz,26933857,47.3817385,11.1098394,1751,martina.klotz@aon.at,+43 664 9196073,https://www.wangalm.at/,,OSM,
Coburger Hütte,DAV Sektion Coburg,26954262,47.3599669,10.9335342,1927,office@coburgerhuette.at,+43 6643254714,https://www.coburgerhuette.at/,80,OSM,
Seeben Alm,,26955651,47.3734379,10.9428051,1566,,,,,OSM,
Karwendelhaus,DAV,26959900,47.427447,11.421650,1765,info@karwendelhaus.com,+43 720 983554,https://www.karwendelhaus.com,140,OSM,87
Falkenhütte,DAV Sektion Oberland,26960869,47.3996532,11.498947,1846,,+43 5245 245,http://www.falkenhuette.at,,OSM,
Innsbrucker Hütte,Sektion TK Innsbruck,27028455,47.043137,11.310835,2369,,00435276295,https://www.innsbrucker-huette.at,98,OSM,320
Passauer Hütte,,27715096,47.474200,12.750405,2051,,+43 680 50 72 624,https://www.passauer-huette.de,50,OSM,232
Schmidt-Zabierow Hütte,DAV Sektion Passau,27870023,47.5506186,12.6463241,1966,,+43 6588 7284,http://www.schmidt-zabierow.at,,OSM,
Alois-Günther-Haus,ÖAV Sektion Edelweiß,28939679,47.5743,15.7906,1782,,+43 3853 300,https://www.aloisguentherhaus.at,24,OSM,411
Riemannhaus,Sektion Ingolstadt des Deutschen Alpenvereins e.V.,29176116,47.458020,12.914580,2177,,0043 6702034373,https://www.riemannhaus-maria-alm.at,82,OSM,145
Neue Traunsteiner Hütte,DAV Sektion Traunstein,29176583,47.6281798,12.8008994,1560,,+49 171 4378919,https://www.traunsteinerhuette.com/,,OSM,452
Lamsenjochhütte,DAV Sektion Oberland,29269844,47.380067,11.603557,1953,,+43524462063,https://www.alpenverein-muenchen-oberland.de/huetten/alpenvereinshuetten/lamsenjochhuette,82,OSM,437
Binsalm,,29312645,47.3967387,11.5781507,1500,,+43 5245 214,https://www.binsalm.at/,,OSM,
Malga Stablasolo,,29334896,46.4300312,10.7688055,1539,,+39 331 6412213,,,OSM,
Plumsjoch-Hütte,private,29373371,47.4468346,11.6160811,1630,,+43 5243 5487,https://www.plumsjochhuette.com/,,OSM,
Rifugio Cornisello,,29390000,46.2199647,10.7382115,2120,,,,,OSM,
Rifugio Nambrone,,29435994,46.2051582,10.7534972,1350,,,,,OSM,
Postalm,,30504576,47.1505398,12.2738347,1699,,,,,OSM,
Kürsingerhütte,Sektion Salzburg,30573888,47.122847,12.300099,2558,office@kuersinger.at,+43 720 920 444,http://www.kuersinger.at,140,OSM,292
Priener Hütte,DAV Sektion Prien,30725037,47.702107,12.327922,1410,kontakt@priener-huette.de,+498057428,http://www.priener-huette.de,72,OSM,407
Ingolstädter Haus,DAV Sektion Ingolstadt,32499717,47.50170,12.88744,2119,,+43 720 510 504,https://www.dav-ingolstadt.de,109,OSM,144
Refuge des Conscrits,Club Alpin Français,32571532,45.7869562,6.7660356,2614,,+33 4 79 89 09 03,https://refugedesconscrits.ffcam.fr/,,OSM,
Hörnlihütte,,32795686,46.7678586,9.6199886,2511,,,,,OSM,
Refuge du Glacier Blanc,Club Alpin Français,33058358,44.9375435,6.4116301,2542,,+33 4 92 23 50 24,https://refugeduglacierblanc.ffcam.fr/,,OSM,
Kammersteinerhütte,Alpenverein Sektion Liesing-Perchtoldsdorf,33285758,48.1167897,16.2280481,580,info@kammersteinerhuette.at,+43 2238 773 92,https://www.kammersteinerhuette.at/,,OSM,
Kappeler Alp,,33420038,47.6010905,10.5129103,1350,,,http://www.kappeleralp.de/,,OSM,
Musauer Alm,,33556062,47.5092428,10.6397326,1290,,+436763423236,https://www.musaueralm.at/,,OSM,
Otto-Mayr-Hütte,DAV Sektion Augsburg,33558141,47.509323,10.6187192,1528,reservierung@otto-mayr-huette.at,+43 5677 8457,https://www.ottomayrhuette.com/,,OSM,
Füssener Hütte,,33560054,47.5088234,10.6158855,1520,,+43 5675 6041,https://www.fuessener-huette.at,,OSM,
Refuge de la Selle,Société des Touristes du Dauphiné,34070974,44.9822877,6.2491721,2673,,,https://www.refugedelaselle.com/,,OSM,
Refuge du Soreiller,,34070975,44.9605029,6.2438991,2742.0,,,https://soreiller.com/home/,,OSM,
Refuge du Châtelleret,Club Alpin Français,34070977,44.9758044,6.2994967,2225,,+33 4 76 79 08 27,https://refugechatelleret.ffcam.fr/,,OSM,
Refuge de la Lavey,Club Alpin Français,34070981,44.8986172,6.2061637,1797,,+33 4 76 80 50 52,https://refugelalavey.ffcam.fr/,,OSM,
Refuge de l'Alpe du Pin,,34071014,44.9448494,6.1743854,1790.0,,,,,OSM,
Chalet Alpin de la Bérarde,Club Alpin Français,34139019,44.9324963,6.2934698,1740,,+33 4 76 79 53 83,https://chaletlaberarde.ffcam.fr/,,OSM,
Grubenberghütte,SAC,34149567,46.54939,7,1840,info@grubenberghuette.ch,+41 79 642 79 96,https://www.grubenberghuette.ch,23,OSM,196
Rifugio Prabello,CAI Monteolimpino,34525787,45.9132356,9.0728377,1201,,+39 031 831905,http://www.prabello.it,10,OSM,
Graukogel Bergstation,,34609773,47.106929,13.1660679,1954,,,,,OSM,
Malga Roncher/ Malga Cavedine,,35212334,45.9979084,11.0250474,1757.0,,,,,OSM,
Kellerjochhütte,ÖAV Sektion Schwaz / Claudia Schranz & Christian Lorenz,35285185,47.316541,11.764917,2237,,+436641722468,https://www.kellerjoch.at,30,OSM,415
Refuge des 7 Laux,,35777417,45.2490035,6.0785441,2135,,+33 4 76 45 99 11,https://refugedes7laux.jimdofree.com/,,OSM,
Rifugio Lambertenghi Romanin,Comune di Forni Avoltri,35941913,46.6078277,12.8685071,1955,info@lambertenghi.it,+39 347 2306246,http://www.lambertenghi.it,,OSM,
Rifugio Casera Tartoi,,35941936,46.4635656,12.5777876,1711,,,,,OSM,
Rifugio Som Picol,,35942009,46.4399086,12.5644398,1466,,,,,OSM,
Rifugio Giaf,,35942653,46.4237103,12.5197093,1400,,,https://rifugiogiaf.org/,,OSM,
Rifugio Chiampizzulon,Comune di Rigolato,35943657,46.5519649,12.7981739,1628,info@rifugiochiampizzulon.it,,http://www.rifugiochiampizzulon.it,34,OSM,
Agriturismo Malga Tuglia,,35943682,46.5620305,12.7635957,1597,,,,12,OSM,
Malga Moraretto,,35944055,46.5864902,12.8855847,1703.0,,,,,OSM,
Rifugio Giovanni e Olinto Marinelli,Club Alpino Italiano Sezione di Udine,35944076,46.5934996,12.8969507,2111,cate_selva@libero.it,+39 0433 779177,https://www.rifugiomarinelli.com/,,OSM,
Rifugio Edoardo Tolazzi,Consorzio Collina,35945051,46.5919198,12.8680056,1350,,+39 0433 72289,http://www.rifugiotolazzi.it,,OSM,
Casera Lavarèit,,35945211,46.5828717,12.9547979,1470,,,,,OSM,
Rifugio Fratelli De Gasperi,Club Alpino Italiano Sezione di Tolmezzo,35945271,46.5201936,12.6758061,1767,info@rifdegasperi.it,+39 0433 466446,https://www.rifdegasperi.it/,62,OSM,
Rifugio monte Talm,,35945338,46.5323967,12.8152748,1093,,,,,OSM,
Rifugio Eimblatribm,,35951688,46.4721193,12.728924,1441,,,,,OSM,
Rifugio Laugiane,,35984925,46.5066621,12.9371683,1592.0,,,,,OSM,
Rifugio Al Cocul,,35984933,46.5086948,12.9452099,1360,info@cocul.eu,+39 0433 775233,,,OSM,
Baita Goles,,35984939,46.5029558,12.935863,1593.0,,,,,OSM,
Rifugio Tamai,,35984990,46.5013839,12.9310156,1711.0,info@rifugiotamai.it,+39 371 109 8778,https://rifugiotamai.it/,,OSM,
Stella Alpina,,35985006,46.5146144,12.927441,1302.0,,,,,OSM,
Rifugio Tita Piaz,Comune di Ampezzo (UD),35987829,46.425676,12.7419207,1417,,,,,OSM,
Rifugio Fornas,,35991576,46.44546,12.9799109,961,mail@rifugiofornas.com,+39 0433 565507,https://rifugiofornas.com/,,OSM,
Rifugio Pietro Fabiani,Associazione Radici di identità Onlus di Tolmezzo,36008212,46.5933699,13.0783688,1566.0,,,http://www.friulitipico.org/prt/index.php?option=com_content&task=view&id=481&Itemid=157,,OSM,
Casera Promosio / Promôs,Azienda Regionale Foreste Friuli-Venezia Giulia,36008814,46.587378,13.0302765,1521.0,,,,,OSM,
Malga Cason di Lanza,,36008935,46.5661949,13.1715538,1560,,,,,OSM,
Malga Glazzat,,36013123,46.5173744,13.2492418,1344.0,,,,,OSM,
Rifugio Grauzaria,C.A.I. Moggio,36014914,46.4767689,13.1599572,1250,,,https://www.rifugiograuzaria.it/,,OSM,
Malga Poccet,,36015625,46.4868973,13.3248887,1367,,,,,OSM,
Wirtshaus Starhand,,36018657,46.561741,13.4821607,1459,,,,22,OSM,
Feistritzer Alm,,36018672,46.5600876,13.5073526,1725.0,,,,,OSM,
Rifugio Gortani,,36018926,46.5332289,13.468649,1127,,,,,OSM,
Malga Priu,,36019162,46.523506,13.4621302,1257,,,,,OSM,
Rifugio Fratelli Grego,Club Alpino Italiano Società Alpina delle Giulie,36020837,46.4575356,13.4551595,1389,,,,,OSM,
Plan dei Spadovai,,36020843,46.4618703,13.4230799,1163.0,,,,,OSM,
Rifugio Locanda al Convento,Preschern Giorgio (Parrocchia di Sant'Egidio - Camporosso di Tarvisio),36020898,46.4807333,13.5220767,1739.0,,,,,OSM,
Casere Cregnedul di Sopra / Casere Crignidûl Disore,,36021300,46.4008468,13.4784204,1515,,,,,OSM,
Rifugio Giacomo di Brazzà,Società Alpina Friulana,36021303,46.4144492,13.4465666,1660,,,,18,OSM,
Rifugio Guido Corsi,Club Alpino Italliano Società Alpina delle Giulie,36021484,46.4220146,13.5002452,1874,,,https://www.cai-fvg.it/sentieri-e-rifugi/rifugi-e-opere-alpine/rifugi-in-fvg/615-rifugio-corsi/,60,OSM,
Rifugio Luigi Pellarini,Club Alpino Italliano Società Alpina delle Giulie,36021486,46.4404421,13.5086676,1499,rifugiopellarini@rifugiopellarini.com,+39 333 7999272,http://www.rifugiopellarini.com,,OSM,
Rifugio Luigi Zacchi,Associazione Culturale di Promozione Sociale Cretz,36021506,46.4592265,13.6842975,1380,info@freetrek.it,+39 0428 786064,http://www.rifugiozacchi.it,20,OSM,
Rifugio Pordenone,Club Alpino Italiano sezione di Pordenone,36021602,46.3814488,12.4899373,1249,rifugio.pordenone@yahoo.it,+39 0427 87300,https://www.rifugiopordenone.it/,,OSM,
Rifugio Nino Flaiban e Fabio Pacherini,,36021607,46.3823143,12.560956,1587,,,,,OSM,
Rifugio Maniago,Club Alpino Italiano sezione di Maniago,36021744,46.3214647,12.3926745,1730,,+39 0427 667027,,,OSM,
Rifugio Cava Buscada,,36021748,46.3006312,12.3589565,1787.0,,,https://www.cavabuscada.com/,,OSM,
Rifugio Pussa,Club Alpino Italiano - Sezione di Claut,36021790,46.3454194,12.5951876,940,,+39 0427 87050,,,OSM,
Rifugio Casera Mela,,36021969,46.2931845,12.3678465,1179.0,,,http://www.caseramela.it/,,OSM,
Rifugio Casera Ditta,,36023225,46.2402393,12.3694191,956,,,,,OSM,
Rifugio Malga Grasia,,36023866,46.3677442,12.7786539,634,,,,,OSM,
Rifugio Valinis,,36027072,46.2344631,12.8079443,960.0,,,,,OSM,
Malga Confin / Malghe Cunfin,Azienda agricola Colomba di Colomba Daniel &c. S.S.A.,36035584,46.3423076,13.2179281,1331.0,info@altulin.com,+39 0432 97 28 70,https://www.altulin.com/malga-confin.html,,OSM,
Rifugio Divisione Julia,Club Alpino Italiano,36051519,46.3898394,13.4733866,1150.0,,,,55,OSM,
Rifugio Celso Gilberti,Club Alpino Italiano,36051557,46.3716703,13.4612448,1850,,,https://explorerfvg.com/luoghi/de/rifugi/rifugio-gilberti/,46,OSM,
Malga Coot,,36051779,46.3296294,13.427779,1190,,,,,OSM,
Rifugio A.N.A. Monteaperta,,36051977,46.2900532,13.3535394,1465,,,,,OSM,
Rifugio Alpino Guglielmo Pelizzo,Club Alpino Italiano sezione di Cividale,36052390,46.2029609,13.5385073,1325,rifugiomat@gmail.com,,https://www.cividale.com/it/il_rifugio_pelizzo,,OSM,
Baita Arneri,,36053801,46.1094109,12.498492,1625,,,,,OSM,
La Genzianella,,36053864,46.1046689,12.5145156,1275.0,,,,,OSM,
La Busa del Sauc,,36053879,46.1053779,12.5111544,1277.0,,,,,OSM,
Roncjade,,36054066,46.1128209,12.523138,1284.0,,,,,OSM,
Rifugio Casoni Solarie,Comune di Drenchia,36160252,46.1794456,13.660106,956,kellyiurman@hotmail.com,+39 342 0253313;+39 346 3922001,,,OSM,
Spitzsteinhaus,DAV Sektion Bergfreunde München,36333042,47.70463,12.24388,1252,info@spitzsteinhaus.de,+43 53 73 83 30,http://www.spitzsteinhaus.de,53,OSM,57
Eckbauer,,36333750,47.4658216,11.1330279,1216.0,,,,,OSM,
,,36555423,47.4688867,11.0878645,1108.0,,,,,OSM,
Rießerkopf Haus (Toni Hütte),,36555424,47.4689176,11.0882487,1096,,+49 8821 7308280,https://www.tonihuette-garmisch.de/,,OSM,
,,36555425,47.4686233,11.0880877,1108.0,,,,,OSM,
Rifugio Colò,Pavona Loretta,36677079,46.3900918,13.1152257,612,info@rifugiocolo.it,+39 3474281877,https://www.rifugiocolo.it/,,OSM,
Malga Montasio,,36677850,46.4129233,13.4317052,1515.0,,,,,OSM,
Rifugio Alpe Pozza - Vincenzo Lancia,Società degli Alpinisti Tridentini,36743997,45.8272905,11.1447193,1825,info@rifugiolancia.it,+39 0464 868068,https://rifugiolancia.it/,64,OSM,630
Rifugio Baita Tonda,,37014394,45.8878794,11.1755126,1593.0,,,https://www.rifugiobaitatonda.it,,OSM,
Rifugio Bolettone,,37105518,45.837087,9.180257,1304,,,,30,OSM,
Rifugio Riva,,37289736,45.9704346,9.4197777,1021,info@rifugioriva.it,+39 328 7115705,http://www.rifugioriva.it,22,OSM,
Aueralm,,37452163,47.6889388,11.6731807,1269,mail@aueralm.de,,,,OSM,
Lenggrieser Hütte,DAV Sektion Lenggries,37576051,47.65,11.63,1338,info@lenggrieserhuette.de,08042 5633096,https://www.lenggrieserhuette.de,47,OSM,139
Hirschberghaus,,37652067,47.6658677,11.7030254,1511,,+498029465,https://www.hirschberghaus.de/,,OSM,
Alpe Kammeregg,Stefan Schwarz,37715435,47.565796,10.3107952,1200,info@alpe-kammeregg.de,+49 8327 1049,https://www.alpe-kammeregg.de/,,OSM,
Prielschutzhaus,OeAV Sektion TK Linz,37779558,47.704935,14.081894,1420,,+43756420602,https://www.prielschutzhaus.com,150,OSM,336
Kaiserjochhaus,DAV Sektion Leutkirch,37977668,47.173413,10.3259081,2310,info@kaiserjochhaus.at,+436641556533,https://kaiserjochhaus.at/,,OSM,
,,38000494,45.8263957,10.7553654,1334.0,,,,,OSM,
Rifugio S.E.V.,Società Escursionisti Valmadreresi,38082664,45.8642679,9.3274254,1235,,+39 338 5063747,https://rifugiosev.it/,50,OSM,
Refuge de la Gittaz,,38144283,45.7226985,6.6746996,1675.0,,,https://refuge-gittaz.com/,31,OSM,
Weilheimer Hütte,DAV Sektion Weilheim,38173874,47.5472281,11.1887844,1946,,+49 1702708052,https://dav-weilheim.de/huetten/weilheimer-huette/,,OSM,
Rifugio Alpe Corte,CAI Bergamo - Sez. A. Locatelli,38221584,45.9578008,9.8239857,1410,alpecorte@caibergamo.it,+39 0346 35090,http://www.caibergamo.it/uo.php?uo=ALPEC,24,OSM,
Alp Oberchäseren,,38423074,47.1779098,9.1288356,1643.0,,+41 55 611 11 71,https://www.alp-oberchaeseren.ch,,OSM,
Mindelheimer Hütte,DAV Sektion Mindelheim,38431259,47.292336,10.1948943,2058,,+49 8322 700153,https://www.mindelheimer-huette.de/,,OSM,
Koča na Čemšeniški planini,,38435639,46.1902901,14.9617455,1120,,,,,OSM,
Malga Lessinia,,38496520,45.6963188,11.0079324,1616,,+39 0335 257339,https://www.rifugiomalgalessinia.it/,,OSM,
Rifugio Stoppani,,38510469,46.2149333,10.900701,2439,info@rifugiostoppanicampiglio.it,,https://www.stoppanidolomiteslodge.it/,,OSM,
Rifugio Cacciatore,,38564018,46.129947,10.8805046,1820,,,http://www.rifugiocacciatore.com,,OSM,
Rifugio Val d'Ambiez - Silvio Agostini,Società degli Alpinisti Tridentini,38564403,46.1424346,10.8694778,2410,info@rifugioagostini.com,+39 0465 734138,https://www.rifugioagostini.com/,57,OSM,637
Rifugio Maria e Alberto al Brentei,Club Alpino Italiano,38612573,46.1752428,10.876025,2182,,,https://www.rifugiobrentei.it,,OSM,
Rifugio Francis Fox Tuckett,Società degli Alpinisti Tridentini,38613134,46.1920149,10.8821454,2272,,+39 0465 441226,https://www.rifugio-tuckett.it/,110,OSM,
Refuge de la Blanche,,38822534,44.6663591,6.9403482,2500,refugedelablanche@outlook.fr,+33 4 83 43 83 80,https://www.refugedelablanche.com,18,OSM,
,,38912305,46.0232641,11.0378016,1541.0,,,,,OSM,
Rifugio albergo Monte Avaro,,38937238,46.0062511,9.5976412,1702,,,,,OSM,
Jausenstation Unteraigen,,38969737,47.2728158,12.7508711,850.0,,,http://www.jausenstation-unteraigen.at,,OSM,
Karlsbader Hütte,DAV Sektion Karlsbad,39173072,46.7630681,12.8011593,2260,karlsbaderhuette@aon.at,+43 664 9759998,https://www.karlsbaderhuette.at/,,OSM,
Dolomitenhütte,Frau Scarlett Olesova & Herr Juraj Oles,39179631,46.7897838,12.7835767,1616,info@dolomitenhuette.at,+43 664 2253782,https://dolomitenhuette.at,,OSM,
Wildkogel Haus,Familie Hutter,39207981,47.2796747,12.2956857,2005,wildkogelhaus@aon.at,+43 6565 6672,https://www.wildkogelhaus.at/,,OSM,
Enzianhütte,Fam. Blaikner,39215338,47.2090474,12.3473876,1313,info@hauserhof.at,+43 6566 7383,https://www.hauserhof.at/enzianhuette.html,,OSM,
Alpenrose,,39215339,47.1988788,12.3498428,1384,alpenrose@salzburg-online.at,+43 6566 8670,http://www.alpenrose-habachtal.at/,,OSM,
Berndlalm,,39216603,47.1852949,12.2597822,1514,,,,,OSM,
Rifugio Casa dell'Alpino,,39271752,46.0081421,8.4816078,1260,,,,,OSM,
,,39308957,47.2961663,12.2935087,1868,,,,,OSM,
Trattenbach-Hochalm,,39351542,47.2935186,12.1817193,1955,,,,,OSM,
Trattenbach-Grundalm,,39351545,47.2941631,12.2044039,1770.0,,,,,OSM,
Sonntagsalm,,39351549,47.2941501,12.2218979,1606.0,,,,,OSM,
Rifugio SABA Ca' Arera,,39467168,45.9163721,9.7954889,1566.0,,,,,OSM,
Rifugio Luigi Vaccarone,CAI,39670282,45.1539669,6.9170071,2747,custodi@rifugiovaccarone.eu,+39 0122 33226,http://www.rifugiovaccarone.eu/,15,OSM,
Rifugio Levi Molinari,,39670289,45.1149231,6.8954575,1849,info@rifugiolevimolinari.it,+39 0122 58241,https://www.rifugiolevimolinari.it/,46,OSM,
Refuge du Petit Mont Cenis,,39672207,45.2158917,6.8833719,2110,,+33 4 79 05 88 67,https://www.petitmontcenis.com/,53,OSM,
Rifugio Stellina,,39672226,45.215547,7.0418142,2595,,+39 0122 653333,,,OSM,
Rifugio Ca' d'Asti,Privato,39674742,45.1910909,7.0747545,2854,,+39 0122 33192,,100,OSM,
Capanna Sociale Aurelio Ravetto,,39674761,45.186862,7.1316489,2545,,,,,OSM,
Rifugio Alimonta,,39687327,46.1739418,10.8919996,2580,,+390465440366,https://www.rifugioalimonta.it/,,OSM,
Gamshütte,DAV,39727697,47.130481,11.807152,1921,,+436644282969,https://www.gamshuette.at,38,OSM,169
Wasseralm in der Röth,DAV Sektion Berchtesgaden,39742124,47.4948074,13.006579,1423,,+49 8652 6091160,https://www.dav-berchtesgaden.de/Huetten/GrosseHuetten/Wasseralm,,OSM,
Olpererhütte,DAV,39911021,47.04,11.68,2389,info@olpererhuette.de,+436644176566,https://www.olpererhuette.de,72,OSM,119
Chalet Grat,,40325284,46.5921331,7.2962247,1652.0,info@chaletgrat.ch,+41 26 929 81 78,https://chaletgrat.ch/,,OSM,
Gimpelhaus,private,40719429,47.4940237,10.6140914,1659,,+43 5675 8251,http://www.gimpelhaus.at/de/,,OSM,
Tannheimer Hütte,,40719448,47.4956529,10.6196721,1713,,,,,OSM,
Schneetal Alm,Karin Ried,40719575,47.4870147,10.6394395,1640,info@Schneetalalm.at,+43 676 9604415,https://www.schneetalalm.at/,,OSM,
Ostlerhütte,,40772439,47.5486537,10.5513402,1838,,,https://www.die-ostler-huette.de/,,OSM,
Refuge du Nant du Beurre,,40784837,45.5830538,6.5612059,2081.0,,,,,OSM,
Refuge de la Coire,,40785150,45.6182938,6.6085085,2062,,+33 6 82 12 40 42,,,OSM,
Berggasthaus Alter Säntis,Ruedi und Claudia Manser-Abderhalden,41016083,47.2496015,9.3442906,2465,info@altersaentis.ch,+41 71 799 11 60,https://www.altersaentis.ch/,,OSM,
Refuge du Couvercle,Fédération française des clubs alpins et de montagne,41222110,45.9102252,6.965303,2683,,,,64,OSM,
Utia Resciesa - Schutzhütte Raschötz - Rifugio Resciesa,,41875349,46.6004461,11.662151,2170,info@rifugioresciesa.com,+39 328 3345986,http://www.rifugioresciesa.com/,,OSM,
Forte Rione,,41951921,45.7703594,11.2997959,1673.0,,,,,OSM,
Emilio-Comici-Hütte - Rifugio Emilio Comici,,41964731,46.5286618,11.7480803,2153,,+39 0471 794121,,,OSM,
Stevia,,42143831,46.5730782,11.7713707,2312,info@stevia.bz.it,+39 347 3053879,,,OSM,
Rifugio Capanna Piz Fassa,,42223145,46.5089703,11.8281424,3152,info@rifugiocapannapizfassa.com,+39336452523,https://www.rifugiocapannapizfassa.com/,,OSM,
Rifugio Boé,Società degli Alpinisti Tridentini,42224521,46.514612,11.8232878,2871,rifugioboe@gmail.com,+39 0471 847303,https://www.rifugioboe.it/,69,OSM,
Utia Pisciadù - Pisciadù Hütte - Rifugio Franco Cavazza al Pisciadù,CAI Bologna,42227260,46.5364216,11.8218047,2587,,,,176,OSM,
Rifugio Forcella Pordoi,,42253280,46.5018889,11.8123954,2848,,,,,OSM,
Rifugio Maria,,42257301,46.5004415,11.8077105,2950,,,,,OSM,
Rifugio Col Alt,,42265456,46.5526512,11.8863252,1980,,,,,OSM,
Heiligkreuz-Hospitz,,42321524,46.6144981,11.9384619,2045,,,https://www.lacrusc.com/,,OSM,
Rifugio Finonchio Fratelli Filzi,Società degli Alpinisti Tridentini,42375538,45.9004484,11.1148001,1603,,+39 0464 435620,,13,OSM,
Furtalm,,43082686,46.9649551,11.2977556,1682,,,,,OSM,
Magdeburger Hütte - Rif. Cremona alla Stua,"Erica Sorte, Anna Kumpf, Mauro Scattolini",43083618,46.9735518,11.2841751,2423,rifugiocremona@gmail.com,+39 338 2428278,https://rifugiocremona.com/,,OSM,
Müllerhütte - Rifugio Cima Libera,Heidi Wettstein,43127929,46.9631513,11.1778146,3145,,,https://www.muellerhuette.eu/,,OSM,
Becherhaus - Rifugio Gino Biasi al Bicchiere,Autonome Provinz Bozen-Südtirol - Provincia autonoma di Bolzano-Alto Adige,43127930,46.9609104,11.1922966,3195,,,https://www.becherhaus.it/,,OSM,
Gewinges-Alm,,43136529,46.9091822,11.2680372,2059,,,,,OSM,
Biwak Mintl,Selbstversorger Biwak,43330269,46.7971513,11.3834043,2144,,,,,OSM,
Faglsalm - Malga Fagls,Fam. Prünster,43388074,46.748959,11.1610164,1979,,,,,OSM,
Rifugio Bietti Buzzi,"Marco Madama, CAI Grigne - Mandello Lario",43476290,45.9546639,9.3736825,1719,rif.biettibuzzi@yahoo.it,+39 0341 735741,http://www.rifugiobiettibuzzi.it,30,OSM,
Gîte des Garins,,44028445,45.6909685,6.1467154,1101.0,,,https://refugedesgarins.net/,,OSM,
Koralpenhaus,"ÖAV, Sektion Wolfsberg",44480020,46.7908949,14.9564365,1966,,,http://www.koralpenschutzhaus.at/,,OSM,
Refuge de l'Oule,Commune de Pinsot,44890513,45.3140853,6.1354291,1836,,,http://www.refugedeloule.com/,,OSM,
Schildenwangalm,,44927168,47.4745268,13.7779129,1633,,,,,OSM,
Gufferthütte,Thomas Meyer,46482588,47.58,11.79,1475,,+43 676 62 92 404,https://www.gufferthuette.at,64,OSM,148
Metzeler-Hütte,,47448378,47.5561693,10.1406413,959.0,,,,,OSM,
Hinterhorn Alm,,47488721,47.3335368,11.5646464,1522,,,,,OSM,
Refuge de Péclet-Polset,Club Alpin Français,47597059,45.289338,6.6591978,2479,,+33 4 79 08 72 13,https://refugepecletpolset.ffcam.fr/,,OSM,
Refuge du Roc de la Pêche,,47600502,45.3278498,6.6912452,1911,,+33 4 79 08 79 75,https://www.lerocdelapeche.com/page/home,,OSM,
Refuge Le Repoju,,47801203,45.3479023,6.7020332,1731.0,,,https://www.refuge-repoju.com/,,OSM,
Haus Schattwald,DAV Sektion Geislingen/Steige,49219041,47.5140907,10.4652601,1100,,,https://www.alpenverein-geislingen.de/,,OSM,
Wormser Hütte,DAV Sektion Worms,50302011,47.0637796,9.974689,2307,wormserhuetteschruns@gmail.com,+43 664 1320325,http://www.wormser-huette.at,,OSM,667
Hörnlehütte,DAV Sektion Starnberg,50842438,47.6441839,11.0548936,1390,,+49 8845 229,https://www.hoernlebahn.de/?H%D6RNLEH%DCTTE,,OSM,
Nauderer Hütte,DAV Sektion Bremen,51008473,46.8779476,10.5482911,1910,,,https://www.alpenverein-bremen.de/huetten/nauderer-huette,,OSM,
Malga di Piazza Manzone,,52162214,45.9040392,9.8639783,883.0,,,,,OSM,
Böglalm,,53236735,47.3750999,11.9511648,1180,,,,,OSM,
Rifugio Bartolomeo Gastaldi,,55693706,45.2978399,7.1432978,2659,info@rifugiogastaldi.com,+390123565008,https://www.rifugiogastaldi.com/,76,OSM,
Refuge d'Avérole,Club Alpin Français,55693707,45.2971572,7.0843286,2210,,+33 4 79 05 96 70,https://refugedaverole.ffcam.fr/,,OSM,
Refuge des Évettes,Club Alpin Français,55693843,45.3684922,7.1073833,2594,,+33 4 79 05 96 64,https://refugedesevettes.ffcam.fr/,,OSM,
Rifugio Achille Papa,Club Alpino Italiano,56096110,45.7839611,11.1859202,1929,,+39 0445 671026,,60,OSM,
Rifugio Campogrosso,,57710004,45.7283306,11.1738434,1456,rifugiocampogrosso@gmail.com,+39 0445 75030,https://www.rifugiocampogrosso.com/,,OSM,
Refuge de Basse Rua,,57721313,44.6237332,6.718049,1750,contact@refuge-basserua.fr,+33 6 22 66 58 21,http://www.refuge-basserua.fr/,24,OSM,
Wank-Haus,DAV Sektion Garmisch-Partenkirchen,57969046,47.5083714,11.1433861,1780,,+49 8821 56201,https://wankhaus.de/,,OSM,
Rifugio Gremei,Ezio Berera,58480160,45.9888608,9.7134665,1555,,,,,OSM,
Rifugio Fos-ce,SAT - Sezione di Brentonico,58507354,45.7859519,10.8864191,1435,,+39 0464 391450,https://www.satbrentonico.com/sezione-1/rifugio-fos-ce/,9,OSM,
Rifugio Vittorio Emanuele II Nuovo,CAI Sezione di Torino,58526794,45.5126737,7.2296059,2735,,,https://www.rifugiovittorioemanuele.com,120,OSM,
Malga Ronchetta,,58610243,45.7639964,11.2860164,1319,,,,,OSM,
Alpengasthof Patsch,,58654793,46.9282537,12.2260657,1675,,,,,OSM,
Barmer Hütte,DAV Sektion Barmen,58802208,46.917220,12.16904,2610,,0043 6649489413,https://www.dav-wuppertal.de/huetten-kletteranlagen/barmer-huette,38,OSM,188
Rifugio Passo San Marco 2000,,58831560,46.0390173,9.6296909,1830,sanmarco2000@live.it,+39 0345 86020,,45,OSM,
Cantoniera di San Marco,Salvini e Rossi,58831621,46.0428155,9.6269336,1832,,+39 0345 86222,,50,OSM,
Malga Romeno,,59326765,46.3727172,11.1960773,1773,cristinafrancisi@tiscali.it,+393401559707,https://www.outdooractive.com/de/hut/nonsberg-gruppe/malga-di-romeno/2532820,,OSM,
Rifugio Ardosetta,,59384997,45.8660337,11.8095087,1469.0,,,,,OSM,
Rifugio Bassano,,59385049,45.8733682,11.8030107,1750,,+39 0423 53101,http://www.cimagrappa.it/,,OSM,
Rifugio Coni Zugna,Thomas Simoncelli,59428765,45.8078379,11.0581094,1628,,+39 0464 076565,https://rifugiozugna.it/,,OSM,
Rifugio Guglielmo Jervis,Luca Pacino,59467218,45.4335638,7.1903811,2250,,,,26,OSM,
Kasseler Hütte,DAV,59484532,47.06,11.95,2177,,+436644016033,https://www.kasselerhuette.de,85,OSM,178
Rifugio Trivena,,59701053,46.0501398,10.6124392,1650,,,https://www.trivena.com/,,OSM,
Rifugio Vederna,privato,59721521,46.1210008,11.7951696,1324,,,,,OSM,
Rifugio Cima Piemp,Associazione Nazionale Alpini di Tignale,59968029,45.7507337,10.70545,1160,,,,,OSM,
Malga Nardis,ASUC BALLINO,60133602,45.9702962,10.7785898,1784,,,,,OSM,
malga Cogorna,,60133604,45.9841479,10.7973558,1667,,,,,OSM,
Rifugio Malga Campei,,60208512,45.8292234,10.9177538,1470,,,,,OSM,
Untere Suttenalm,,60305502,47.6577997,11.8444886,1198.0,,,,,OSM,
Bodenschneidhaus,DAV Sektion Bodenschneid,60310929,47.67891,11.84845,1365,,+4980264692,https://www.bodenschneidhaus.de,48,OSM,218
Obere Firstalm,Ingrid Votteler GmbH,60315210,47.6700782,11.8540124,1369,info@firstalm.de,+49 8026 7302,https://firstalm.de/,,OSM,
Rifugio Guide del Cervino,,60356684,45.9338928,7.7081151,3480,+39 0166 948369,+39 0166 948369,,,OSM,
"Rifugio Altissimo ""Damiano Chiesa""",Società degli Alpinisti Tridentini,60442163,45.8103804,10.8903784,2059,,+39 0464 867130,,,OSM,
Rifugio Antonietta,Dario Pensa,60557728,45.945443,9.416102,1365,,+39 0341 955462,https://www.rifugioantonietta.it/,,OSM,
Rifugio Alpini Passo Nota,,60691448,45.8375352,10.7447419,1229.0,,,,,OSM,
Rifugio Combal,,60798370,45.7763715,6.867731,1969,,,https://cabaneducombal.com/,,OSM,
Rifugio Elisabetta Soldini Montanaro,C.A.I. Milano,60798744,45.7669994,6.8374353,2194,info@rifugioelisabetta.com,+39 0165 844080,https://www.rifugioelisabetta.com/,,OSM,
La Casermetta,,60813251,45.7524794,6.8162348,2365,,,,,OSM,
"Rifugio Bocca di Trat ""Nino Pernici""",Società degli Alpinisti Tridentini,60888512,45.9266112,10.7686823,1600,rif.pernici@gmail.com,,,30,OSM,
Rifugio Selleries,,60957361,45.0475973,7.1204189,2023,info@rifugioselleries.it,+39 0121 842664,https://www.rifugioselleries.it/,40,OSM,
Überetscher Hütte - Rifugio Oltradige,Club Alpino Italiano,60972192,46.3641209,11.1971082,1775,info@ueberetscherhuette.it,+39 338 2820065,https://www.rifugiooltradigealroen.it/,30,OSM,
Bruggeralm,,61110046,46.8908902,12.3466619,1818,,,,,OSM,
Rifugio Stivo Prospero Marchetti,Società degli Alpinisti Tridentini,61376550,45.9211403,10.9619155,2012,info@rifugiostivo.it,,http://rifugiostivo.it/,20,OSM,
Rifugio Rosalba,Club Alpino Italiano - Sezione di Milano,61572334,45.9222783,9.3761564,1730,,+39 0341 202383,,43,OSM,
Rifugio Città di Chivasso,Club Alpino Italiano Sezione Chivasso,61579174,45.4797953,7.142839,2603,,,https://www.caichivasso.it/RifugioCittaDiChivasso/,38,OSM,
Rifugio Savoia,Club Alpino Italiano,61579198,45.4859098,7.1434508,2534,,,,50,OSM,
Mittagerhütte,,61635491,46.6810869,11.2962347,2271,,,,,OSM,
Hintereggalm,,61635498,46.7496402,11.2635801,1974,hintereggalm@gmail.com,,,,OSM,
Rifugio Realdo,,61763684,44.0308402,7.7168549,1044.0,rifugio@realdovive.it,+39 339 1183 146,,,OSM,
Rifugio Loa,Fratelli Belotti S.n.c.,61817058,46.103504,10.337628,1197,,,,23,OSM,
Rifugio Alpini Monte,,61817130,46.101809,10.3484862,1287.0,,,,,OSM,
Rifugio Luigi Albani,Club Alpino Italiano - Sezione di Bergamo,61840394,45.9661201,10.0559953,1939,,+39 0346 51105,http://www.caibergamo.it/index.php?inurl=uo.php%3Fuo%3DALBAN,40,OSM,
Rifugio Magnolini,,61870813,45.8713508,10.0820405,1612,,,,25,OSM,
Mooseralm,,61887516,46.8922142,12.3660726,2350,,+43 4873 20066,,,OSM,
Weissenhofhütte Hintergnadenalm,,61959030,47.2561025,13.4886332,1332.0,info@weissenhof.at,+43 6452 7001,https://www.weissenhof.at/de/,,OSM,
Rifugio Dino Tavecchia,Mauro Buzzoni Snc,61963811,46.0164687,9.4706015,1510,info@rifugiotavecchia.it,+39 0341 980766;+39 340 5012449,https://www.rifugiotavecchia.it/,,OSM,
Rifugio Alberto Grassi,Proprietario: Società Escursionisti Lecchesi; gestori: Anna Bortoletto e Amos Locatelli,61963968,46.0094125,9.4918107,1987,info@rifugiograssi.it,+39 348 8522784,http://www.rifugiograssi.it,40,OSM,
Rifugio Santa Rita,,61964594,46.0248558,9.5003273,1989,,+39 0341 982034,,70,OSM,
Rifugio Giuseppe Buzzoni,"CAI Introbio, Claudio Prada",61970640,45.9812208,9.4930361,1560,rifugiobuzzoni@libero.it,+39 0341 981175,https://www.rifugiobuzzoni.it/,34,OSM,
Rifugio San Pietro,Andrea Berteotti,61972114,45.9327447,10.8386438,976,info@rifugiosanpietro.eu,+39 0464 500647,http://www.rifugiosanpetro.eu/,18,OSM,
Berghaus Grindelwaldblick,,62015166,46.5893696,7.9606484,2109,,+41 33 855 13 74,https://www.grindelwaldblick.ch/,66,OSM,
Rifugio Carè Alto,Società degli Alpinisti Tridentini,62030411,46.1076518,10.6261035,2450,rifugio@carealto.it,+39 0461 948080,http://www.carealto.it/,85,OSM,
Rifugio Sandro Occhi all'Aviolo,Simona Zani,62297304,46.1976456,10.4148339,1930,,,,,OSM,
Refuge du Marais,Les Amis de la Nature,63086184,45.1416047,5.86749,1110,,+33 4 76 09 02 99,https://amis-nature.org/spip.php?article246,,OSM,
Rifugio Arnaldo Bogani,Mariangela Buzzoni,63499531,45.9674162,9.378842,1816,,+39 368 352 7021,http://www.rifugiobogani.com/,53,OSM,
Rifugio Brioschi,Club Alpino Italiano,63505785,45.9531725,9.3873835,2403,,+39 0341 910498,https://www.rifugiobrioschi.com/,27,OSM,
Refuge de Loriaz,Mairie de Vallorcine,63751581,46.0390929,6.9132559,2020,refuge.loriaz@orange.fr,+33 6 52 53 69 73,https://www.refuge-loriaz.com/,49,OSM,
Refuge du Crêt du Poulet,,64025534,45.3288596,6.0597743,1720.0,,,,23,OSM,
Chalet Alpin L'Eychauda,Club Alpin Français,64219490,44.8606192,6.4921512,1267,,+33 4 92 23 49 51,https://chaletleychauda.ffcam.fr/,,OSM,
Rifugio Rosazza,Claudia Comello,64537436,45.6340634,7.9505767,1830,,,,18,OSM,
Refuge de Véran,Club Alpin Français,65189570,45.9790339,6.6705575,1608,caf.sallanches@orange.fr,+33 6 67 25 28 53,https://refugedeveran.ffcam.fr,27,OSM,
Refuge de Tornieux,,65193253,45.9488279,6.5925949,1452.0,,+33 9 88 66 41 21,https://refuge-tornieux.com/,,OSM,
Refuge de Mayères,,65195594,45.950207,6.587155,1564.0,,,,,OSM,
Refuge de Doran,,65198121,45.9687964,6.5874175,1495,,,,,OSM,
Rifugio Des Alpes,,65400061,46.4966886,11.7516217,2387,,,,,OSM,
Rifugio Mandrone,Società degli Alpinisti Tridentini,66296759,46.2025653,10.5711758,2442,davide.gallazzini@virgilio.it,+39 0465 501193,,100,OSM,
Rifugio Cima d'Asta Ottone Brentari,Società degli Alpinisti Tridentini,66387405,46.1703065,11.6043945,2476,emanueletessaro@email.it,+39 0461 594100;+39 340 3262094,https://www.rifugio-cimadasta.it,56,OSM,
Malga Monte Corno - Trudner Horn Alm,,66390582,46.287755,11.3273621,1710,,,,,OSM,
Rifugio Laghi di Colbricon,,66403605,46.2817551,11.7666968,1927,,,,,OSM,
Refuge de la Dent Parrachée,Club Alpin Français,66691276,45.2697528,6.7190486,2520,,+33 4 79 20 32 87,https://refugeladentparrachee.ffcam.fr/,,OSM,
Refuge de la Fournache,,66693718,45.2656274,6.7249833,2363,,,,,OSM,
Refuge de Trébentaz,,66913092,46.2674849,6.7919469,1865,,,,,OSM,
Refuge de Bise,Charlotte Treboux,66914025,46.3305532,6.7658932,1498,,,,,OSM,
Refuge de la Dent d'Oche,CAF Léman,66934732,46.3526391,6.728381,2114,,,,,OSM,
Brünnsteinhaus,DAV Sektion Rosenheim,67146529,47.644600,12.098450,1360,,+4980331431,https://www.bruennsteinhaus.de,48,OSM,210
Burglhütte,,67231968,47.4361121,10.0852816,1428,,+49 8328 92492 666,https://www.burglhuette.de/,,OSM,
Rifugio Parafulmine,Sci Club Valgandino,67331924,45.8407104,9.9379114,1536,rifugioparafulmen@gmail.com,,,,OSM,
Kobler Alm,,67375545,46.9567595,10.4829145,1921,,,,,OSM,
Rifugio Fontana Mura,,67398403,45.0181713,7.1871536,1726,info@rifugiofontanamura.it,+39 011 0241669,https://www.rifugiofontanamura.it,25,OSM,
Rifugio Malga Sorgazza,,67493498,46.1336536,11.5989327,1450,,,,,OSM,
Moosalm,,67595023,47.4004499,13.4085016,1106.0,,,,,OSM,
Stuhlalm,,68085020,47.5071364,13.4817302,1467,,,https://www.stuhlalm.at/,,OSM,
Rifugio Angelino Bozzi,Club Alpino Italiano - Sezione di Brescia,68760152,46.3030564,10.5695378,2478,,,,,OSM,
Monti Pallidi,,68826696,46.4983051,11.7912887,1838.0,,,,,OSM,
Carlo Valentini,,68827782,46.505959,11.7573656,2218,info@rifugiocarlovalentini.com,+39 0462 601183,https://www.rifugiocarlovalentini.com/,,OSM,
Rifugio Casa Assietta,,69423500,45.0610426,6.9403259,2527,,+39 0122 456329,https://www.rifugioassietta.it,,OSM,
Refuge du Tourond,,69502521,44.7170249,6.2222452,1712,,,,,OSM,
Refuge des Estaris,,69595135,44.7301803,6.3450304,2570,,,,,OSM,
Untere Roßalpe,,69658146,47.4860032,10.4986023,1400,,,,,OSM,
Refuge d'Ubine,Les Amis de la Nature de Thonon et du Chablais,70089496,46.3068401,6.7435572,1490,,,https://www.amis-nature.org/spip.php?article248,,OSM,
Wiesle Alm,,70122050,47.1129818,10.9590105,1520,info@wiesle.at,,https://www.wiesle.at/,,OSM,
Hotel SAT Lagorai,,70144248,46.1487667,11.5143138,1320.0,sat.lagorai@libero.it,+39 333 652 8048,https://www.satlagorai.it/,,OSM,
Almtalerhaus,Sektion Wels,70214928,47.754855,14.017935,714,almtalerhaus@aon.at,+436642374442,https://www.almtalerhaus.com,59,OSM,416
Rifugio Città di Ciriè,,70215945,45.3071621,7.16357,1850,info@rifugiocirie.eu,+390123738158,https://www.rifugiocirie.eu/,23,OSM,
Gundalpe,,70232832,47.5236662,10.1650471,1502,,+49 8323 4921,https://www.alpe-gund-huette-immenstadt-allgaeu.de/,31,OSM,
Diepoldsauer Schwamm,,70299405,47.3096619,9.4984591,1245,,,,,OSM,
Mitteralm,DAV Sektion Bergbund Rosenheim,70463565,47.7081367,12.0386168,1200,,+49 8034 308110,http://www.mitteralm-wendelstein.de/,54,OSM,
Chalet de la Froulaz,,70581451,45.8408605,6.2634852,1507.0,,,,,OSM,
Höllensteinhütte,,70732810,47.1316718,11.7218572,1740,,,,,OSM,
Malga Valsorda,,71055698,46.2092484,11.7428348,1919.0,,,,,OSM,
Chamonna Lischana CAS,Club Alpin Svizzer Secziun Engiadina Bassa,71171918,46.7655779,10.3345796,2500,info@lischanahuette.ch,+41 81 864 95 44,https://www.lischanahuette.ch/,42,OSM,78
Rifugio Laghi Gemelli,Club Alpino Italiano Bergamo,71261250,45.9929932,9.803528,1968,info@rifugiolaghigemelli.it,+39 0345 71212,http://www.rifugiolaghigemelli.it/,80,OSM,
Rifugio Trifoglio,,71338907,45.9771554,9.5135931,1343,,,,,OSM,
Rifugio Lecco,proprietario: CAI Lecco,71377687,45.9560211,9.502403,1780,,+39 0341 910669,https://www.cai.lecco.it/?page_id=prodotti&idcontenuto=279&idparent=455&LID=0,25,OSM,
Rifugio Sassi Castelli,Danilo Sergio Aluvisetti,71429582,45.9341136,9.5274569,1650,daluvis@tin.it,+39 0341 996084,http://www.rifugiosassicastelli.it/,34,OSM,
Rifugio Rododendro,,71663201,46.2462742,11.1083444,1553.0,,,,,OSM,
Rifugio Gherardi,CAI Bergamo,71884381,45.9257279,9.5648353,1650,,+39 0345 47302,http://www.caibergamo.it/index.php?inurl=uo.php%3Fuo%3DGHERA,69,OSM,
Agriturismo Prati Parini,,72046248,45.7736666,9.6335289,784,,,,,OSM,
Steinkaralm,,72434281,47.2673031,13.3585616,1693.0,,,,,OSM,
Weissenhofalm,Gabriela und Stefan Aichhorn,72434282,47.2804991,13.3564036,1770,,+43 664 5504925,https://www.weissenhofalm.at/,,OSM,
Malga Lunga m.1235,,72447193,45.8209996,9.9809967,1235,malgalunga@libero.it,+39 347 4763335,http://www.malgalunga.it/,,OSM,
Rifugio Angelo Casari,Giacomo Galizzi,72455549,45.9340812,9.5313561,1640,,+39 0341 996552,http://rifugiocasari.it/,,OSM,
Rifugio Cazzaniga-Merlini,Davide Luzzani e Valery Gurini,72455552,45.944497,9.5371547,1885,,+39 0341 997839,https://www.rifugiocazzaniga.it/,25,OSM,
Baita della Luna,,72463490,45.9340967,9.5268545,1650,,,,,OSM,
Schutzhaus Vorderötscher,,72490875,47.8317896,15.2245783,894.0,info@naturpark-oetscher.at,+43 2728 21 100,https://www.naturpark-oetscher.at/vorderoetscher,,OSM,
Rifugio Alpe Granda,,72501779,46.2067544,9.660991,1683,,,,18,OSM,
Rifugio Alpe Grem,Gruppo Sci Alpinistico Camos Gorno,72502050,45.8820255,9.8258538,1165,,+39 035 707256,http://www.valseriana.bg.it/ricettivita/rifugi/rifugio-alpe-grem,32,OSM,
Rifugio Salmurano,Rifugio Salmurano di Mazzoleni Carlo Battista,72502779,46.0281575,9.573723,1848,info@rifugiosalmurano.com,+39 349 113 7896;+39 335 161 9279,https://www.rifugi.lombardia.it/sondrio/gerola-alta/rifugio-salmurano.html,40,OSM,
Refuge de Furfande,,72558894,44.7276918,6.7121109,2300,,+33 6 16 56 23 79,https://www.refugedefurfande.com/,,OSM,
Rifugio Alpini Santo Stefano,ANA Tresivio,72612529,46.200603,9.9500633,1806,,,,,OSM,
Rifugio Alpe Lago,,72613671,46.0811048,9.6309944,1557,,+39 333 383 7326,,12,OSM,
Rifugio Alpe Piazza,,72615290,46.0953185,9.6299174,1835,,+39 338 4647620,,22,OSM,
Refuge de la Cime du Melezet,,72649618,44.6439747,6.8031296,1811.0,,,,,OSM,
Rifugio Mario Merelli al Coca,,73130756,46.0547613,10.0098821,1892,rifugio.coca@email.it,+39 0346 44035,http://www.rifugiococa.it,70,OSM,
Rifugio Chiavenna,CAI - Sezione di Chiavenna,73133270,46.4030633,9.401901,2049,rifugio.chiavenna@virgilio.it,+39 0343 50490,https://www.rifugi.lombardia.it/de/sondrio/campodolcino/hutten-chiavenna.html,73,OSM,
Rifugio Antonio Curò,"Fabio Arizzi, Marzia Albricci, Angelo Ghilardini",73138332,46.0618554,10.0477765,1915,info@antoniocuro.it,+39 0346 44076,https://www.antoniocuro.it/,100,OSM,
Rifugio FALC,Elisa Cielok,73140331,46.0245692,9.5229718,2120,info@rifugiofalc.it,+39 331 7884452,https://www.rifugiofalc.it/,,OSM,
Les Ailes du Nant,,74064450,45.7365798,6.1881559,1350,,,http://ailesdunant.free.fr/,,OSM,
Rifugio XII Apostoli,Società degli Alpinisti Tridentini,74324575,46.1506526,10.8474143,2489,rifugio@dodiciapostoli.it,+39 0465 501309,http://www.dodiciapostoli.it/,38,OSM,
Rifugio Antermoia,Società degli Alpinisti Tridentini,74495656,46.4770349,11.6639322,2497,info@rifugioantermoia.com,+39 0462 602272,https://www.rifugioantermoia.com/,60,OSM,
Rifugio Paul Preuss,private,74495662,46.4580086,11.632589,2243,,,,,OSM,
Rifugio Vajolet,Società degli Alpinisti Tridentini,74495667,46.458555,11.6327282,2243,info@rifugiovajolet.com,+39 0462 763292,https://www.rifugiovajolet.com/,130,OSM,
Rifugio Bellano,Gruppo Escursionisti Bellanesi,74619173,46.0957871,9.3470135,1309,,+39 0341 804309,,12,OSM,
Rifugio Bugone,Chiara Signori,74630139,45.8749778,9.0871649,1119,info@rifugiobugone.com,+39 031 513808,http://www.rifugiobugone.com,20,OSM,
Malga Spora,,74864827,46.1901583,10.9519518,1855,massimo.ciccolini@alice.it,+39 0461 653637,https://www.malgaspora.com/,,OSM,
Sonnalm,,74867645,47.2748802,10.3645214,1800,,+43 5634 6834,http://www.joechelspitze.at/,,OSM,
Hermann-von-Barth-Hütte,DAV Sektion Düsseldorf,75106212,47.3092601,10.3987159,2129,,+4356346671,https://www.hermann-von-barth.at/,,OSM,727
Capanna Caduti del Monte Baldo,,75117105,45.845166,10.8951416,1016.0,,,,,OSM,
Kemptner Hütte,DAV Sektion Allgäu-Kempten,75133409,47.3134051,10.3277716,1846,,+49 8322 700152,https://www.kemptner-huette.de/,,OSM,
Refuge du Grenairon,Patrice et Cécile Lavocat,75225360,46.0322745,6.7983035,1974,contact@grenairon.com,+33 4 50 34 47 31,https://grenairon.com/,,OSM,
Pforzheimer Hütte,,75312949,47.09283,11.04350,2308,pforzheimerhuette@alpenverein-pforzheim.de,+4369913294581,https://www.pforzheimerhuette.at,53,OSM,239
Waltenbergerhaus,DAV Sektion Allgäu-Immenstadt,75318759,47.2976776,10.2822579,2084,huettenwirt@waltenbergerhaus.de,+49832165621,https://waltenbergerhaus.de,,OSM,
Enzianhütte,,75465648,47.2984805,10.2567502,1803,,+49 170 7931655,https://www.enzianhuette-oberstdorf.de/,,OSM,
Rappenseehütte,DAV Sektion Allgäu-Kempten,75472593,47.288978,10.2550687,2091,,+498322700155,https://www.rappenseehuette.de/,,OSM,
Rifugio Genova-Figari,"Club Alpino Italiano sezione ""Ligure"" - Genova",75614681,44.1611004,7.3342552,2010,gestore@rifugiogenova.it,+39 0171 978138,https://www.rifugiogenova.it/,,OSM,
Rifugio Venini,,75897106,46.0088693,9.1670205,1576,info@rifugiovenini.com,+39 0344 56671,,25,OSM,
Edmund-Probst-Haus,DAV Sektion Immenstadt,75922177,47.413527,10.3471138,1932,,+49 8322 4795,https://www.edmund-probst-haus.de/,,OSM,
Rifugio Mantova al Vioz,Società degli Alpinisti Tridentini,76139910,46.399201,10.6357799,3535,info@rifugiovioz.it,+39 0463 751386,https://www.rifugiovioz.it/,30,OSM,
Rifugio Amprimo,,76258503,45.0991602,7.1450219,1383,,,,48,OSM,
Rifugio Valmalza,Toloni Daniela,76258889,46.326874,10.473731,1998,,,,,OSM,
Düsseldorfer Hütte (Zaytalhütte) - Rifugio Serristori,,76382087,46.5473457,10.6176322,2721,,+39 0473 613005;+39 333 2859740,,,OSM,
Rifugio Valtellina,,76605576,46.1321088,10.1618005,1912.0,,,,,OSM,
Martrüel,,76706308,46.7188051,9.6850192,2178,,,,,OSM,
Rifugio Toesca,CAI Torino,76706584,45.0820683,7.1401312,1711,info@rifugiotoesca.it,+39 0122 49526,https://www.rifugiotoesca.com,20,OSM,
Malga di Fondo,,76829171,46.4886649,11.1775672,1507.0,,,,,OSM,
Tabarettahütte - Rifugio Tabaretta,Società Guide Alpine Solda,77383435,46.5300874,10.5507725,2556,,,,,OSM,
Rifugio Francesco Gonella,CAI,77455428,45.8192635,6.8321787,3073,,+39 0165 885101;+39 339 5849608;+39 340 4065672,http://www.rifugiogonella.com/,,OSM,
Baita Bagneri - Cai Biella,Club Alpino Italiano - BIella,77684438,45.5779409,7.9479236,909.0,,,https://caibiella.it,,OSM,
Wodenalm,Familie Niederegger,77808151,47.0142239,12.5061771,1804,mortnerhof@zedlach.at,+43 4874 5313,,,OSM,
Eisseehütte,private,77928416,47.0555846,12.378934,2521,admin@eisseehuette.at,+43 680 2041698,https://www.eisseehuette.at/index.php,,OSM,
Essener-Rostocker Hütte,DAV,77998863,47.055000,12.297778,2208,,+43 4877 5101,https://www.essener-rostocker-huette.de,106,OSM,133
Anton-Karg-Haus,Sektion Kufstein,78158759,47.580049,12.277278,829,,+43 5372 62 578,https://www.antonkarghaus.at,91,OSM,172
Lucknerhütte,,78167535,47.039637,12.6905425,2241,,,,,OSM,
Auberge de Roybon,,78226893,45.0106817,5.4757125,1318.0,,+33 4 75 45 54 03,https://www.aubergederoybon.fr/,,OSM,
Anhalter Hütte,DAV Sektion Oberer Neckar,78318228,47.301383,10.667783,2040,,+436606647428,https://www.dav-obererneckar.de/Huetten_Wege/Anhalter%20Huette,74,OSM,395
Rifugio Don Barbera,,78416351,44.1581787,7.6735687,2070,info@rifugiodonbarbera.eu,+33 7 41 77 10 00,https://www.rifugiodonbarbera.eu/,46,OSM,
Hanauer Hütte,Deutscher Alpenverein Sektion Hanau,78608844,47.2497929,10.591026,1922,info@hanauer-huette.at,+43 664 266 91 49,https://hanauer-huette.at,,OSM,
Refuge de Varan,,78661488,45.945411,6.6893129,1620,,,,28,OSM,
Refuge Le Châtelet d'Ayères,Michel & Martine Gayet,78665050,45.9513859,6.7636712,1425,,,,,OSM,
Refuge de Platé,Club Alpin Français,78665211,45.9656118,6.7172842,2032,refuge.deplate@yahoo.fr,+33 6 47 20 05 87,https://refugedeplate.ffcam.fr/,,OSM,
Refuge d'Anterne Alfred Wills,Bruno Pezet,78668516,46.0044825,6.7913252,1810,,,,,OSM,
Stützpunkt der Berg- und Naturwacht,niederösterreichische Berg- und Naturwacht,79321220,47.8134946,16.0057839,1122.0,,,http://franzdrescher.magix.net/website/,,OSM,
Rifugio Fauniera,Club Alpino Italiano,79500932,44.3947019,7.1270469,2300,,,,30,OSM,
Rifugio SEC Marisa Consigliere,Associazione Società Escursionisti Civatesi S.e.c.,79929488,45.8391688,9.3059363,1110,,+39 0341 551383,https://www.escursionisticivatesi.it/?page_id=355,,OSM,
Rifugio Croce di Campo,Andrea Savonitto,79934982,46.1054268,9.1472012,1740,,+39 0344 679943,,35,OSM,
Rifugio Capanna Falco,Gruppo Escursionisti Cernobbio,79938781,45.8712714,9.0654557,1245,,+39 339 4913864,,12,OSM,
Rifugio Garzirola,,79939621,46.1073592,9.0797478,1974,,,,,OSM,
Capanna Mara,famiglia Santambrogio,79943439,45.8441093,9.1947427,1125,,+39 335 6776768,,,OSM,
Rifugio Martina,Carlo A. Ticozzi,79945135,45.9229899,9.2164415,1231,,+39 031 964695,https://www.rifugiomartina.com/,18,OSM,
Reichenhaller Haus,DAV Sektion Bad Reichenhall,80751554,47.7551145,12.8495662,1750,,+49 8651 5566,https://www.dav-badreichenhall.de/huetten-kletteranlagen/reichenhaller-haus,,OSM,666
Breininghütte,,81020564,47.5330804,13.4790719,1526,,,,,OSM,
Edtalmhütte,,81020592,47.5491282,13.4775999,1334,,,https://www.salzburg-abtenau.at/almen/urlaub-auf-der-almhuette/,,OSM,
Gablonzer Hütte,Sektion Neugablonz-Enns,81020836,47.53327,13.47980,1550,,+4361368465,https://www.gablonzerhuette.at,69,OSM,108
Zwieselalmhütte,,81026823,47.5421784,13.4728988,1440,,,,,OSM,
Salzmatt,,81254806,46.6653577,7.3192059,1638,,,,,OSM,
Hürlisboden,,81254836,46.6622373,7.3088694,1506,,,,,OSM,
,,81257939,46.6561645,7.2843713,1238,,,,,OSM,
,,81257942,46.6413148,7.2897988,1443,,,,,OSM,
Planitzenhütte,,81366091,47.1727212,13.1468309,1732,,,,,OSM,
Grubhofhütte,,81366118,47.1724303,13.1473696,1740,,,,,OSM,
Grußberghütte,,81366290,47.1724442,13.1467407,1722.0,,,,,OSM,
Höfener Alm,Familie Dietrich,81626059,47.4750829,10.6495238,1680,,,https://www.hoefener-alm.at/,,OSM,
Adlerhorst,,81628876,46.9188869,13.3658206,2335,,,,,OSM,
Schwarzrieshütte,private,81639631,47.7217117,12.2344267,973,,+43 676 7676480,https://www.schwarzrieshuette.at/,,OSM,
Westfalenhaus,,81920286,47.1079388,11.1000843,2273,,,https://www.westfalenhaus.at/,,OSM,541
Hamburger Schihütte,,82169182,47.1480883,13.0602696,1944.0,,,http://www.hamburger-skihuette.at/,,OSM,
Haitzingalm,,82169298,47.156954,13.0721257,1773.0,,,,,OSM,
Bärsteinalm,,82169419,47.161875,13.0856333,1286,,,,,OSM,
Scheimhitt'n,,82226671,47.8111352,15.9795773,866,,+436603912491,https://www.wunderwiese.at/a-scheimhuette,,OSM,
Staufner Haus,DAV,82294319,47.491583,10.069167,1634,,083868255,https://www.staufner-haus.de,70,OSM,85
Rifugio Mottafoiada,,82330246,46.1570056,9.2121308,1325,,,,,OSM,
Rifugio Menaggio,Rifugio Menaggio di Dario Embi,82330247,46.0602511,9.2186675,1383,info@rifugiomenaggio.eu,+3903441930017,,20,OSM,
Rifugio Murelli,Club Alpino Italiano - Sezione di Moltrasio,82330248,45.8903891,9.107988,1200,,+39 335 8434493,https://www.rifugi.lombardia.it/como/carate-urio/rifugio-murelli.html,24,OSM,
Dümlerhütte,Sektion TK Linz,82620359,47.6733746,14.277584,1495,,,,,OSM,
Rifugio Bajon,CAI Domegge di Cadore,82629883,46.4987045,12.3847398,1828,info@rifugiobaion.it,+39 0433 87131,http://www.rifugiobaion.it/,49,OSM,
Rifugio Monte Agudo,,82630093,46.5469075,12.4057568,1559.0,,,,,OSM,
Deindlhütte,,82803159,47.7292942,12.1942939,1050,,,http://www.deindlalm.de/,,OSM,
Lagler Hütte,,82803164,47.7280151,12.1937559,1050,,,https://www.laglerhof-nussdorf.de/laglerh%C3%BCtte/,,OSM,
Breitenberghütte,Naturfreunde Deutschland,82814302,47.7226414,12.068087,1050,,+49 8034 8663,https://www.breitenberghütte-brannenburg.de/,,OSM,
Emser Hütte,Naturfreunde Vorarlberg,82832790,47.3517326,9.7215874,1282,emserhuette@naturfreunde.at,,https://emserhuette.naturfreunde.at/,,OSM,
Rifugio Val Di Fumo,Società degli Alpinisti Tridentini,82967465,46.0844697,10.5625311,1997,,+39 0465 674525,https://www.sat.tn.it/rifugio-val-di-fumo/,50,OSM,
Gasthaus Veitenhof,,83052777,47.593171,12.2034314,724,otto.pirchmoser@aon.at,+43 5372 63415,https://www.veitenhof.at/,,OSM,
Pfandlhof,,83052779,47.5937938,12.2172863,780,,,,,OSM,
Ritzaualm,,83052786,47.6038666,12.2308714,1161,info@ritzaualm.com,+43 5372 63624,https://www.ritzaualm.com/,,OSM,
Rifugio Riella,Club Alpino Italiano - sezione di Como,83069649,45.8620294,9.1978524,1275,,+39 031 378600,http://it-it.facebook.com/pages/rifugio-riella/106902016025021,,OSM,
Rifugio San Jorio,"Associazione ""Operazione Mato Grosso""",83069686,46.1668227,9.1599339,1984,info@rifugiosjorio.it,+39 349 7279924;+39 0344 50539,https://www.rifugiosjorio.it/,25,OSM,
Vorderkaiserfeldenhütte,,83122401,47.6060712,12.2393808,1388,info@vorderkaiserfelden.com,+43 5372 63482,http://www.vorderkaiserfelden.com,,OSM,
Hans-Berger-Haus,Die Naturfreunde,83122419,47.5775517,12.2852001,936,,+43 5372 62575,https://bergsteigerschule.at/,,OSM,
Gruttenhütte,,83122437,47.55363,12.31104,1620,info@grutten-huette.at,+43 5358 43389,http://www.gruttenhuette.at/,90,OSM,154
Riedlhütte,B.Wieser,83191748,47.54095,12.2976957,1268,,,,,OSM,
Stripsenjochhaus,Sektion Kufstein,83191764,47.5770674,12.3105153,1602,office@stripsenjoch.at,+43 664 3559094,https://www.stripsenjoch.at/,,OSM,
Gaudeamushütte,,83191775,47.549167,12.324722,1263,,+43 5358 2262,https://www.dav-main-spessart.de,43,OSM,100
Kaindlhütte,,83191820,47.5660961,12.2315535,1293,info@kaindlhuette.com,+49 174 8067449,http://www.kaindlhuette.com/,,OSM,
Häuslalm Hütte,,83204245,47.589369,15.0754991,1526,m.schabhuettl18@gmail.com,+43 650 7812018,https://www.haeuslalm.at/,,OSM,
Schiestlhaus,Österreichischer Touristenklub,83204281,47.6221499,15.1483375,2153,,+43 699 10812199,,,OSM,
Rifugio San Lucio,Comune di Cavargna,83211916,46.087075,9.0897417,1554,,+39 338 3110521,,44,OSM,
Rifugio Vincino,,83219630,46.1829341,9.2266641,1160,,,,20,OSM,
Capanna Legnano,,83476110,45.9633518,8.3806664,1287,,,,,OSM,
Rifugio Soria Ellena,,83490821,44.1399831,7.3640512,1840,rifugiosoria1840@gmail.com,+39 0171 978382,https://rifugiosoria.com/,,OSM,
Bärenmoosalpe,,83522779,47.5573995,10.4968814,1248,,+49 8363 5162,,,OSM,
Rifugio Casera Dordona,,83801467,46.0705456,9.7553216,1935,,,,,OSM,
Dreischusterhütte - Rifugio Tre Scarperi,,83855898,46.67453,12.29722,1639,,+39 0474646066,http://www.drei-schuster-huette.com,47,OSM,310
Viehhauseralm,,83896174,47.0605517,13.0481059,1620,,,,,OSM,
Niedersachsenhaus,DAV Sektion Hannover,83896191,47.060278,13.010278,2471,,+4966488192505,https://www.niedersachsenhaus.at,54,OSM,319
Fürchterlichhütte,,83917389,47.4807602,10.8468049,980,,,,,OSM,
Rifugio non gestito San Vito di Lunella,,84014807,45.1991697,7.4176931,1256.0,,,,,OSM,
Kesselalm,Ludwig und Brigitte Wetscher,84097007,47.7142638,11.9798961,1278,,+4980282602,https://kesselalm.com/,20,OSM,
Adamekhütte,OeAV Sektion Austria,84131545,47.4922581,13.5838145,2196,,,https://www.adamek.at/,,OSM,
Theodor-Körner-Hütte,Sektion Akad. Sektion Wien,84131550,47.5055,13.4783,1456,,+436802216024,https://koerner-huette.at/,30,OSM,403
Hofpürglhütte,Alpenvereinssektion Linz,84131551,47.482214,13.519027,1703,,+4364538304,http://www.alpenverein.at/hofpuerglhuette/,70,OSM,111
Brunnenkogelhaus,ÖTK Österreichischer Touristenklub,84526830,46.9473802,11.0487582,2738,brunnenkogelhaus@oetk.at,+43 664 1234206,http://brunnenkogel.schutz.haus,,OSM,
Hochstubaihütte,Sektion Dresden des DAV e.V.,84526831,46.9816603,11.0646578,3173,,+43 720920305,http://www.hochstubaihuette.at,,OSM,
Hildesheimer Hütte,DAV Sektion Hildesheim,84541388,46.966545,11.117297,2899,info@gustl-soelden.at,+43 5254 2300,https://www.hildesheimerhuette.at/index.html,70,OSM,369
Franz-Senn-Hütte,Sektion Innsbruck,84547654,47.0851251,11.168697,2147,,+4352262218,https://www.franzsennhuette.at,,OSM,675
Rifugio Ciampac,,84653322,46.4454166,11.7709939,2148.0,,,,,OSM,
Rifugio Tobià del Giagher,,84653328,46.44473,11.7698914,2159.0,,,,,OSM,
Starkenburger Hütte,,84674198,47.1268166,11.2795752,2237,,+436645035420,https://www.alpenverein.at/huetten/?huette_nr=0637,,OSM,693
Dreizinnenhütte - Rifugio Antonio Locatelli/Sepp Innerkofler,,84679331,46.6369375,12.3104861,2405,,,https://www.dreizinnenhuette.com/,,OSM,
Rifugio Casera Vecchia di Varrone,Sezione CAI di Premana,84697874,46.0346632,9.4994807,1675,,+39 0341 188 1142,https://www.rifugiovarrone.com/,24,OSM,
Martin-Busch-Hütte,DAV Sektion Berlin,84977315,46.8010543,10.8869356,2501,info@hotel-vent.at,+43 5254 8130,https://dav-berlin.de/huetten-ueberblick-anfahrt/oetztal/martin-busch-huette/,176,OSM,476
Similaunhütte - Rifugio Similaun,D. Pirpamer Markus GmbH,84977320,46.7724375,10.8546135,3019,,+39 0473 669711,https://www.similaunhuette.com,,OSM,
,Familie Nutz,84994214,47.6180356,13.4514959,1238.0,,,,,OSM,
Hainfelder Hütte,Österreichischer Touristenklub,85042838,48.0193956,15.7537657,924,,,,,OSM,
Lindensteinhütte,Naturfreunde Rohrbach,85042845,48.0274547,15.7445729,690,,,,,OSM,
Sennhütte Gernalm,,85077569,47.4520486,11.6348118,1160,,,,,OSM,
Gütenbergalm,,85131471,47.4432468,11.6453269,1545,,,,,OSM,
Feilalm,,85132012,47.4437232,11.6599535,1380,,,,,OSM,
Affentalalm,,85134310,46.9925734,12.1369415,2189,,,,,OSM,
Reisalpen Schutzhaus,ÖTK Österreichischer Touristenklub,85449430,47.9563423,15.6624434,1391,,,,,OSM,
Goiserer Hütte,OeAV Sektion Bad Goisern,85472419,47.37,13.33,1592,info@goisererhuette.at,+43 6135 21450,http://www.goisererhuette.at,22,OSM,106
Lodge,,85485438,47.5217086,13.692543,2060.0,,,https://www.lodge.at/,,OSM,
Kleinzeller Hinteralm,,85505434,47.9620653,15.6780643,1026,,,,,OSM,
Ebenwaldhütte,,85523198,47.9857643,15.6867873,1044,Gertrude.thalhammer@gmx.at,+432766 3212,https://www.instagram.com/ebenwaldhuette/,,OSM,
Niederelbehütte,,85615278,47.0624849,10.3159987,2300,info@niederelbehuette.at,+43 676 41 52 355,http://www.niederelbehuette.at/,,OSM,
Rossalm,,85638718,47.5665652,13.5792554,1387,,,https://www.rossalm.at/,,OSM,
Zittelhaus,Alpenverein Rauris,85718959,47.0540434,12.9573612,3106,,+43 664 75199527,https://www.zittelhaus.at,,OSM,695
Saarbrücker Hütte,,85800043,46.89845,10.03605,2538,,+43 6648925587,https://www.saarbrueckerhuette.com,74,OSM,309
Wiesbadener Hütte,"Heinrich Lorenz, Landle 18a, 6563 Galtür, Austria",85800219,46.8684,10.1161,2443,wiesbadener@gmx.net,0043 5558 4233,http://www.wiesbadener-huette.com/,160,OSM,234
Madlenerhaus,,85800333,46.9170828,10.0853729,1986,info@madlenerhaus-silvretta.com,+43 650 721 2010,https://www.madlenerhaus-silvretta.com/,,OSM,
Tübinger Hütte,,85800400,46.911669,10.003486,2193,tuebinger.huette@dav-tuebingen.de,+43 690 2007 1605,https://www.tuebinger-huette.de,80,OSM,236
Neue Heilbronner Hütte,Sektion Heilbronn des Deutschen Alpenvereins (DAV) e.V.,85801026,47.007216,10.138827,2320,info@heilbronnerhuette.at,+43 664 180 4277,https://www.heilbronner-huette.de,104,OSM,103
Rifugio Elisa,Mauro Balatti,86077164,45.9384984,9.3815166,1515,,+393669791655,,23,OSM,
Wolayerseehütte,Familie Ortner,86101191,46.6124,12.8670,1960,,+43720346141,https://www.wolayerseehuette-lesachtal.at,64,OSM,267
Sonnschienhütte,Sektion Voisthaler,86141335,47.5865778,15.039122,1526,,,https://www.alpenverein.at/sonnschienhuette/,,OSM,469
Breslauer Hütte,DAV Sektion Breslau,86299919,46.8681837,10.8793002,2844,,+43 676 96 345 96,https://www.breslauerhuette.at,,OSM,
Rifugio Gran Baita,Katia Plati,86351521,45.9605778,9.4934003,1700,rifugio.granbaita@gmail.com,+39 0341 999262,,14,OSM,
Rifugio Ratti-Cassin,Maurizio Valsecchi,86354127,45.9608136,9.490163,1670,,+39 0341 911103,,40,OSM,
Rifugio Sora Casari,Fulvio Casari,86355803,45.959895,9.4932426,1660,,+39 0341 910563,,25,OSM,
Rifugio Stella,,86356022,45.9598809,9.495183,1670,rifugiostellapianidibobbio@gmail.com,+39 344 1200811,http://www.rifugiostellapianidibobbio.it/,,OSM,
Darmstädter Hütte,Sektion Darmstadt-Starkenburg,86434378,47.0533134,10.2464702,2384,,,,,OSM,
Rifugio Marchett,Marco Locatelli,86463715,45.8704009,9.4492791,1240,info@rifugiomarchett.it,+39 0341 505019,https://rifugiomarchett.webnode.it/,24,OSM,
Capanna Alpinisti Monzesi,CAI Sezione di Monza,86554746,45.8489586,9.4651328,1173,rifugiomonza@gmail.com,+39 334 2903354,http://www.capannamonza.it/,42,OSM,
Rifugio Nicola,Angelo Esposito,86557841,45.9428655,9.5383305,1864,,,https://www.valbrembanaweb.com/valbrembanaweb/sitogino/rifugi/nicola,24,OSM,
Rifugio Riccardo Piazza,Associazione Nazionale Alpini di Rancio-Laorca,86571329,45.8749779,9.3820912,767,,+39 0341 495835,,,OSM,
Gîte Notre Dame des Neiges,,87077105,45.9410041,6.3213691,1459.0,,+33 4 50 22 80 88,https://www.gite-refuge-les-glieres.fr/,,OSM,
Refuge Le Lindion,,87077300,45.8832118,6.2742767,1109.0,,,,,OSM,
,,87077569,45.9394587,6.3136491,1450.0,,,,,OSM,
Traisner Hütte,Naturfreunde Traisen,87219951,47.9719121,15.6105477,1309,,,,,OSM,
Neue Magdeburger Hütte,DAV Sektion Geltendorf,87312650,47.288944,11.296524,1633,info@magdeburger-huette.at,+43 523888790,http://www.magdeburger-huette.at,50,OSM,129
Schlafen im Stroh,,87383703,46.6314516,8.5824568,1444,,+41 41 887 17 34,https://www.pferdestall-reussen.ch/401.html,,OSM,
Hospice du Grand Saint-Bernard,,87386060,45.86883,7.170671,2470,,+41 27 787 12 36,https://gsbernard.com/,104,OSM,
Turtmannhütte SAC,SAC - CAS,87432928,46.1601325,7.6994842,2519,info@turtmannhuette.ch,+41 27 932 14 55,http://www.turtmannhuette.ch,72,OSM,
Albert-Heim-Hütte SAC,SAC - CAS,87603131,46.6089337,8.4635765,2542,info@albertheimhuette.ch,+41 41 887 17 45,https://www.albertheimhuette.ch,64,OSM,
Weichtalhaus,Naturfreunde Österreich,87608952,47.7481591,15.7681356,578.0,,,https://www.weichtalhaus.at/,,OSM,
Ötscherschutzhaus,,87622072,47.8562614,15.1790137,1418,oetscherschutzhaus@ready2web.net,+43 7480 5249,,,OSM,
Patscherkofel Schutzhaus,Sektion TK Innsbruck,87627789,47.2105387,11.452291,1970,,,,,OSM,
Hochleckenhaus,Julia und Wolfgang Auinger,87676412,47.828875,13.605526,1572,hochleckenhaus@gmail.com,+436601173017,https://www.hochleckenhaus.at,45,OSM,343
Naturfreundeschutzhaus Kaiblingalm,Familie Erwin Fuchs,87684881,47.3639274,13.774794,1778,info@kaibling-alm.at,+43 3686 2278,https://www.kaibling-alm.at/,46,OSM,
Rifugio Revolto,,87793180,45.6954834,11.1189053,1336,,+39 045 7847039,,,OSM,
Rifugio Mario Fraccaroli,,87793181,45.7236204,11.1290037,2239,,+39 045 7050033,,,OSM,
Rifugio Pompeo Scalorbi,Club Alpino Italiano,87793189,45.7110694,11.1400699,1767,,+39 045 7847029,https://www.rifugioscalorbi.it/,,OSM,
Rifugio Passo Pertica,,87793196,45.7034213,11.1159372,1530,,+39 045 7847011,,,OSM,
Gföhlberghütte,TVN Ortsgruppe Eichgraben,88001411,48.0690703,15.8280708,825,,,https://www.naturfreunde-huetten.at/niederoesterreich/gfoehlberghuette/,15,OSM,
Rifugio Patascoss,,88060120,46.2301625,10.8178304,1727.0,,+39 0465 440122,https://www.rifugiopatascoss.com/,,OSM,
Malga Montagnoli,,88073967,46.2327499,10.8464356,1800.0,,,https://www.malgamontagnoli.it/,,OSM,
Rifugio Spinale,,88073995,46.2226014,10.8484219,2093.0,,,,,OSM,
Raxalm Berggasthof,,88254466,47.7170985,15.778398,1547,,,https://www.raxalpe.com/,,OSM,
Hochgernhaus,Thomas Issa (Ali),88700230,47.7502434,12.4980732,1461,hochgernhaus_chiemgau@web.de,+49 175 7875755,https://www.hochgernhaus.bayern/,29,OSM,
Rinnerhütte,Bergsteigerbund Ebensee,88776857,47.725235,13.8484507,1473,,,,,OSM,
Böckfeldalm,,88844742,47.0911174,13.1054382,1581.0,,,,,OSM,
Elferhütte,Fritz Haas,89165928,47.0950677,11.3195071,2004,haas@elferhuette.at,+43 5226 2818,http://www.elferhuette.at/,,OSM,
Sattelberghütte,,90116102,47.4187996,13.703172,1088.0,,,,,OSM,
Gîte des 3 Cols,,90502596,44.6159905,6.332646,1477,,,https://gitedes3cols.fr/,40,OSM,
Wetterinalm Sennhütte,,91107807,47.6843043,15.3772854,1346.0,,,,,OSM,
Peilsteinhaus,ÖAV Sektion Österreichischer Gebirgsverein,91107893,48.014866,16.051710,718,,0267487333,https://www.gebirgsverein-services.at/peilsteinhaus_web/index.html,56,OSM,430
Rittisstadl,,91232482,47.4194256,13.6136127,1489.0,,,,,OSM,
Westgipfelhütte,,91746742,47.3640551,12.6227361,2080.0,,,,,OSM,
Gotzenalm,,91760170,47.5372476,12.9963685,1685,,+498652690900,http://www.gotzenalm.de/,,OSM,
Kührointhütte,,91772155,47.5711096,12.9613449,1390.0,,+49 171 3533369,https://www.kuehroint.com/,,OSM,
Rotwandhaus,DAV Sektion Turner-Alpen-Kränzchen,91920694,47.646250,11.935278,1737,,+49 8026 3959970,https://www.rotwandhaus.de,69,OSM,104
Osnabrücker Hütte,,92004584,47.0496979,13.2910274,2022,,,,,OSM,
Gaislachalm,,92100053,46.9343248,10.998471,1982,,,,,OSM,
Alpengasthof Sonneck,,92100421,46.9358989,11.0033504,1968,,+43 5254 2905,https://www.alpengasthof-sonneck.at/,,OSM,
Heide Alm,,92272130,46.9379554,10.9950836,2130,,,,,OSM,
Langtalereckhütte,DAV Sektion Karlsruhe,92455415,46.8288,10.9919,2480,,+43 664 5268655,https://alpenverein-karlsruhe.de/huetten/langtalereckhuette,65,OSM,365
Admonter Haus,OeAV Sektion Admont,92644628,47.6318081,14.4913516,1725,,,,,OSM,
Grabneralm,,92644637,47.6238159,14.498258,1395,,+43 660 4922566,http://www.grabneralm.at/,,OSM,
Hochmölbinghütte,,92645754,47.6041415,14.1470656,1684,,,,,OSM,
Pichl Alm,,92807467,47.404597,13.0135408,1435,,,,,OSM,
Hans-Nemecek-Hütte,Touristenverein Wiener Gebirgsfreunde,92809625,48.1022887,16.2211891,527,,,,,OSM,
Maria's Alm,,92918229,46.9822634,10.9992538,1900,,,https://www.marias-alm.at/,,OSM,
Wangenitzseehütte,,92957930,46.930419,12.7998273,2508,,,,,OSM,
Rotkogelhütte,,92968103,46.9660856,10.9577565,2660,,+43 5254 30 477,https://www.rotkogel.com/,,OSM,
Höllensteinhaus,"Naturfreunde Österreich, Landesorganisation Wien",93016144,48.0962849,16.1877336,645,,+43 699 171 20 710,https://hoellensteinhaus.naturfreunde.at/,,OSM,
Liasenböndlhütte,,93219129,48.0256495,15.7560555,640,,,,,OSM,
Hochschoberhütte,ÖAV Sektion Edelweiss,93307290,46.9251639,12.6994482,2322,harry_lucca@hotmail.com,+43720316121,http://www.hochschoberhuette.at,,OSM,
Alpenrosenhütte,DAV,93350207,47.419968,12.237699,1555,,+436607375009,https://www.alpenrosenhuette.at,54,OSM,114
Armelenhütte,,93406197,47.1797457,10.893521,1747,,,,,OSM,
Vordere Tumpen Alm,,93406425,47.171758,10.8818693,1831,,,,,OSM,
Glocknerblick,,93417928,46.9542474,12.9320645,2050,,,,,OSM,
Schönfeldhütte,DAV Sektion München,93450441,47.6650875,11.9061326,1410,,+49 8026 7496,https://www.alpenverein-muenchen-oberland.de/huetten/alpenvereinshuetten/schoenfeldhuette,36,OSM,
Taubensteinhaus,DAV Sektion Bergbund,93450448,47.6607812,11.9255265,1567,,+4980267070;+4917656733223,https://www.alpenverein-muenchen-oberland.de/taubensteinhaus,,OSM,
Zillertaler Schi-Alm,,93477027,47.2700063,11.8461321,1740,,+43 5283 2708,http://www.zillertalerschialm.at/,,OSM,
Stabelealm,,93589863,47.0809639,10.9280021,1900,,,http://www.gstreinshof.com/oetztalstabelealm.html,,OSM,
Berggasthof Feuerkogel,,93703263,47.8158189,13.7215035,1600,,+4361335494,https://www.feuerkogel.com/,,OSM,
Berggasthof Edelweiss,,93705261,47.8160575,13.7178228,1610,,+4361335490,https://www.feuerkogel.at/,,OSM,
Rieder Hütte,OeAV Sektion Ried im Innkreis,93710626,47.804032,13.676637,1765,,+4369911741087,https://www.rieder-huette.at,32,OSM,248
Rosalpina,,94520109,46.2896444,10.8479115,1881.0,,,,,OSM,
Obere Zraunighütte,Anton und Maria Zraunig,94526354,46.919612,13.0260928,2050,,,,20,OSM,
Poltnalm,,94687403,47.1452726,11.5739186,1860,,,,,OSM,
Malga Folgarida di Dimaro,,94716003,46.2753139,10.8504935,1662,,+39 333 3795863,,,OSM,
Rifugio Segantini,Società degli Alpinisti Tridentini,94750442,46.2092377,10.7107991,2373,info@rifugiosegantini.com,+39 0465 507357,https://www.rifugiosegantini.com,48,OSM,
Capanna Presena,,94816268,46.227668,10.5798471,2725.0,,,,,OSM,
Rifugio San Giuliano,private,94835545,46.1448945,10.7047547,1960,,,,18,OSM,
Höchsterhütte am Grünsee - Rifugio Canziani al Lago Verde,,95032339,46.4825133,10.7990315,2571.0,,+39 0473 798120,https://www.rifugiocanziani.it/,,OSM,
Malga Bordolona di Sotto,,95122690,46.4322733,10.8892079,1806,,,,,OSM,
Buchenbergalm,,95281546,47.6062652,10.8107709,1120.0,,+498368940763,https://www.buchenbergalm.de/,,OSM,
Rifugio Ciampolin,,95420781,46.4837908,11.7905778,1992.0,,,,,OSM,
Rifugio Salei,,95420782,46.5036876,11.752035,2225,info@rifugiosalei.it,,https://www.rifugiosalei.it/,,OSM,
Rifugio Maddalene,SAT,95467392,46.4762149,10.9856532,1925,,,,16,OSM,
Malga Lavazzè,,95467400,46.4565506,10.9628692,1639,,,,,OSM,
Sonnwendjochhaus,,95534520,47.4635623,11.829042,1785,,,,,OSM,
Malga Monte Sole Alta,,95540841,46.3926477,10.7714579,2048,,+39 0463 636095; +39 339 1310314,,,OSM,
Malga Stablaz alta,,95545961,46.4095091,10.7481277,2000,,+39 346 6810762,,,OSM,
Rifugio Torbi,,95592069,46.3998433,10.6906527,1646.0,,,,,OSM,
Erfurter Hütte,,95667789,47.441667,11.763056,1834,,+436645146833,https://www.erfurterhuette.at,83,OSM,323
Refuge de l'Orgère,,95777693,45.2292302,6.6729095,1935,refuge.orgere@vanoise-parcnational.fr,+33 7 61 71 68 47,https://refuge-orgere.vanoise.com,,OSM,
Dortmunder Hütte,DAV Sektion Dortmund,95812262,47.2117727,11.0082146,1950,info@dortmunderhuette.at,+43 52395202,https://www.dortmunderhuette.at,,OSM,
Rifugio Stavèl Francesco Denza,Società degli Alpinisti Tridentini,95877357,46.2434159,10.6552368,2298,rifugiodenza@email.it,+39 0463 758187,https://www.rifugiodenza.com/,56,OSM,639
Grimminghütte,,95949957,47.5145105,14.0442405,966,,+43 676 331 94 98,https://www.grimminghuette.naturfreunde.at/,,OSM,
Talschlusshütte Fischleintal - Rifugio Fondovalle Val Fiscalina,,96096595,46.6513776,12.3538667,1526,,,https://www.talschlusshuette.com/,,OSM,
Rifugio Peller,Società degli Alpinisti Tridentini,96109724,46.3221978,10.9526937,2022,rifpeller@satcles.it,+39 0463 536221,https://www.satcles.it/rifpeller/,40,OSM,
Albert-Link-Hütte,DAV Deutscher Alpenverein Sektion München,96257977,47.6549065,11.8868208,1053,info@albert-link-huette.de,+49 8026 71264,https://www.alpenverein-muenchen-oberland.de/huetten/alpenvereinshuetten/albert-link-huette,,OSM,
Blecksteinhaus,DAV Sektion Männer Turnverein München,96257994,47.6480215,11.8905974,1022,,+49 8026 71204,http://www.blecksteinhaus.de,44,OSM,
Rifugio Rocca Locatelli,S.E.L.,96313305,45.9005089,9.3926741,1278,,,http://www.sel-lecco.org/chi-siamo/rifugio-rocca-locatelli/,27,OSM,
Rifugio Antonio Stoppani,Nicola Bontempi,96655614,45.8567407,9.4453349,890,info@rifugiostoppani.it,+39 0341 491517,https://www.rifugiostoppani.it,20,OSM,
Rifugio Zucco della Croce,,96660132,45.9191709,9.4935871,1175,,+39 0341 998291,,,OSM,
Rifugio della pace,,96741752,44.4215595,6.8981827,2009.0,,,http://www.rifugiodellapace.it/,,OSM,
Kemptener Naturfreundehaus,Katinka Benn,96841603,47.5446903,10.173767,1416,info@kemptener-naturfreundehaus.de,+49 8323 2123,https://www.kemptener-naturfreundehaus.de/,70,OSM,
Altusrieder Hütte,,96841604,47.5503026,10.1443812,1183.0,,,,,OSM,
Mittelbergalpe,,96841609,47.5342461,10.166297,1369,,+4983234920,https://www.alpe-mittelberg.de/,24,OSM,
Alpe Obere Kalle,,96841614,47.5498737,10.144434,1201,,+49 8325 487,https://www.obere-kalle.de/,,OSM,
Almagmach,,96841618,47.5338171,10.178238,1140,,,http://www.berggasthof-almagmach.de/,,OSM,
Berghütte Hornklause,,96844783,47.5561572,10.1735423,1070,,,https://www.berghuette-hornklause.de/,,OSM,
Hubalm,,96945733,47.1460134,13.242453,1315,,,,,OSM,
Vorderkaseralm,,96945743,47.1491968,13.2297528,1714,,+4364126253,https://www.grossarltal.info/de/almen/vorderkaseralm.html,,OSM,
Schwandalpe,DAV,97009361,47.5452396,10.0830741,936,,+49 731 9216777,,,OSM,
Moaralm,,97011839,47.048057,13.062035,1650,,,,,OSM,
Naßfeldalm,,97011843,47.0519602,13.0577,1605,,,http://www.nassfeldalm.com/,,OSM,
Liftstüberl,,97030582,47.7627584,12.3551561,1187.0,,,,,OSM,
Naturfreundehaus Michael-Schuster-Hütte,NaturFreunde Deutschland,97233207,47.4837931,10.3404902,1196.0,,,https://www.naturfreunde-sonthofen.de,12,OSM,
Berggasthof Blomberghaus,,97296499,47.7351057,11.4976152,1203,,,,,OSM,
Chalet Refuge de Lognan,,97309078,45.9708169,6.9567132,2032,,,,,OSM,
Refuge du Requin,Club Alpin Français,97315471,45.8846639,6.9297227,2516,,+33 6 82 96 10 51,https://refugedurequin.ffcam.fr/,,OSM,
Refuge d'Argentière,Club Alpin Français,97317903,45.9463186,7.0047646,2771,,+33 7 50 70 57 33,https://refugedargentiere.ffcam.fr/,94,OSM,
Chalet alpin du Tour,Club Alpin Français,97318708,46.0015934,6.9474257,1466,,,,,OSM,
Refuge des Grands Mulets,Club Alpin Français,97320083,45.8665895,6.8612515,3051,,+33 4 50 53 57 10,https://refugedesgrandsmulets.ffcam.fr/,,OSM,
Refuge de Leschaux,Club Alpin Français,97321426,45.8948564,6.9809674,2447,,+33 6 36 95 32 64,https://refugeleschaux.ffcam.fr/,,OSM,
Refuge de L'Envers des Aiguilles,Club Alpin Français,97322551,45.899994,6.9275427,2493,,+33 6 70 74 19 43,https://refugelenversdesaiguilles.ffcam.fr/,,OSM,
Refuge du Plan de L'Aiguille,,97326381,45.905605,6.882761,2207,,,,,OSM,
Rifugio Sores,,97502116,46.3186557,11.1352296,1205,,,,,OSM,
Berghaus Allgäu,,97542864,47.5486394,10.5701732,1500,,,https://www.berghaus-allgaeu.de/,,OSM,
Altes Höfle,Deutscher Alpenverein Neu-Ulm,97566645,47.5055754,10.1968056,966,,,,,OSM,
Tutzinger Hütte,DAV Sektion Tutzing,97575267,47.657722,11.462417,1327,kontakt@tutzinger-huette.de,+491751641690,https://tutzinger-huette.de/,91,OSM,212
Brauneck-Gipfelhaus,DAV Sektion Alpiner Ski-Club,97581401,47.6638546,11.524558,1540,,+49 8042 8786,https://www.brauneckgipfelhaus.de/,,OSM,
Saukaralm,,97796200,47.256965,13.2284163,1806.0,,,,,OSM,
Plattkofelhütte - Rifugio Sasso Piatto,private,97941683,46.5044298,11.7009175,2300,,+39 0462 601721,https://www.plattkofel.com/,50,OSM,
Fiderepasshütte,DAV Sektion Oberstdorf,98029976,47.3156422,10.2124432,2067,,,,,OSM,
Refuge de la Balme,,98061994,45.7574152,6.7109698,1706,,,,,OSM,
Refuge des prés,,98062268,45.7631549,6.7015775,1943.0,,,,,OSM,
Chalet - Refuge de Nant Borrant,,98063753,45.7784549,6.7142497,1455.0,,,http://www.refuge-nantborrant.com/,,OSM,
Refuge La Roselette,,98063934,45.7810001,6.6917681,1873,laroselette@repaires.com,+33 4 50 47 13 31,https://www.laroselette.com,28,OSM,
Rockfeldalm,,98181068,47.1390773,13.0436886,1822,,,,,OSM,
La Cabane des Choucas,,98207278,46.4830401,7.1202013,1553.0,,,,,OSM,
Cabane de la Tourche,,98248138,46.2144514,7.0617257,2198,info@tourche.ch,+41 24 485 22 18,https://www.tourche.ch,60,OSM,569
Refuge de Mayen,,98328686,46.3663466,7.0145382,1838.0,,,,,OSM,
CAS Chalet Lacombe,Club Alpin Suisse - Diablerets,98328700,46.388473,7.042996,1653,lacombe@cas-diablerets.ch,+41795443152,https://cas-diablerets.ch/cabanes/chalet-lacombe/,22,OSM,68
Dibaita Puflatschhütte,,98576829,46.5470452,11.6069905,1974,info@dibaita-puflatschhuette.com,+39 0471 729090,https://www.dibaita-puflatschhuette.com,,OSM,
Panoramahütte,,98603964,46.7581717,13.4564106,2089.0,,,,,OSM,
Rifugio Cristina,famiglia Bricalli,98613216,46.2837279,9.9479465,2287,rifugio.cristina@tiscali.it,+39 0342 452398,http://rifugiocristina.altervista.org,25,OSM,
Rifugio Ca' Runcasch,,98615065,46.2965369,9.9472939,2170,info@rifugiocaruncasch.com,+39 347 980 4889,https://www.rifugiocaruncasch.com/,,OSM,
Schwarzenberghütte,DAV Sektion Illertissen,99182939,47.4291986,10.4068762,1380,,+49 160 3864848,https://www.dav-illertissen.de/Schwarzenberghuette,,OSM,562
Rifugio Valstornada,,99249959,45.9637897,11.0729193,1032.0,,,,,OSM,
Rifugio Cacciatori Aldeno,S.A.T. Aldeno,99249960,45.9635476,11.0726334,1008,,,,,OSM,
Möslalm,,99318407,47.3373743,11.3430336,1262,info@moeslalm.tirol,+43 512 27 57 83,https://www.moeslalm.tirol/,,OSM,
Rifugio Ghiacciaio dei Forni,,99507499,46.4201714,10.5549187,2178,,,,,OSM,
L'Edelweiss,,99546196,44.795199,6.9277855,1560.0,,+33 4 92 46 71 09,http://www.edelweissles-hotel-abries.fr/,,OSM,
Le Cassu,,99548528,44.8193844,6.944034,1743.0,hello@gite-lecassu.com,+336 72 88 45 82,https://www.gite-lecassu.com/,,OSM,
Rifugio Campiglio,Natura viva snc di G. Caputo e V. Sora,99613852,46.0432323,8.8107385,1184,luca@rifugiocampiglio.it,+39 335 669 6483,http://www.rifugiocampiglio.it/,22,OSM,
Rifugio De Grandi Adamoli,Enrico Finotto,99614976,45.9307119,8.6723694,977,,+39 366 701 2735,https://organizzazione.cai.it/sez-besozzo-superiore/strutture/rifugio-adamoli/,9,OSM,
Polster Schutzhaus,,99839308,47.5313343,14.9592036,1802,,,,,OSM,
Zirler Kristenalm,Eva Abenthung,99991612,47.3249555,11.3138019,1360,,+43 650 9700395,,,OSM,
Igltalalm (Niggeltalalm),,100014330,47.2849832,13.1906101,1501,,,,,OSM,
Leobner Hütte,OeAV Sektion Leoben,100023059,47.5331345,14.9720447,1582,,+43 664 5315505,https://www.alpenverein.at/leobnerhuette/,,OSM,
Willersalpe,privat,100108452,47.4763679,10.4540369,1456,,,,,OSM,
Refuge du Carro,Club Alpin Français,100195244,45.4198576,7.1230678,2764,,+33 4 79 05 95 79,https://refugeducarro.ffcam.fr/,61,OSM,
Chalet de Bonneval-sur-Arc,Club Alpin Français,100195472,45.3741136,7.0534721,1830,,,,,OSM,
Le Criou,,100195867,45.3695814,7.0664578,2032.0,maxime.lecriou@gmail.com,+33 7 88 87 22 88,,,OSM,
Kohlröslhütte,,100285901,46.6776131,13.3326493,1527,,,,,OSM,
Obere Ochsenalpe,,100438865,47.5034472,10.4060699,1383.0,,,,,OSM,
Oberlandhütte,DAV Sektion Oberland,100452081,47.37979,12.30752,1014,,+4353578113,https://www.alpenverein-muenchen-oberland.de/huetten/alpenvereinshuetten/oberlandhuette,65,OSM,138
Tölzer Hütte,DAV Sektion Bad Tölz,100510700,47.505092,11.491381,1825,info@toelzer-huette.at,+4915174571985,https://www.toelzer-huette.at,68,OSM,163
Feldele,,100661290,47.4119526,10.56982,940,,,,,OSM,
Wetterkoglerhaus,Sektion Oesterr. Gebirgsverein,101529896,47.53041,15.914399,1743,,+43 33364224,https://www.alpenverein.at/wetterkoglerhaus/,34,OSM,434
Vilsalpe,,101587517,47.4582268,10.4903884,1180,,,,,OSM,
Rifugio Alpe Cavanna,Andrea Azzalin,101687080,45.5600063,7.9043566,1494.0,,,,,OSM,
Edelweißhaus,DAV Sektion Stuttgart,101754999,47.2159668,10.3010434,1530,,,,,OSM,
Rifugio Giuseppe Granata,,101811111,45.6979587,10.5601521,1020,,,,60,OSM,
Ochsenloch Hütte,,101813922,47.4817704,15.8798019,1136.0,,,,,OSM,
Widdersteinhütte,Peter Jochum (kein AV-Hütte! - laut DAV-Seite aber schon!),101963413,47.2785269,10.1369192,2009,,+436643912524,https://widderstein-huette.at/,,OSM,
Bad Kissinger Hütte,DAV Sektion Bad Kissingen,101968311,47.534444,10.562778,1788,,+43 676 3731166,http://badkissingerhuette.at,50,OSM,174
Landsberger Hütte,DAV Sektion Landsberg,101987039,47.4451,10.51438,1810,,+43 56756282,https://www.landsbergerhuette.at,135,OSM,215
Edenalpe Nesselwängle,Hedwig Pohler,101989178,47.4765942,10.5735489,1680,email@edenalpe.at,+43 676 4920184,https://www.edenalpe.at/,12,OSM,
Kaufbeurer Haus,DAV Sektion Allgäu-Immenstadt,102017757,47.34179,10.4569944,2005,,+49 171 5636569,https://www.dav-allgaeu-immenstadt.de/html/kaufbeurer_haus.html,,OSM,677
Schattbachalm,,102142343,47.1073081,13.0718109,1683,,,,,OSM,
Almwirtschaft Möselalm,,102213237,46.6793505,13.2088545,1196.0,,,,,OSM,
Hochzeller-Alm,,102413629,47.3322725,12.7384839,1939.0,,,https://www.hochzelleralm.com/,,OSM,
Poserhöhe,,102437231,47.1344143,13.1541221,1505,,+43 6434 5333,https://www.poserhoehe.at/,,OSM,
Kröntenhütte SAC,SAC - CAS,102461531,46.8000836,8.5753863,1903,kroentenhuette@bluewin.ch,+41 41 880 01 22,https://www.kroentenhuette.com/,80,OSM,274
Voralphütte SAC,SAC - CAS,102481933,46.690552,8.487712,2126,info@voralphuette.ch,041 887 04 20,https://www.voralphuette.ch,40,OSM,259
Bergseehütte SAC,SAC - CAS,102481950,46.657394,8.4849452,2370,huettenwart@bergsee.ch,+41 41 885 14 35,http://www.bergsee.ch,65,OSM,
Chelenalphütte SAC,SAC - CAS,102481958,46.6717074,8.4399144,2350,info@chelenalp.ch,+41 41 885 19 30,https://www.chelenalp.ch/,42,OSM,55
Salbithütte SAC,SAC,102485283,46.676488,8.5518168,2105,info@salbit.ch,+41 41 885 14 31,https://salbit.ch/,58,OSM,227
Dresdner Hütte,Sektion Dresden des DAV e.V.,103209591,46.9980648,11.1395425,2308,info@dresdnerhuette.at,+43 5226 8112,https://www.dresdnerhuette.at/,,OSM,692
Sennes Hütte,,103325526,46.65364,12.0594256,2126,info@sennes.com,,https://www.sennes.com/,,OSM,
Burgstallhütten,,103381373,47.3758798,13.7321346,1600.0,,,,,OSM,
Burgstallhütten,,103381384,47.375835,13.7319406,1600.0,,,,,OSM,
Naturfreundehütte Planai,,103381387,47.3753181,13.7304293,1641,,,,,OSM,
Glös-Alm,,103383637,47.4451803,13.6055446,1546.0,,,,,OSM,
Franz-Eduard-Matras-Haus,Österreichischer Touristenklub,103497132,47.4205463,13.0623808,2941,,+4364677566,https://www.matrashaus.at/,,OSM,
Rifugio Malga Consèria,Fabiana Pallaoro,103589635,46.1704086,11.5400074,1848,,,http://www.rifugioconseria.it,,OSM,
Dürrensteinhütte - Rifugio di Vallandro,,103700847,46.6419371,12.1958776,2038.0,,,,,OSM,
Putzalm - Malga Putz,,104151033,46.7091926,12.180244,1743,,,,,OSM,
Brendlhütte,Sektion Graz,104335331,46.7669372,15.0739556,1566,,,https://www.steiermark.com/de/Suedsteiermark/Urlaub-planen/Ausflugsziele/Brendlhuette_isd_313068,,OSM,
Steinseehütte,"Österreichischer Alpenverein, Sektion Landeck",104676616,47.2261982,10.5871738,2069,,+43 660 4917124,https://www.steinseehuette.at/,,OSM,497
Berggasthof Biberg,,104863232,47.4220507,12.7933191,1443,,+43 67763001713,https://berggasthof-biberg.at/,,OSM,
Gafadurahütte,L.A.C,105541139,47.1861397,9.568446,1428,,,,42,OSM,
Malga Nuova Coredo,,105622539,46.323566,11.1741665,1562,,,,,OSM,
Labalm,,106104372,47.3504658,12.283978,1260,,,,,OSM,
Michl's Fallerscheinstuben,,106346344,47.3435353,10.6222259,1300,,,http://www.alpe-fallerschein.at/,,OSM,
Rifugio Conca Bianca,,106630852,46.4739478,10.3007492,1981.0,,,,,OSM,
Turmsteighütte,,106779532,47.8127282,16.0194497,1004.0,,,,,OSM,
Rifugio Capanna al Ghiacciaio,,107175590,46.4446281,11.8613462,2700,,,,,OSM,
Rifugio Cima Undici,,107176081,46.4577172,11.8648072,2071.0,,,,,OSM,
Rifugio Marmolada Castiglioni,,107176085,46.463453,11.8619958,2066.0,,,https://www.rifugiomarmolada.it/,,OSM,
Naturfreundehaus,,107457171,47.6484981,14.2915075,1363.0,,,,,OSM,
Palazzina Sertorio,,107551809,45.0187105,7.2047074,1450.0,,+39 011 0241669,,,OSM,
Pfarralm,,107596102,47.5706391,12.4380786,1060,,,,,OSM,
Refuge de Spée,Régina Bibollet,107977366,45.9942273,6.3714058,1481,,,,,OSM,
Stablalm,,108225668,47.3450906,10.5563852,1412,,+43 676 9077525,https://www.stablalm.at/,,OSM,
Stablalpe,,108225677,47.342675,10.5591446,1380,,,,,OSM,
Mariborska koča,,108247365,46.5015746,15.5553305,1068,,,,,OSM,
Rifugio GEAT Val Gravio,CAI Torino,108801928,45.0855329,7.1718757,1390,,,http://www.rifugiovalgravio.it,32,OSM,
Voisthaler Hütte,Sektion Voisthaler,108831856,47.6122895,15.1809458,1654,info@voisthalerhuette.at,,https://www.voisthalerhuette.com/,,OSM,
Refuge du Suffet,,108962800,45.2060857,6.8457266,1691.0,,,,,OSM,
Refuge de Bramanette,,108963086,45.2029838,6.789225,2093.0,,,,,OSM,
Refuge d'Entre Deux Eaux,,108981729,45.3666445,6.8392685,2126.0,efuge.entre2eaux@gmail.com,+33 4 79 05 27 13,https://www.refuges-vanoise.com/fiche-hebergement-entre-deux-eaux-tour-des-glaciers-de-la-vanoise-vanoise-60n5h5vonly9.html,,OSM,
Rifugio escursionistico Cima Bossola,,108985456,45.4879902,7.7344211,1095,,+39 0125 1906218,,,OSM,
Rifugio Giorgio Pirlo allo Spino,Fabio Goffi;CAI Sezione di Salò,109151157,45.6779903,10.5570076,1167,,,,25,OSM,
Kirchsteinhütte,Familie E. und Anna Bauer,109160819,47.6800683,11.5078226,1050,kirchsteinhuette@t-online.de,+49 172 8527795,,,OSM,
Scheibenschlag-Hochalm,,109225863,47.363178,12.2498403,1640,,,,,OSM,
Scheibenschlag-Niederalm,,109225865,47.3638623,12.2392278,1440,,,,,OSM,
Schmiedalm,,109386042,47.6418542,14.3132457,1301.0,,,,,OSM,
Florianshütte,Berufsfeuerwehr München,109699039,47.6575716,11.5295724,1290,,+49 8042 8900,https://www.florianshuette.com/,,OSM,
Stie-Alm,,109885898,47.6577279,11.5076282,1520,info@stie-alm.de,+49 8042 2336,https://stie-alm.de/,,OSM,
Hochrieshütte,DAV Sektion Rosenheim,109898812,47.747500,12.248889,1569,,+49 8032 8210,https://www.hochrieshuette.de,39,OSM,130
Hofalm,Sektion Spital am Pyhrn,110183140,47.6497761,14.3713129,1335,,,,,OSM,
Gowilalmhütte,,110183563,47.6699353,14.3921088,1375,,,,,OSM,
Obere Maxlraineralm,Matthias Schmidlin,110221196,47.6578276,11.9164309,1528,info@obere-maxlraineralm.com,+49 8026 7382,https://obere-maxlraineralm.com/,42,OSM,
Stümpfling Alm,,110224510,47.6562783,11.8580709,1524.0,,,,,OSM,
Hackeralm,Fam. Harlander,110302400,47.3209985,13.0402117,1214.0,,,,,OSM,
Meislsteinalm,Fam. Gschwandtl,110302825,47.3224522,13.046357,1263.0,,,,,OSM,
Rifugio Baita Golla,,110522354,45.9013657,9.8352329,1756,,,,,OSM,
Rifugio Pian de Fontana,,110978043,46.2619462,12.1759164,1632,,,http://www.piandefontana.it/,,OSM,
,,110978089,46.2620453,12.1757644,1666.0,,,,,OSM,
Schuhbräualm,,111088094,47.7301832,12.043831,1157,,+49 8034 2391,,19,OSM,
WatschigerAlm,,111165329,46.5656633,13.288575,1625,,,,,OSM,
Stötzlbergalm,,111196127,47.3548512,13.1072609,1217,,,,,OSM,
Pronebenalm,,111403938,47.3611954,13.1435212,1274,,,,,OSM,
Rettenebenalm (Roslalm),,111412512,47.3618093,13.1560711,1190.0,,,,,OSM,
Althausalm,,111413969,47.3571345,13.1149832,1193.0,,,,,OSM,
Refuge de la Femma,,111555477,45.3627635,6.9291434,2352,refuge.femma@vanoise-parcnational.fr,+33 4 79054540,https://refuge-femma.vanoise.com/,,OSM,
Rifugio 7° Alpini,CAI Belluno,111825720,46.2219463,12.1887713,1498,infosettimoalpini@gmail.com,+39 0437941631,https://www.rifugiosettimoalpini.it,68,OSM,
Refuge de Plan Sec,,112147855,45.2572683,6.7309355,2320.0,,,,,OSM,
Rifugio Melano Casa Canada,,112184075,44.9665938,7.3011062,1061,,+39 0121 353160,http://www.casacanada.eu,,OSM,
Linzer Haus / Wurzeralm,Sektion Linz,112282882,47.6479039,14.2873785,1385,,,,,OSM,
Refuge du Col de Balme,,112395108,46.0266931,6.9700792,2191,,+33607061630,https://www.refugeducoldebalme.com/,,OSM,
Schneelahner Hütte,Deutscher Alpenverein Sektion Grafing,112396026,47.660917,12.0912461,970,schneelahner@alpenverein-grafing.de,,https://www.alpenverein-grafing.de/huetten/schneelahner-huette,,OSM,
Rifugio Luigi Brasca,,112674224,46.2653513,9.5321177,1303,,,https://www.waltellina.com/valtellina_valchiavenna/rifugi_bivacchi/,,OSM,
Rifugio Medelet,,112864542,45.772093,10.1585037,1567,,,,,OSM,
Rifugio C.A.I. Valtrompia,Club Alpino Italiano - Sezione di Gardone Val Trompia,112864550,45.7600928,10.2015883,1260,,,,,OSM,
Refuge de Nice,Club Alpin Français,112981194,44.1043841,7.4003713,2232,refugedenice@ffcam.fr,+33 4 93 62 59 99,https://refugedenice.ffcam.fr/,,OSM,
Neunkirchner Naturfreundehaus,,113046941,47.7476525,16.0013784,758,,,https://neunkirchen.naturfreunde.at/,,OSM,
Rifugio Eugenio Margaroli,Club Alpino Italiano,113144370,46.385217,8.3651571,2193,rifugiomargaroli@libero.it,+39 3289040431,https://www.rifugiomargarolicai.com/,,OSM,
Fürthermoaralm/Ebmatten,,113292909,47.1788832,12.7133645,1815.0,,,https://www.fuerthermoar.at/,,OSM,
Puglalm,,113443784,47.6874122,14.4734985,872.0,,,,,OSM,
Zdarsky Hütte,,113494577,47.8684877,15.5638879,1082,,,,,OSM,
Refuge Agnel,,113957492,44.6908556,6.9714149,2580,,,,,OSM,
Glocknerhaus,Alpenverein Klagenfurt,114133557,47.0696693,12.7682779,2132,office@glocknerhaus.net,+43 4824 24666,https://www.glocknerhaus.net/,,OSM,
Karl-Volkert-Haus,,114236747,47.0674328,12.771482,2148,,,,,OSM,
Agriturismo Malga Masi,Claudio Rozza,114275538,46.0538318,11.3412837,1719,info@malgamasi.it,+39 340 498 8781;+39 345 010 7341,http://www.malgamasi.it/,,OSM,
Rifugio Roccoli Lorla,CAI sezione di Dervio,114876933,46.0963882,9.3670216,1463,sceresiniluigi@virgilio.it,+39 0341 875014,,50,OSM,
Kemater Alm,,115499738,47.1768347,11.2657887,1673,,+43 5234 65679,https://www.kemater-alm.at/,,OSM,
Alp Somtgant,,115526089,46.5831118,9.5523972,2119,,,,,OSM,
Refuge de la Madone de Fenestre,Club Alpin Français,115739771,44.095768,7.3563354,1903,,+33 6 09 17 89 58,http://chaletmadonedefenestre.ffcam.fr/,,OSM,
Refuge de la Cougourde,Club Alpin Français,115740095,44.1263411,7.3308441,2100,,+33 9 78 23 31 59,https://refugelacougourde.ffcam.fr/,,OSM,
Chalet Vidron,,115740659,44.111757,7.3203632,1782.0,,,,,OSM,
Rifugio Ervedo Zanotti,"Club Alpino Italiano sezione ""Ligure"" - Genova",115758220,44.3000585,6.9995281,2087.0,,,,,OSM,
August-Schuster-Haus,DAV Sektion Bergland,116240805,47.5837526,10.9924606,1564,mail@august-schuster-haus.de,+49 8822 3567,https://august-schuster-haus.de,,OSM,613
Gampen-Kuhalm,,116293681,46.7109873,11.1002452,1852.0,,,,,OSM,
Rifugio la Rezila,,116380592,46.356253,11.6937262,1756.0,info@rifugiolarezila.it,,http://www.rifugiolarezila.it/,,OSM,
Enzianhütte,,116484464,47.4846762,10.6721384,1160,,,,,OSM,
Rifugio Buffaure,Buffaure Sas di Pescol Paola & C.,116506300,46.428526,11.7234908,2050,,,,,OSM,
Baita Cuz,,116507550,46.4288207,11.7315409,2213,,,,,OSM,
Rifugio Passo Lusia,,116543951,46.3433781,11.7013184,2055,,,https://www.rifugiolusia.com,,OSM,
Peilsteinhütte,Naturfreunde Weissenbach/Triesting,116573940,48.009883,16.0526235,640,,,https://www.naturfreunde-huetten.at/niederoesterreich/peilsteinhuette/,,OSM,
Sadnighaus,OeAV Sektion Großkirchheim-H.,116588334,46.9549206,12.9609965,1880,cornelia@sadnighaus.at,+43482520050,https://sadnighaus.at/,,OSM,
Leckfeldalm,,116740813,46.7203954,12.4131111,1900,,+43 664 3412813,https://www.leckfeldalm.at/,,OSM,
Refuge du Goléon,,116800177,45.0813115,6.3566452,2472,,+33687264654,https://refugedugoleon.com/,,OSM,
Schobersteinhaus,Naturfreunde,116822032,47.905092,14.3241571,1229.0,,,,,OSM,
Rifugio Savogno,,116908092,46.3371121,9.4443841,915.0,,+393667101665,http://www.rifugiosavogno.it/,,OSM,
Trattoria Arnica,,117124409,46.4757758,11.1058961,1257.0,,+39 0463 889149,,,OSM,
Refuge Giacomini,,117172848,46.288302,7.162045,1893,refuge@anzeindaz.com,+41244982295,https://www.anzeindaz.com,56,OSM,335
Cabane Barraud,Club Alpin Suisse - Section des Diablerets,117172849,46.284576,7.163000,1956,barraud@cas-diablerets.ch,+41 79 812 33 20,https://www.cas-diablerets.ch/barraud,28,OSM,67
Refuge de la Tour d'Anzeindaz,,117172861,46.2895066,7.1604954,1879,,,https://www.anzeindaz.ch/,,OSM,
Cabane de la Videmanette,,117199563,46.4588637,7.2039132,2130,,,https://www.cabane-videmanette.net/,18,OSM,
Pollereshütte,,117555481,47.6295074,15.8618359,1483,,,,,OSM,
Mollner Hütte,,117559550,47.905022,14.2731699,971.0,,,,,OSM,
Gitschenhörelihütte,,117573688,46.8577273,8.5250223,2325,,+41 41 880 28 62,https://www.urnerwanderplaner.ch/de/huette/gitschenhoerelihuette/16315164/,15,OSM,
Plauener Hütte,,117878139,47.118333,12.096111,2363,,+436504684308,https://www.plauener-huette.at,71,OSM,207
Pfeishütte,Sektion Innsbruck,117889584,47.330036,11.425489,1922,info@pfeishuette.at,+43 512 552906,https://www.alpenverein.at/pfeishuette/,60,OSM,179
Grawa Alm,,117963862,47.0142878,11.1869091,1530,,+43 676 412 1009,https://www.feldhof-tirol.com/grawa-alm/,,OSM,
Sulzenauhütte,Norbert Schöpf,117966153,46.9958568,11.1819125,2191,,+43 5226 2432,https://www.sulzenauhuette.at/,,OSM,648
Capanna Santa Barbara,Comune di Riva del Garda,118218390,45.8839248,10.8300583,568,,,https://www.satrivadelgarda.it/0/capannasantabarbara/1/1905/page.aspx,,OSM,
Rifugio Castelberto,,118382776,45.7183285,11.017261,1765,info@rifugiocastelberto.it,+39 045 5116652,https://www.rifugiocastelberto.it/,,OSM,
Rifugio Bindesi - Pino Prati,Società degli Alpinisti Tridentini,118394979,46.0361712,11.1539403,611,weber.fede@gmail.com,+39 0461 923344,,,OSM,
Stafelalp,,118583433,46.8414005,8.704436,1773.0,,,,,OSM,
Rifugio Campo,,118609873,46.4739741,10.4977464,1993.0,,,,,OSM,
Reitalm,,118914045,47.1474975,13.2083323,1621,,,,,OSM,
Langalm,,118944262,46.6256608,12.2897944,2283,,,,,OSM,
Feichtauhütte,Sektion Steyr,119140611,47.801406,14.317450,1360,,0664 7346 5776,https://www.alpenverein.at/feichtauhuette/,0,OSM,383
Polz Hütte,,119140614,47.8027492,14.3202896,1370,,,,,OSM,
Gauermannhütte,Österreichischer Touristenklub,119178101,47.840793,15.9390697,1149,,,,,OSM,
Hallerangerhaus,DAV Sektion Schwaben,119196451,47.354722,11.477222,1768,info@hallerangerhaus.at,0043720347028,https://www.hallerangerhaus.at,73,OSM,82
Hallerangeralm,,119196456,47.3564711,11.4797898,1774,schallhart@halleranger-alm.at,+436641055955,https://www.halleranger-alm.at/,,OSM,
Rifugio Federico Valgoi,CAI Bormio,119431803,46.421223,10.1977729,2133,,+39 340 4680054,https://www.rifugiofederico.it/,,OSM,
Rifugio Sunny Valley,,119616181,46.3870373,10.4800944,2638.0,info@sunnyvalleyresort.it,+39 0342 935422,,,OSM,
,,119765345,47.3815489,13.5327075,1176.0,,,,,OSM,
Steinwandhütte,,119765349,47.3816617,13.5324251,1182.0,,,,,OSM,
Seewaldhütte,DAV Sektion Achensee,119834441,47.5270306,11.6610797,1582,seewaldhuette@achensee.de,+498856935960,https://www.achensee.de/seewaldhuette,,OSM,
Chalet du Drison,,119911316,45.6794678,6.2744221,1624.0,,,,,OSM,
Rifugio Lago di Nambino,,119917913,46.2416207,10.8002244,1770,,,,,OSM,
Rifugio Resegone,CAI Valle Imagna,119939325,45.8560289,9.4890884,1265,,,http://www.caivalleimagna.it/index.php?option=com_content&view=article&id=8&Itemid=321,,OSM,
Buchauhütte,,120178702,47.3088836,13.2328797,1676.0,,,,,OSM,
Gernkogelalm,,120178703,47.3086211,13.235972,1714.0,,,,,OSM,
Obergaßalm,,120178713,47.310627,13.2219712,1552.0,,,,,OSM,
Haibenalm,,120182504,47.3060161,13.2418538,1660.0,,+43 664 2669807,https://www.haibenalm.at/,,OSM,
Straßalm,,120182522,47.3055223,13.2504013,1524.0,strassalm@sbg.at,+436645293204,https://www.josalzburg.com/de/infrastruktur/st-johann-in-salzburg-strassalm.html,,OSM,
Großunterberg Alm,,120191929,47.3061158,13.2602156,1633.0,grossunterberg@a1.net,,,,OSM,
Hachaualm,,120196112,47.3072334,13.2682755,1620.0,,,,,OSM,
Grafenbergalm,,120196166,47.3099006,13.2731454,1700.0,,,,,OSM,
Rifugio Alpino Fazzon,,120201443,46.2980106,10.7630928,1252.0,,,https://www.rifugiofazzon.com/,,OSM,
Rifugio Stella Alpina Al Lago Corvo,,120229927,46.4403844,10.8208383,2425,,,,,OSM,
Kotzalm,,120263945,47.4407472,15.1766643,1163.0,,,,,OSM,
Malga Monte Alto,,120306219,46.2180283,11.1868164,1080,,,,,OSM,
Dreiwiesenhütte,,120335762,47.0356008,14.3305239,1770,info@dreiwiesenhuette.at,+43 3585 2411,https://dreiwiesenhuette.at/,,OSM,
Refuge de Ricou,,120461222,45.046368,6.5440097,2115,,,,,OSM,
Refuge de Buffère,Aude et Guillt,120461392,45.0126597,6.5706796,2076,buffere@wanadoo.fr,+33 4 92 21 34 03,https://refugebuffere.com/,,OSM,
Auberge de la Cleida,,120461406,45.0038255,6.6613305,1486.0,,,http://www.auberge-lacleida-nevache.com/,,OSM,
Refuge des Drayères,Club Alpin Français,120461411,45.0810992,6.5080467,2180,,+33 4 92 21 36 01;+33 6 45 74 07 93,https://refugedesdrayeres.ffcam.fr/,,OSM,
Refuge du Chardonnet,Nicolas Purson,120461537,45.0257817,6.532014,2223,,+33 4 92 21 31 80,https://refugechardonnet.wpcomstaging.com,,OSM,
Refuge de Laval,commune de Névache,120462718,45.0574758,6.5298647,2000,,,,,OSM,
Weidener Hütte,DAV Sektion Weiden,120467198,47.223772,11.708977,1799,info@weidener-huette.at,+4366488109940,https://www.weidener-huette.at,56,OSM,216
Orestes Hütte,,120472224,45.8743924,7.8500561,2625,,,,,OSM,
Rifugio Carlo Medici ai Cassinelli,Comune di Castione della Presolana,120595368,45.9422084,10.0766306,1568,info@rifugiobaitacassinelli.it,,https://www.rifugiobaitacassinelli.it/,18,OSM,
Rifugio Rino Olmo,CAI sezione di Clusone,120656176,45.9482593,10.0376557,1819,info@rifugioolmo.it,+39 347 779 1057,https://www.rifugioolmo.it/,25,OSM,
Baita Cornetto,,120656214,45.9305106,10.0582964,1523,,,,,OSM,
Refuge du Col de L'Arpettaz,,120682492,45.7970295,6.4333053,1596.0,,+33 4 79 31 47 91,https://refugearpettaz.com/,,OSM,
Rifugio Casinei,,121064776,46.1998063,10.85813,1850,,,,,OSM,
Brogleshütte - Rifugio Malga Brogles,,121108557,46.6102462,11.7273528,2047,,,,,OSM,
Heinreich-Hochalm,Fam. Fritzenwanker,121120110,47.2448867,13.0570611,1688,,,,,OSM,
Strohlehenalm,,121122717,47.2459405,13.0870863,1104,,,,,OSM,
Amoseralm,,121140321,47.2603779,13.0686093,1175,,,,,OSM,
Alpenrose,S.A.T. / C.A.I.,121238252,46.0885887,10.9111494,1115.0,,,,,OSM,
Rifugio Erterle,,121260857,46.0526256,11.3595986,1426,rifugioerterle@gmail.com,+39 3462304405,http://rifugioerterle.eu/,,OSM,
Bosruckhütte,Alpenverein Sektion Spital am Pyhrn,121262261,47.6393589,14.3664025,1043,,,http://bosruckhuette.eu/,,OSM,
Ochsenwaldalm,,121262267,47.6388047,14.3615391,1032.0,,,,,OSM,
Julius-Seitner-Hütte,ÖAV Sektion Österreichischer Gebirgsverein,121270054,47.960490,15.441089,1185,,+4367761198729,http://www.alpenverein.at/juliusseitnerhuette/,27,OSM,147
Ennser Hütte,,121408086,47.8355473,14.5606018,1278.0,,,,,OSM,
Sennhütte Jausenstation Falzturn,,121462290,47.425899,11.6470491,1087,,+43 664 4083678,,,OSM,
Rifugio Biella - Seekofelhütte,private,121491779,46.6656313,12.0845833,2327,,,,,OSM,
Obere Euschels,,121494370,46.6331879,7.2853703,1550,,,https://www.familie-buchs.ch,,OSM,
Ritzlialp,,121494384,46.6295346,7.2828361,1534.0,,,,,OSM,
Juac,,121497039,46.5731871,11.7499218,1905,info@juac.it,+39 3358082321,https://www.juac.it,,OSM,
Ncisles - Regensburger - Firenze,,121599291,46.5875216,11.7582949,2040,,+39 0471 796307,https://www.rifugiofirenze.com/,90,OSM,
Bergstadl,,121635914,47.3672018,12.6047965,1490,,,,,OSM,
Tuxerjoch Haus,Franz Hotter KG,121648748,47.098872,11.6495337,2313,,+43 5287 87216,,,OSM,
Rifugio La Montanara,,121789060,46.1572244,10.9546275,1575,riflamontanara@virgilio.it,+39 0461 585603,http://www.montanara.ea23.com,,OSM,
Malga Tovre,,121789066,46.155045,10.9588126,1450,,,,,OSM,
Rifugio ai Caduti dell'Adamello,,121812828,46.1686646,10.5648842,3025,info@rifugioaicadutidelladamello.it,,http://www.rifugioaicadutidelladamello.it/,,OSM,
Steinalm,,121815356,47.4117765,13.5378964,1318,,,,,OSM,
Schlernhaus - Rifugio Bolzano,,121834831,46.5073218,11.574626,2457,,,,,OSM,
Tierser Alpl Hütte - Rifugio Alpe di Tires,Judith & Stefan Perathoner,121839252,46.4972626,11.6328056,2440,info@tierseralpl.com,+39 0471 727958,https://www.tierseralpl.com/,,OSM,
Freiburger Hütte,DAV Sektion Freiburg-Breisgau,121901087,47.162723,9.99041,1918,,+436641745042,http://www.freiburger-huette.at/,103,OSM,97
Rifugio Croce Di Marone,,121945210,45.738449,10.155572,1166,,,,,OSM,
Rifugio Malpensata,,121945212,45.7417723,10.162189,1348,,,,,OSM,
Gjaid Alm,,121991825,47.5178721,13.6698962,1739,,+43 6131 596,http://www.gjaid.at/,,OSM,
Rifugio Gardeccia,,122023472,46.4471951,11.6401112,1949,,,,,OSM,
Malga Alta di Pellizzano,,122054743,46.2937626,10.776461,1558,,+39 348 4876411,,,OSM,
Rifugio Stella Alpina,,122118920,46.4474911,11.6391872,1958.0,,,,,OSM,
Zufallhütte - Rifugio Nino Corsi,Familie Müller,122266665,46.4814953,10.6792103,2264,,+39 0473 744 785,https://zufallhuette.com/,,OSM,
Rifugio Passo delle Selle,private,122374773,46.3967405,11.7625526,2530,,,,,OSM,
Rifugio Taramelli,Società degli Alpinisti Tridentini,122374780,46.3946206,11.7403115,2045,info@rifugiotaramelli.it,+39 360 879719,https://www.rifugiotaramelli.it/,12,OSM,609
Winnebachseehütte,DAV Sektion Hof,122398641,47.0875574,11.0544475,2362,,+43 5253 5197,https://www.winnebachseehuette.com/,,OSM,
Simonyhütte,Sektion Austria,122404162,47.50,13.62,2203,,00436802196374,http://www.simonyhuette.com/home.html,94,OSM,219
Siegerlandhütte,,122409746,46.9408102,11.1477008,2710,,,https://www.dav-siegerland.de/,,OSM,705
Sarsteinalm Bad Goisern,,122411732,47.6085329,13.6942127,1711,,,www.sarstein.at,,OSM,
Fiegls Gasthaus auf der Windachalm,private,122426014,46.9597111,11.0632344,1940,,,,,OSM,
Grasserhütte,,122472292,47.6000545,15.1883499,1472,,+43 664 78069267,https://grasserhuette.jimdofree.com/,,OSM,
Rifugio Luigi Azzoni,Società Escursionisti Lecchesi,122563319,45.8582145,9.4693787,1860,info@rifugioazzoni.it,+39 331 987 7220,https://www.facebook.com/rifugio.azzoni/,20,OSM,
Ifinger Hütte - Rifugio Ivigna,,122593477,46.6945058,11.2393342,1810,,+39 334 796 0781,https://www.visitmeran.it/ifingerhuette,,OSM,
Walder Alm,,122669293,47.3383216,11.5831684,1500,,+43 5223 78359,https://www.walderalm.at/aktuelles/,,OSM,
Alpengasthaus Karwendel,,122712423,47.4277515,11.6950242,1480,,,,,OSM,
Rodlhütte Pertisau,Sport Wöll,122712425,47.4332455,11.6941166,1120,,,,,OSM,
Loosbühelalm (Klausalm),,122816112,47.2284161,13.2880075,1769,,+43 676 4409518,https://www.loosbuehelalm.at/,,OSM,
Filzmoosalm,,122816127,47.216183,13.2790261,1710,,,,,OSM,
Kleblealm,Norbert Riml,122816845,46.966682,11.0272668,2015,,+436642141575,,,OSM,
Naturfreunde,,122853620,47.9053157,14.2365428,406.0,,,,,OSM,
Stallwiesalm,,122896246,46.967112,11.0232036,1960,,,,,OSM,
Ramolhaus,DAV Sektion Hamburg,122898441,46.8295883,10.9697403,3006,,,,,OSM,
Hochjoch-Hospiz,DAV Sektion Berlin,122902604,46.82516,10.83393,2413,info@hochjoch-hospiz.at,+43 720 51 31 30,https://www.hochjoch-hospiz.at,65,OSM,370
Rifugio Valasco,Flavio Poggio,122993300,44.1986916,7.2327407,1764,info@rifugiovalasco.it,+39 348 3230266,https://www.rifugiovalasco.it/,,OSM,
Malga Preghena di Sotto,,123034735,46.4248722,10.9044897,1911,,,,,OSM,
Rottenmanner Hütte,OeAV Sektion Rottenmann,123065254,47.4901009,14.3757724,1650,,,https://www.rottenmannerhuette.at/,,OSM,
Franzlbauerhütte,,123142308,47.3778683,14.506541,1409,,+43 664 9030021,,,OSM,
Dr.-Hugo-Beck-Haus,Familie Michael Kortas,123146467,47.5839302,13.0163863,1260,,+4986522727,https://hugobeckhaus.jimdosite.com/,,OSM,
Rifugio Trona Soliva,,123180212,46.0411012,9.5275878,1900,rifugiotronasoliva@gmail.com,+39 340 3433090,http://rifugiotrona.it/,,OSM,
Gauertalhaus,,123243677,47.0588231,9.8644111,1245,,+43 664 2188034,https://gauertalhaus.naturfreunde.at,,OSM,
Mahdberg-Alpe,,123277994,47.2046007,10.2778085,1825,,,,,OSM,
Sillianer Hütte,ÖAV Sektion Sillian,123303946,46.7060787,12.4064967,2455,,,,,OSM,
Innerbergalm,,123353073,47.0766336,10.9258555,1950,,+43 5253 5988,,,OSM,
Kolmhaus,,123466395,47.1736491,11.9359157,1845,,,,,OSM,
Rifugio Re Alberto Primo - Gartlhütte,private,123811150,46.4592885,11.6229675,2621,,,https://www.rifugiorealberto.com,,OSM,
Eicherthütte,Österreichischer Touristenklub,123898060,47.8118139,16.0132978,1052,,,www.eicherthuette.at,,OSM,
Rotmoosalm,Eva Maurer & Florian Neuner,123923649,47.3834768,11.0770483,2030,info@rotmoosalm.at,+43 676 4516900,https://www.rotmoosalm.at/,,OSM,
Straubinger Haus,DAV Sektion Straubing,124023064,47.620128,12.499493,1558,,+43 5375 6429,https://www.straubingerhaus.at,50,OSM,200
Dalfazalm,,124046721,47.449918,11.7415905,1693,,+43 664 91 59 807,http://www.dalfazalm.at/,,OSM,
Rifugio Giovanni Bertacchi,C.A.I. sezione Vallespluga,124047317,46.4690337,9.3787571,2171,rifugiobertacchi@caivallespluga.it,+39 3347769683,https://www.rifugi.lombardia.it/de/sondrio/madesimo/hutten-bertacchi.html,24,OSM,
Zirbenhütte,,124063706,46.8594336,13.8317426,1867.0,,,,,OSM,
Goggauwirthütte,,124067376,46.8649722,13.8349687,1879.0,,,,,OSM,
Wiener-Neustädter-Hütte,Österreichischer Touristenklub,124074836,47.4232255,10.9702511,2209,,+43 676 730 44 05,https://wiener-neustaedter.com/,,OSM,
Malga Val dei Brenzi,,124085340,46.2017648,11.0592083,1193.0,,,,,OSM,
Klausalm,,124101204,47.3513617,13.0474759,1201.0,,,,,OSM,
Klingelbergalm,,124101205,47.3569671,13.0599311,1474,,,,,OSM,
Moosalm,,124101206,47.3553409,13.0457907,1386,,,,,OSM,
Lasörlinghütte,Familie Wurnitsch,124255954,46.9570195,12.3768906,2350,info@lasoerlinghuette.com,+43 664 9758899,http://www.lasoerlinghuette.com/,,OSM,
Greizer Hütte,DAV Sektion Greiz,124262161,47.04330,11.8853,2227,,+4366499721169,https://www.greizerhuette.at,81,OSM,122
Bergrettungshütte,,124355162,47.4050426,14.2005395,1581.0,,,,,OSM,
Steinernes Hüttl,,124389528,47.3862335,11.0382488,1925,steinerneshuettl@gmx.net,,,,OSM,
Topalihütte,SAC - CAS,124392317,46.15717,7.76206,2674,info@topalihuette.ch,+41279562172,https://www.topalihuette.ch,38,OSM,166
Bürglalm,,124431026,47.3728966,13.017317,1596,,,,,OSM,
Zachhof Alm,,124441598,47.3787104,13.0320187,1574.0,,,,,OSM,
Mugelschutzhaus,Österreichischer Touristenklub,124469336,47.3586713,15.1880916,1626,mugelschutzhaus@oetk.at,,http://www.mugelschutzhaus.at,,OSM,
Sarsteinhütte,TVN,124508029,47.5767102,13.6912675,1620,,,,,OSM,
Wiesberghaus,Naturfreunde Lenzing,124510761,47.5204966,13.6261241,1884,wiesberghaus@gmx.at,+43 664 3517 567,https://www.wiesberghaus.at/,,OSM,
Ottohaus,,124550755,47.7132051,15.7621238,1642,,,,,OSM,
Chäserli,,124720838,46.6992516,7.2171852,1057,,,,,OSM,
Gross Kapberg,,124720839,46.6850893,7.2305404,1434,,,,,OSM,
Italienera,,124720840,46.6812656,7.2242197,1300,,,,,OSM,
Seewera,,124720841,46.6981002,7.2145697,1120,,,,,OSM,
Untere Wusta,,124720842,46.70058,7.2090321,1272,,,,,OSM,
Wusta,,124720843,46.7023963,7.2023597,1366,,,,,OSM,
Chalet de La Berra,Chalet de la Berra Sàrl,124720895,46.6777563,7.1808872,1630,,+41 79 335 95 64,https://www.chaletdelaberra.ch/,,OSM,
Le Bi Gîte,,124720905,46.6719857,7.190298,1628,,,,,OSM,
Alpage et buvette de La Louère,,124915941,46.1951299,7.4768299,2159.0,,,,,OSM,
Ütia Toni Demetz,,125011241,46.514639,11.7395744,2685,info@tonidemetz.it,+39 0471 795 050,https://www.tonidemetz.it/,29,OSM,
Wolfratshauser Hütte,DAV Sektion Wolfratshausen,125026512,47.39111,10.84861,1752,,+43 650 9568840,https://www.wolfratshauserhuette.at/,42,OSM,372
Gasselhütte,Verein für Höhlenkunde,125055131,47.82281,13.8427359,1211,info@gasselhoehle.at,+43 680 1127544,https://www.gasselhoehle.at/,,OSM,
"Rifugio Malga Caldenave ""Claudio e Renzo""",Comune di Scurelle,125155395,46.1346583,11.5445048,1792,,,,20,OSM,
Rifugio Santa Maria di Misma,,125159819,45.7314562,9.8319795,837.0,,+39 035 956008,,40,OSM,
Refuge du Creux de Lachat,,125163188,45.7223677,6.0349593,1350,,+33 623 36 65 75,https://www.chamberymontagnes.com/fiche/refuge-du-creux-de-lachat/,,OSM,
Neue Bamberger Hütte,,125338464,47.30904,12.15055,1756,,+43 6644 559469,http://alpenverein-bamberg.de/huetten/bamberger-huette/,74,OSM,116
Rifugio Duca degli Abruzzi all'Oriondé,private,125447845,45.9590769,7.6437783,2810,,,,21,OSM,
,,125474653,46.3427159,10.7476073,2175.0,,,,,OSM,
Rifugio Potzmauer,,125480046,46.2348813,11.2515553,1282,,,,,OSM,
Türnitzer Hütte,"Österreichischer Gebirgsverein, Ortsgruppe St. Pölten",125499992,47.9193912,15.5565518,1372,,,,,OSM,
Almhütte Hofelet,,125508386,46.7795069,12.4058319,2010.0,,,,,OSM,
Almhütte Stiendlalm,,125508403,46.7794763,12.4055965,2039.0,robert.ortner11@gmail.com,,https://www.stiendlalm.at,,OSM,
Rifugio Perucca-Vuillermoz,Società Guide del Cervino,125530406,45.9036413,7.5670721,2915,,,,30,OSM,
Biberalm,,125738586,47.1910596,13.0662645,1735,,,,,OSM,
Tribulaunhaus,Josef Pranger,125812029,47.0020622,11.3466484,2064,innsbruck@naturfreunde.at,+43 5276 252; +43 664 4050951,https://www.tribulaunhuette.at/,,OSM,
Les Allières,,125826452,46.6700204,7.1743267,1478.0,,,,,OSM,
Cerniets,,125826504,46.6377343,7.258859,1524,,,,,OSM,
Haindlkarhütte,,126017358,47.5670748,14.6118739,1121,,,,,OSM,
Glorerhütte,DAV Sektion Eichstätt-Neuburg,126087678,47.030833,12.715556,2642,glorerhuette@grafconsulting.at,+43 67761182853,https://www.glorer-huette.at,39,OSM,342
Steiner-Hochalm,,126187473,47.2624586,13.1173868,1550,,,,,OSM,
Haßeckalm,Hotter Toni,126196703,47.2825327,13.1028962,1820,,,,,OSM,
Paulbauernalm,,126202066,47.2618456,13.1255987,1596,,,,,OSM,
Naturfreundehaus Kolm-Saigurn,Naturfreunde Rauris,126213398,47.067776,12.9839993,1598,,+43 6544 8103,https://www.sonnblickbasis.at,,OSM,
Naturfreundehaus Neubau,,126233467,47.056159,12.9877539,2175,schutzhaus-neubau@sbg.at,+43 6544 8181,https://www.schutzhaus-neubau.at/,,OSM,
Durchgangalm,,126233479,47.0747925,12.9980609,1742,,,,,OSM,
Bergbauern - Lackneralmhütte,,126272045,47.7171027,14.786264,1050.0,,,https://www.naturfreunde-huetten.at/,,OSM,
Rifugio Alpe Baranca,,126278404,45.9249753,8.1080903,1600,,,,,OSM,
Dobratsch Gipfelhaus,ÖAV Sektion Villach,126300840,46.6032168,13.6719413,2143,info@gipfelhaus-dobratsch.at,+43 720 350340,https://www.gipfelhaus-dobratsch.at,,OSM,
Stüdlhütte,Sektion Oberland des Deutschen Alpenvereins (DAV) e. V.,126348573,47.05494,12.68159,2802,,+4348768209,https://www.alpenverein-muenchen-oberland.de/huetten/alpenvereinshuetten/stuedlhuette,118,OSM,220
Heinrich-Kiener-Haus,,126561974,47.3821356,13.2652256,1792,,,https://hochgruendeck.at/,,OSM,
Le Criouly,,126619394,46.0815812,6.7602666,1402.0,,,,,OSM,
Refuge de la Golèse,Sébastien Baud,126621147,46.129928,6.7631188,1671,info@refuge-golese.com,+33 4 50 90 59 53,http://www.refuge-golese.com/,,OSM,
Refuge du Lac de Gers,Dominique Navillod,126623354,46.0283551,6.7305258,1540,,,,,OSM,
Refuge de Gève,,126817444,45.2181743,5.5600438,1291,Refugedegeve38@gmail.com,+334 76 95 33 89,https://refugedegeve.com,,OSM,
Auberge du Banc de l'Ours,,126817503,45.1891104,5.536198,1144.0,,,https://www.le-banc-de-lours.com/,,OSM,
Rudnig Alm,,127008303,46.5708379,13.2383321,1628,,,,,OSM,
Refuge de la Pointe Percée - Gramusset,Club Alpin Français,127033827,45.9554537,6.544452,2164,,+33 6 37 67 22 62,https://refugelapointepercee.ffcam.fr/,,OSM,
Auberge Nordique,,127034738,45.9432858,6.5004009,1109.0,,,,,OSM,
Refuge de la Bombardellaz,,127035767,45.9361673,6.5064468,1584.0,,,,0,OSM,
Bärenhütte,,127055592,47.6317104,12.4307256,1490,,,,,OSM,
Rudolf-Fordinal-Haus,Alpine Gesellschaft Alpenfreunde,127087415,47.8826523,15.9806669,717,,,,,OSM,
Baita Segantini,,127204295,46.2985848,11.8043575,2200,,,https://www.baitasegantini.it/,,OSM,
Capanna Cervino,,127204302,46.3006569,11.7925601,2084,,,,,OSM,
Schalleralm,,127240366,47.6353031,15.4118505,1348.0,,,,,OSM,
Graf Meran Haus,ÖTK,127242429,47.6447005,15.4093622,1836,,,,,OSM,
Grundbauerhütte,,127242431,47.6458753,15.4783976,1430,,,,,OSM,
Rifugio Città di Busto,CAI Sezione di Busto Arsizio,127317594,46.4340375,8.3630912,2482,,+39 0324 63092,https://www.rifugiocittadibusto.it/pages/it/home.php,47,OSM,
Berggasthof Hochbühl,Familie Kasper,127328818,47.5039833,10.0106633,1190,hochbuehl.steibis@t-online.de,+49 8386 8138,https://www.berggasthof-hochbuehl.de/,,OSM,
Enzianhütte,,127474671,47.3226832,12.8386296,1250.0,,+43 664 73555853,https://www.berggasthof-zellamsee.at/,,OSM,
Moosalm,,127480174,47.3155623,12.8862544,1531,,,,,OSM,
Statzerhaus,,127480175,47.3382384,12.9113144,2117,,,,,OSM,
Chalet Du Soldat,Nicolas Gavillet & Sylviane Marendaz,127508253,46.5764714,7.2634977,1751,info@chaletdusoldat.ch,+41 26 929 82 35,https://www.chaletdusoldat.ch/,,OSM,
Mooslehenalm,,127518883,47.2769351,13.1852961,1449,,,,,OSM,
Viehhausalm,,127518979,47.2786988,13.1813424,1640,,,,,OSM,
Ex caserma della finanza,,127554805,46.4591425,8.4517213,2309.0,,,,,OSM,
Buvette du Gros Cousimbert,,127617218,46.6970618,7.1872421,1572,,+41 26 413 36 09,http://www.cousimbert.ch/,,OSM,
Ellmaualm,,127788419,47.2442079,13.2710294,1794,,+43 664 4550411,https://ellmaualm-grossarl.at/,,OSM,
Weißalm,,127791239,47.2374367,13.277582,1723,,+43 664 4378020,,,OSM,
Carl-von-Stahl-Haus,OeAV Sektion Salzburg,127908485,47.574750,13.042617,1736h,,+49 8652 6559922,http://www.stahlhaus.at,113,OSM,293
Refuge du Lac d'Allos,,127963931,44.2377833,6.7069561,2259.0,refugedulacdallos@gmail.com,+33 4 92 83 00 24,https://refugedulacdallos.com/,42,OSM,
Schneibsteinhaus,DAV Sektion Berchtesgaden,127978113,47.572147,13.039249,1670,,+49 8652 2596,https://www.schneibsteinhaus.de,66,OSM,327
Refuge de la Pare,,128067754,44.429098,6.6219671,1832,,+33 659140391,https://refugedelapare.wordpress.com/,17,OSM,
Refuge du Col d'Allos,,128074058,44.2978087,6.595753,2250,,+33 4 92 83 85 14,https://www.refuge-col-dallos.fr/,40,OSM,
Refuge de la Cayolle,Parc National du Mercantur,128075483,44.2638669,6.7453753,2262,refugedelacayolle@gmail.com,+33 9 88 18 24 55,https://refugedelacayolle.fr/,32,OSM,
Chalet de Maljasset,Club Alpin Français,128086926,44.5926937,6.8423788,1905,,+33 4 92 31 55 42,https://chaletmaljasset.ffcam.fr/,,OSM,
Rüsselsheimer Hütte,DAV Sektion Rüsselsheim,128117135,46.994137,10.888199,2323,,+ 43 5413 203 00,https://www.ruesselsheimer-huette.de,47,OSM,115
Ristoro Larici,,128172366,46.4306505,9.3739769,1864.0,larici@skiareavalchiavenna.it,+39 0343 55376,http://www.skiareavalchiavenna.it/rifugi.php?l=it&act=1&m=6,,OSM,
Langfeldhütte,,128212568,47.4935194,13.4766182,1458,,,,,OSM,
Mahdalm,,128212569,47.4896949,13.4761038,1530,,,,,OSM,
Spießalm,,128219367,47.4921653,13.3600035,1200,,,,,OSM,
Cabane des chasseurs,,128245965,45.2339267,6.3736419,1990,,,,,OSM,
Kirchgasshütte,,128268411,47.475545,13.5126462,1366,,,,,OSM,
Sulzkarhütte,,128340925,47.4868243,13.4920424,1543,,,,,OSM,
Obere Riggisalp,,128373309,46.6516329,7.2983883,1478,,+41 79 218 46 39,,,OSM,
Malga Pradont,,128400106,46.5191716,11.0771623,1905,,,,,OSM,
Kräuterinhütte,Thomas Raab,128524627,47.7131647,15.1010166,1394,,,https://www.steiermark.com/de/Hochsteiermark/Urlaub-planen/Ausflugsziele/Sennhuette-auf-der-Kraeuterin_isd_289888,10,OSM,
Soiernhaus,DAV Sektion Hochland,128630808,47.49,11.35,1616,,+49 171 5465858,https://www.soiernhaus.de,45,OSM,287
Ebenhandlhütte,,128680579,47.2196718,13.9151912,1560.0,,,,,OSM,
Gogles Alm,,128727977,47.1373582,10.6572564,2017,,+43 660 5499084,https://www.gogles-alm.at/,,OSM,
Baita Termen,,128811879,45.8827836,10.0944439,1623.0,,,,,OSM,
Rifugio Gerli Porro,C.A.I. sezione di Milano,128816019,46.2984778,9.7768863,1965,info@rifugiogerliporro.it,+39 329 4159404,https://www.rifugiogerliporro.it/,60,OSM,
Rifugio Ventina,,128816020,46.2959473,9.7784713,1975,info@rifugioventina.it,+39 0342 451458,http://www.rifugioventina.it/,46,OSM,
Hengstpasshütte,,128840676,47.7020896,14.4608719,987,,,https://www.kalkalpen.at/,,OSM,
,,128876191,46.636797,13.5490949,1112.0,,,,,OSM,
Hermagorer Bodenalm,,128998279,46.6818925,13.3798437,1250.0,,,,,OSM,
Naggler Alm,Familie Knaller,128998297,46.6990886,13.3129067,1324,,+4369910361000,https://www.naggleralmut.at/,,OSM,
,,129020571,47.7004935,14.4414216,964.0,,,,,OSM,
Schwarzwasserhütte,DAV Sektion Schwaben,129023318,47.331169,10.087352,1621,,00000,https://www.schwarzwasserhuette.com,75,OSM,189
Tappenkarseehütte,OeAV Sektion Edelweiß,129099296,47.1846001,13.3161978,1820,tappenkarseehuette@aon.at,+43 6418 20113,http://www.tappenkarseehuette.at/,,OSM,
Tappenkarsee Alm,,129099715,47.1946192,13.3185395,1768,,,,,OSM,
,,129099718,47.1945567,13.3181465,1817.0,,,,,OSM,
Gföller Alm,,129130948,47.3298632,13.7710687,1367.0,,,,,OSM,
Alpe Schneidberg,,129149825,47.5628088,10.1059192,833.0,,+49 8325 446,http://alpe.thalkirchdorf.de/,,OSM,
Herrenalm,,129260519,47.8022323,15.0898945,1327,,+43 664 73828860,,20,OSM,
Ybbstaler Hütte,Sektion Austria,129263669,47.8075931,15.0250949,1343,,,https://www.alpenverein.at/ybbstalerhuette/,,OSM,
Ostermaisalm,,129463478,47.468885,13.3649268,1380,,,,,OSM,
Rotgüldenseehütte,ÖAV Sektion Graz,129497954,47.1009986,13.4120297,1740,,,https://www.rotgueldenseehuette.at/,,OSM,
Wertschacher Alm,,129552794,46.6445265,13.5919971,1566,,,,,OSM,
Meissner Haus,,129585073,47.2083437,11.4884508,1720,,+43 512 377697,https://www.meissner-haus.at/,69,OSM,
Auberge des Allières,,129629151,45.0957968,5.6033248,1426,,+334 76 94 32 32,https://www.aubergedesallieres.com,,OSM,
Alp Grosser Schwyberg,,129723079,46.7037576,7.2704446,1593,,+41 26 412 12 82,http://www.grosserschwyberg.ch,,OSM,
Grazer Hütte,,129769165,47.5981134,14.0097389,1621.0,,,https://www.grazerhuette.at/,,OSM,
Erichhütte,ÖAV Sektion Lend-Dienten,129870890,47.4004726,13.039646,1540,,+436642643553,,,OSM,
Dientalm,,129896838,47.3903973,13.0566166,1358.0,rohrmoos@cablelink.at,+4364677342,http://www.dientalm.at/,,OSM,
Brandstatthütte,,129896839,47.4051415,13.0893895,1568.0,,,,,OSM,
Molteraualm,,129896843,47.4047733,13.0914302,1520,,,,,OSM,
Scharten Hütte,,129896846,47.4052214,13.092866,1504,,,,,OSM,
Windrauchegg Alm,Famlile Gschwandner,129896852,47.4062042,13.110313,1472.0,,,,,OSM,
Mittereggalm,,129897387,47.3913477,13.0571672,1375.0,info@mittereggalm.com,+43 676 340 97 37,https://www.mittereggalm.com/,,OSM,
Rifugio Pradidali,,129947081,46.2442914,11.8543039,2278,,+39 0439 64180,https://www.rifugiopradidali.com,,OSM,
Rifugio Col Rodella,,130038304,46.4953947,11.7480485,2484,,+39 346 2381529,https://www.fassa.com/it/servizi/rifugio-col-rodella,,OSM,
Kaltenberghütte,Deutscher Alpenverein - Sektion Reutlingen,130176573,47.0709,10.0836,2089,,+436649280636,http://www.kaltenberghuette.at/,63,OSM,95
Huberalm,Fam. Saller,130185829,47.2767924,13.0659008,1250,,,,,OSM,
Kögerlalm,,130185831,47.2818104,13.0554346,1370,,+43 664 4540143,https://www.gasteinertal.com/koegerlalm/,,OSM,
Padasterjochhaus,,130300721,47.0809596,11.3636262,2232,,,https://www.padasterjochhaus.at/,,OSM,
Costaccia,,130427542,46.5428576,10.1167776,2328,,,,,OSM,
Bar Ristoro Lago Muffé,,130545657,45.6369856,7.6046292,2085.0,,,,,OSM,
Berggasthof Kohlalm,Magdalena Wiesinger,130581410,47.5986704,12.345681,1194,office@kohlalm.at,,https://kohlalm.at/,,OSM,
Pleschnitzzinkenhütte,OeAV Sektion Pruggern,130664722,47.380177,13.8565989,1927,,,,,OSM,
,,130688198,47.7958385,14.1956856,1145.0,,,,,OSM,
Breithornhütte,,130741214,47.2186706,9.9311804,1679,,,https://www.breithornhuette.at/,,OSM,
Sogno di Berdzé al Péradzà,,130763339,45.5961535,7.487862,2529,info@rifugiosogno.it,+39 0165 749 111,https://www.sognodiberze.it/fr/,74,OSM,
Eggeralm,,130804355,47.3679257,12.9467587,1187.0,,,,,OSM,
,,130914853,45.0981855,6.430584,1908.0,,,,,OSM,
Erlbachhütte,,131007805,47.6748281,13.4235122,1362.0,,,,,OSM,
Schafbergblickhütte,,131007806,47.6741377,13.4243315,1359.0,,,,,OSM,
Wieslerhütte,,131007811,47.67118,13.4261413,1365.0,,,,,OSM,
Refuge de Vallonbrun,,131211293,45.3103309,6.9372551,2270.0,refuge.vallonbrun@vanoise-parcnational.fr,,https://refuge-vallonbrun.vanoise.com/,,OSM,
Rifugio Valdaione,Gruppo Alpini di Bienno,131229699,45.8952896,10.3487922,1615,,,,,OSM,
Otto-Leixl-Hütte,DAV Akademische Sektion München,131245650,47.321387,12.0080731,1911,,,,,OSM,
Skihütte Zams,,131298244,47.1518227,10.6183353,1780,info@skihuette-zams.at,+43544261300,,,OSM,
Großwildalm,,131300364,47.2596526,13.270015,1778,,,,,OSM,
Breitenebenalm,,131305417,47.2733292,13.2523893,1398.0,,+43 6414 8386,http://www.breitenebenalm.at/de/huette-grossarl/almhuette.html,,OSM,
Karsegg-Heimalm,,131305419,47.2789262,13.2584109,1603,,,,,OSM,
Unterwandalm,,131305527,47.2818879,13.2519945,1600,,+43 664 2412908,,,OSM,
Rifugio delle Marmotte,private / Operazione Mato Grosso,131413425,45.5555977,7.1276332,2142,info@rifugiodellemarmotte.it,+39 389 348 8785,http://www.rifugiodellemarmotte.it,40,OSM,
Historische Postalmhütte,,131443700,47.6647494,13.4364173,1284,,,,,OSM,
Thoralm,,131443709,47.6733211,13.4384652,1334.0,,,,,OSM,
Rifugio Mario Bezzi,private,131662229,45.5409012,7.0180562,2283,rifugio@rifugiobezzi.com,+39 0165 97129,https://www.rifugiobezzi.com/,82,OSM,
Neudegg Heimalm,,131671264,47.1735262,13.065188,1446.0,,,,,OSM,
Fundner Heimalm,,131671275,47.1750525,13.0695778,1423.0,,,,,OSM,
Islitzeralm,,131675261,47.0092041,12.3047064,1513,,,,,OSM,
Verpeilhütte,DAV Sektion Franfurt/Main,131694851,47.0211371,10.7792231,2025,,+43 650 5656 540,https://www.verpeilhuette.at/,,OSM,
Rifugio Chalet de L’Épée,private,131721336,45.5888464,7.0603246,2370,info@rifugioepee.com,+39 0165 97215,https://www.rifugioepee.com/,80,OSM,
Rudolf-Proksch-Hütte,Sektion Oesterr. Gebirgsverein,131772488,48.0314862,16.2382832,541,reservierung@prokschhuette.com,+43664125881,https://prokschhuette.com/,,OSM,
Trattnerhütte - Tenneralm,,131780608,47.6766396,13.2223609,1270,,,,,OSM,
Silvrettahütte SAC,Schweizer Alpen-Club Sektion St. Gallen,131889155,46.8545229,10.0414464,2341,info@silvrettahuette.ch,+41 81 422 13 06,https://www.silvrettahuette.ch/,69,OSM,80
Fredl-Müller-Hütte,Bergrettung Köflach,131898458,47.0735741,14.941005,1520,,,https://www.bergrettung-koeflach.at/,,OSM,
Douglasshütte,Österreichischer Alpenverein Sektion Vorarlberg,131906872,47.059684,9.754765,1979,,00436644412378,https://www.douglasshuette.at,86,OSM,393
Oberzalimhütte,DAV Mannheim,132073459,47.0799283,9.6933703,1889,,,,,OSM,655
Clarahütte,DAV Sektion Essen,132127112,47.01,12.14,2038,venedigerjupp-hatzer@aon.at,+43 664 9758893,https://www.virgental.at/unterkuenfte/unterkunft-suche/detail/unterkunft/clarahuette-2038-m/,47,OSM,132
Rifugio Gheza,,132131941,45.96285,10.4162419,2087,,,,,OSM,
Rifugio Prandini Franco,,132131944,45.9660945,10.4106593,1979,,,,,OSM,
Rifugio Carlo Tassara,,132132101,45.9163985,10.3943126,1802,,,,,OSM,
Rifugio Stuetta,,132260638,46.4678487,9.3505408,1890,stuetta@gmail.com,+39034353174,http://rifugiostuetta.altervista.org/,,OSM,
Capanna Alpe Sponda,SAT Chiasso,132278115,46.4174495,8.7860246,2000,info@satchiasso.ch,+41 91 864 23 52,http://www.satchiasso.ch,35,OSM,447
Rifugio degli Angeli,,132311481,45.6245201,7.0294713,2916,info@rifugiodegliangeli.it,+39 329 2320 123,,49,OSM,
Alpe Ganatsch,,132367082,47.1369031,10.3982482,1854,,,,,OSM,
Gepatschhaus,DAV Sektion Franfurt/Main,132367703,46.901389,10.7375,1928,info@gepatschhaus.at,+43 6604610244,https://www.gepatschhaus.at,87,OSM,173
"Rifugio Albergo Alpino ""Pian del Re""",,132374060,44.7002001,7.0960293,2020,,,,,OSM,
Rifugio Vitale Giacoletti,C.A.I. Barge,132416702,44.6967127,7.0759376,2741,,+39 0175 940104,https://www.giacoletti.it,60,OSM,
Ober Recardets,,132471326,46.6505865,7.2502984,1464,,,,,OSM,
Parc des Fayes,,132471458,46.6665292,7.2103218,1551,,,,,OSM,
Maurachalmhütte,,132522841,47.1678369,13.0656215,1611.0,,,,,OSM,
Brandner Hochalm,,132522866,47.168796,13.0494207,1770,,,,,OSM,
Schwaigalm,,132548811,47.4434556,13.4936198,1350,,+43 676 6047420,,,OSM,
Holzwurm,,132548826,47.4346416,13.5006159,1084.0,,+436765018530,http://www.mooslehenhof.at,,OSM,
Edelweißhütte,Fam. Weidinger,132613067,47.791785,15.8149084,1235,info@edelweishuette.at,,https://www.edelweisshuette.at/,,OSM,
Württemberger Haus,DAV Sektion Stuttgart,132678903,47.210277,10.535555,2220,info@dav-wuerttembergerhaus.de,+436507538927,https://www.wuerttemberger-haus.at,59,OSM,298
Memminger Hütte,DAV Sektion Memmingen,132681267,47.2006203,10.4785737,2242,info@memmingerhuette.at,+49 8331 7505040,https://www.memmingerhuette.com,,OSM,
Pottingeralm,,132691095,47.0548354,13.0523865,1603,,,,,OSM,
Moisesalm,,132691098,47.0554561,13.0526104,1620,,,,,OSM,
Schareckalm,,132691102,47.0576356,13.0552813,1620,,,,,OSM,
Veitbaueralm,,132691318,47.0397698,13.0654682,1645,,,,,OSM,
Ristorante-Ostello Vetta Monte Lema,,132706368,46.0408931,8.8353741,1550,,+41 91 9671353,https://www.montelema.ch/risto.php?m=3&s=1,,OSM,
Moaalm,,132751500,47.1945821,12.3545744,1410,,,,,OSM,
Neuburgalm,,132936676,47.5243296,14.6864465,1400,,,,,OSM,
Voit'l Hütte am Zwölferhorn,,133162983,47.7436442,13.351509,1426.0,,,https://voitl-huette.at/,,OSM,
Kienbergerhütte,,133259859,47.7897744,13.451265,1015,,,,,OSM,
Buchberghütte,,133259862,47.7905471,13.4512296,1015,,,,,OSM,
Rifugio Vallanta,Club Alpino Italiano,133327655,44.6656677,7.064487,2450,info@rifugiovallanta.it,+39 0175 956025,http://www.rifugiovallanta.it,60,OSM,
Gsengalmhütte,Sektion Lammertal Julinde Posch 5441 Abtenau 0664-3575153,133346747,47.5358084,13.3806259,1447,,,https://www.alpenverein.at/huetten/index.php?huette_nr=0089,20,OSM,
Gerstreitalm,,133485830,47.2459856,13.2261132,1575,,,,,OSM,
Scheppallalm,,133521337,47.3852471,13.1027385,994.0,,+43646720331,https://scheppalalm.at/,,OSM,
Il Truc,,133522317,45.1650325,7.0627578,1706,rifugioiltruc@gmail.com,+39 0122 32963,https://www.rifugiotruc.it/,12,OSM,
Zapferlalm,,133534814,47.3857957,13.0736673,1326.0,,,,,OSM,
Galtalm,,133666337,47.1480486,11.3215753,1680,,,https://www.galtalm.at/,,OSM,
Fuchses Schwyberg,,133668194,46.6759845,7.2557552,1573,,,,,OSM,
Burlaja,,133741568,46.694428,7.2771558,1430,,,,,OSM,
,,133741569,46.6950293,7.2893328,1223,,,,,OSM,
,,133741570,46.6829328,7.261349,1590,,,,,OSM,
Feldwiesalm,Hr. Riegler,133874052,47.8197479,15.1965103,1312,,+43 680 1349417,https://www.mostviertel.at/feldwiesalm,,OSM,
CAS Les Marindes,SAC - CAS,134726991,46.5358649,7.1620091,1868,marindes@cas-gruyere.ch,,https://www.cas-gruyere.ch/fr/cabanes/cabane-des-marindes/,40,OSM,
Brandalm,,134810191,47.3715888,13.1814464,1139.0,,,,,OSM,
Gloggnitzer Hütte,ÖAV Sektion ÖGV,135297090,47.7296758,15.7290522,1552,,,,,OSM,
Habsburghaus,Sektion Oesterr. Gebirgsverein,135297091,47.7133444,15.6986273,1785,,+43 2665 219,https://habsburghaus.co.at/,,OSM,
Neue Seehütte,Österreichischer Touristenklub,135297161,47.7031506,15.7275699,1644,,+43 677 64280848,https://www.neue-seehuette.at/,,OSM,
Refuge de Folly,,135459224,46.102918,6.7721741,1550,,,,,OSM,
Gîte Béthanie,,135482783,44.521345,6.1541695,885.0,,,,,OSM,
Dr.Josef-Mehrl-Hütte,Alpenverein Wien,135548351,46.9794337,13.7753008,1720,,,,,OSM,
Neue Bonner Hütte,Vanessa Laurito & Christian Lüders,135564755,47.037222,13.68,1712,,+43 664 949 24 46,https://www.neue-bonner-huette.at,29,OSM,162
Gite d'alpage de la Molière,,135630671,45.1799186,5.5901368,1565,,+336 09 38 42 42,https://gitedelamoliere.aufilduvercors.org/,,OSM,
Casa Reale di caccia di Orvieille,,135675043,45.5792199,7.1912569,2173.0,,,,,OSM,
Carschinahütte SAC,SAC - CAS,135931766,47.0070754,9.8273532,2236,info@carschina.ch,+41 79 418 22 80,https://www.carschina.ch/,80,OSM,46
Enderlinhütte SAC,SAC - CAS,135931767,47.0388236,9.5515198,1501,enderlin@sac-piz-sol.ch,+41 79 681 61 29,https://www.sac-piz-sol.ch/html/a46b96ee-d135-11df-94da-deec044f7f8f/information_enderlinhuette,30,OSM,729
Tschuiggn Hütte,,135967540,46.8748609,12.4412757,2204.0,,,,,OSM,
Obergasteigalm,,135967541,46.8697762,12.4376863,1885.0,,,https://www.obergasteigalm.eu,,OSM,
Taletalmhütte,,135967544,46.8535794,12.4644521,1732.0,,,https://www.huettenland.com,,OSM,
Herrgottschnitzerhütte,,136091029,47.5597753,15.9991152,1318,,,,,OSM,
Zollnersee Hütte,Sektion Obergailtal-Lesachtal,136126326,46.605,13.070,1750,,00436508209913,http://zollnerseehuette.oeav-obergailtal.at/,32,OSM,109
Rifugio Albert Deffeyes,C.A.I.,136187621,45.6753995,6.9859262,2500,info@rifugiodeffeyes.it,+39 0165 884239,http://www.rifugiodeffeyes.it/,,OSM,
Radstädterhütte,,136517123,47.415271,13.4778622,1760,,,,,OSM,
Schörgialm,Anton Höllwart,136613840,47.4178114,13.5200696,1582,,+436642200728,https://www.skifilzmoos.com/,,OSM,
Karhütte,,136613845,47.414941,13.4845418,1718,,,https://xn--karhtte-q2a.at/,,OSM,
Obere Frondell-Alm,,136666319,46.6215682,13.0233023,1523,,+436602736572,https://www.frondell-alm.at/,,OSM,
Heugathalm,,136714842,47.2649062,13.2167248,1235.0,,,,,OSM,
Kitzsteinalm,,136727234,47.2818748,13.2935492,1506,,,,,OSM,
Kleinarler Hütte,,136727237,47.2671136,13.2895481,1754,,+43 664 3709977,https://www.kleinarlerhuette.at/,,OSM,
Kurzeggalm-Kleinarl,,136729494,47.2745263,13.2850408,1699.0,,,,,OSM,
Enzianhütte,,136756719,47.6358171,13.2608567,1520,,,,,OSM,
Trautenstattalm,,136775282,47.6793658,13.2074723,1390,,,,,OSM,
Burgeralm,,136779907,46.9838242,11.3995409,1632.0,,,,,OSM,
Obstansersee-Hütte,Sektion Austria,136869246,46.684367,12.493746,2304,,+43 664 932 978 99,https://obstans.jimdo.com/,60,OSM,268
Kirchbacher Wipfelam,,136912392,46.6116885,13.1669453,1576,,,,,OSM,
Straniger Alm,Klaus Kanzian 9634 Grafedndorf 81 +43(0)650/3726174,136912400,46.5956004,13.1343118,1501,kkanzian@edu.aau.at,+43 4284 21001,https://www.straniger-alm.at/,,OSM,
Rifugio Arbolle,Comune Di Charvensod,137043082,45.6675808,7.3456683,2507,rifugioarbolle@gmail.com,+39 0165 50011,https://www.rifugioarbolle.it/,66,OSM,
Hocheggalm,Bergbahnen Rosshütte Seefeld-Tirol-Reith AG,137052018,47.3395538,11.2127719,1544,info@rosshuette.at,+435212241647,https://www.seefeld.com/a-hocheggalm,,OSM,
Geraer Hütte,DAV Sektion Landshut,137132960,47.0433778,11.6281057,2324,geraerhuette@utanet.at,+43 676 9610303,https://www.geraerhuette.at/,,OSM,
Ritzingerhütte,,137195977,47.4938667,13.8477451,1440.0,,,,,OSM,
Simeterhütte,,137196011,47.4950453,13.8497144,1466.0,,,,,OSM,
Leni's Hütte,,137196012,47.494005,13.848621,1444.0,,,,,OSM,
Kehrer Alm,,137237405,47.0727432,12.1819696,1850,,,,,OSM,
Grand Chalet,,137514786,46.6356679,7.2517701,1690.0,,,,,OSM,
Hubel Rippa,,137628493,46.6580575,7.2773556,1135,,,,,OSM,
Baita Palmarusso di Sotto,Operazione Mato Grosso,137815637,45.7586603,10.1505883,1596,,,,,OSM,
Rifugio Larice Cavalier Tonassi,,137940159,45.7895534,10.3367314,1615,,,,,OSM,
Rifugio Blachì 2,,137940218,45.7906475,10.339245,1618,,,,,OSM,
Kienthalerhütte,ÖTK Sektion Kienthaler,137960850,47.769689,15.7827145,1380,,,http://www.kienthaler.at,,OSM,
Erzherzog-Johann-Hütte,Österreichischer Alpenklub,138173676,47.0700262,12.7015701,3454,,+43 4876 8500,https://www.erzherzog-johann-huette.at/,,OSM,
Combi,,138257657,46.6313193,7.2583639,1625,,,,,OSM,
,,138259033,46.6469331,7.2645998,1545,,,,,OSM,
Marbach Brecca,,138259035,46.6429915,7.2685544,1401,,,,,OSM,
Sankt Antoni Brecca,,138259038,46.6441735,7.2710385,1401,,,,,OSM,
Enzianhütte,Österreichischer Alpenverein Sektion Enzian,138627567,47.9608073,15.874411,1106,,,,,OSM,
,,138642457,46.6746363,7.3498268,1322,,+41 26 412 10 01,,,OSM,
Rattendorfer Alm,,138650049,46.5830946,13.1991261,1531,,,,,OSM,
RIfugio Meira Paula,,138650732,44.5846454,7.2355165,1317.0,,+39 348 7205738,https://www.meirapaula.it,,OSM,
Heidelberger Hütte,DAV,138957728,46.9097153,10.259611,2264,info@heidelberger-huette.at,+43 664 4253070,https://www.heidelbergerhuette.at/,156,OSM,
Gramai-Hochleger-Schutzhütte,Familie Rieser (Gramai Alm),138993811,47.4031391,11.5940518,1756,,+4352435166,https://www.gramaialm.at/html/hochleger.htm,,OSM,
Malga Terrazzo,,139001794,45.6731353,11.127788,1499,,,,,OSM,
Refuge La Plate,,139446749,45.6987791,6.0438663,1300,,+33 6 15 16 37 44,https://www.lesaillons.com/refuge-de-la-plate.html,20,OSM,
Rastkogelhütte,DAV Sektion Oberkochen,140241574,47.232162,11.788416,2124,info@rastkogelhuette.de,+43 680 22 57 124,https://www.rastkogelhuette.de,58,OSM,205
Johannishütte,DAV,140263351,47.0600286,12.3344008,2121,office@johannis-huette.at,+43 4877 5150,https://www.johannis-huette.at/,50,OSM,
Le Gros Plané,,140659436,46.5528728,7.0028567,1480,,,,,OSM,
,,140659477,46.5277437,7.0075125,1356,,,,,OSM,
Cabane de Jaman,,140659509,46.4539938,6.9752357,1535.0,,,,,OSM,
Refuge de Turia,,140869105,45.5533942,6.873444,2388.0,refuge.turia@vanoise-parcnational.fr,,https://refuge-turia.vanoise.com/,,OSM,
Refuge des Montagnettes,,140872780,45.3214916,6.5295854,1782.0,,,,,OSM,
Refuge de Grand Plan,,140873771,45.3609335,6.6589529,2299.0,,+33 6 89 84 08 52,https://www.refugegrandplan.fr/,,OSM,
Refuge de Prariond,,140882871,45.455581,7.0709711,2324,,,https://refuge-prariond.vanoise.com/,,OSM,
Refuge du Pré La Chaumette,Club Alpin Français,140893689,44.765322,6.327574,1803,,+33 4 92 55 95 34,https://refugepredelachaumette.ffcam.fr/,,OSM,
Refuge de la Cantonnière,,140901460,44.2430802,6.7551607,1850,lacantonniere@gmail.com,+33 4 93 05 51 36,https://lacantonniere.wixsite.com/refugelacantonniere,36,OSM,
Refuge du Cuchet,,140909473,45.3009802,6.8799398,2193.0,,,,,OSM,
Rehblickhütte - Trojeralm,,141229088,46.7776449,12.4106543,1866.0,,,,,OSM,
Ottokar-Kernstock-Haus,Sektion Bruck an der Mur,141230346,47.4055731,15.3594784,1619,,,https://www.alpenverein.at/ottokarkernstockhaus/,,OSM,
Refuge du Taillefer,,141259844,45.0634183,5.9545141,2056,,,https://www.oisans.com/hebergement/refuge-du-taillefer/,,OSM,
Edelhütte,DAV Sektion Würzburg,141323531,47.1305221,11.8974746,2238,,+436649154851,http://edelhuette-dav.de/,40,OSM,
Wh. Alpenrose,,141323563,47.146663,11.8846186,1397,,,,,OSM,
Sajathütte,private,141650824,47.0379942,12.3534377,2600,kratzer@sajathuette.at,+43 664 5454460,https://www.sajathuette.at/,,OSM,
Rifugio Nordio-Deffar,,141700144,46.5587646,13.482633,1412,,,,22,OSM,
Fallhausalm,,141794240,47.2964634,13.5760622,1353,,,,,OSM,
Albert Appel-Haus,Österreichischer Touristenverein,141809448,47.6933388,13.8703386,1663,,+43 676 333 666 8,https://www.albert-appelhaus.at/,,OSM,
Vögeialm,,141834967,47.2911683,13.5777974,1360,,,,,OSM,
,,142017845,46.0724198,12.2952232,1611.0,,,,,OSM,
Rifugio Bristot,,142017993,46.0724774,12.2951577,1616,,0437 908174 - 338 9553434,,,OSM,
ex Rifugio Brigata Alpina Cadore,,142025157,46.077334,12.3004928,1617,,,,,OSM,
Rifugio Mombarone,Manuel Rodriguez;Pro Loco Graglia,142208367,45.5850406,7.8941021,2312,rifugiomombarone@gmail.com,+39 015 401960,,25,OSM,
Rifugio Alpe Plane,,142439008,44.8873536,6.9601928,2085,,+39 330 685278,http://www.alpeplane.com,12,OSM,
Lämmerbühelalm,,142517618,47.4495606,12.4653225,1540,,,https://lämmerbichl.at/,,OSM,
Hochhörndler Hütte,,142782875,47.4267997,12.5526079,1800,,,,,OSM,
Ostpreußenhütte,DAV Sektion Königsberg,142890732,47.4602376,13.1160369,1630,,+4364687146,,,OSM,
Alpengasthof Dielalm,,142899539,47.4736336,13.1716624,1026,,+49646877880,,,OSM,
Kluppenalm,,142906032,47.1215681,11.6119446,1846.0,,,,,OSM,
Maxhütte,,142968041,47.082011,11.7999636,1460,,,,,OSM,
Rifugio Ombrega,Stefano Tantardini,143133594,46.0165505,9.4477579,1585,,+39 0341 890716,,,OSM,
Podestaria,,143205782,45.7009305,11.0470327,1655,,,,,OSM,
Kalser Tauernhaus,,143242924,47.0707317,12.6238497,1754,,,http://www.kalser-tauernhaus.de/,,OSM,
Prochenberghütte,OeAV Sektion Waidhofen/Ybbs,143300227,47.9329235,14.9164845,1123,,,,,OSM,
Brandalm,,143577668,47.442774,13.6167749,1557.0,,,,,OSM,
Dachsteinhaus,,143577672,47.4331862,13.622445,1419.0,,,,,OSM,
Austriahütte,OeAV Sektion Austria,143577673,47.4431089,13.6192825,1638,,,http://huetten.alpenverein.at/huettenHome/DE/Home/index.php?huetteNr=0016,,OSM,
Walcheralm,,143577674,47.4458504,13.6092687,1590.0,,,,,OSM,
Refuge de Rabuons,Club Alpin Français,143709481,44.268444,6.9781248,2523,refugederabuons@ffcam.fr,+33 4 93 23 04 11,https://refugederabuons.ffcam.fr/,36,OSM,
Refuge des Lacs de Vens,Club Alpin Français,143711861,44.3167326,6.9419479,2380,refugedevens@ffcam.fr,+33 6 37 67 91 74,https://refugedevens.ffcam.fr/,,OSM,
Refuge de Sestrière,,143722892,44.2950029,6.8236431,2012.0,,,,,OSM,
Rifugio Chiaromonte,Comune di Traversella,144005498,45.5402571,7.7413743,2015,,,,15,OSM,
,,144223639,47.700541,13.2959375,1246.0,,,,,OSM,
Stegleitnhütte,,144223640,47.6994192,13.2962358,1247.0,,,https://fuschlsee.salzkammergut.at/oesterreich-gastronomie/detail/104102/stegleitn-huette-feichtensteinalm-1-300-m.html,,OSM,
Bergrestaurant Anzenbergalm,,144223642,47.7159458,13.2538381,1226.0,,,,,OSM,
Hochsitz,,144256453,47.3687687,14.0923588,1806.0,,,,,OSM,
Feldringalm,Silke Praxmarer,144267648,47.2419061,10.9404378,1888,,+43 650 9435792,https://www.feldringalm-tirol.at/,,OSM,
Simmeringalm,,144459253,47.2831276,10.8812866,1820,,,,,OSM,
Maisalm,,144465357,47.1950011,10.8257833,1631,,,,,OSM,
Zirbitzkogel Schutzhaus,Österreichischer Touristenklub,144545836,47.0645285,14.5682888,2376,,+43 664 91 40 283,https://schutz.haus/de/hut/helmut-erd-schutzhaus/13538866/,,OSM,
Oberhofer Melkalm,Andreas Krieglsteiner,144618056,47.2730562,11.0939262,1694,,+43 664 6353622,https://www.oberhofen-inntal.gv.at/Oberhofer_Melkalm,,OSM,
Pfaffenhofer Alm,,144618189,47.2708212,11.0715652,1694,,,,,OSM,
Stamser Alm,,144634229,47.2492498,11.0054789,1873,,,,,OSM,
Peter-Anich-Hütte,Sektion TK Innsbruck,144635530,47.2662074,11.0551966,1909,,,,,OSM,
Sattelhaus - Oskar Schauer Haus,,144776886,47.1650557,14.9932621,1410.0,,,,,OSM,
Hesshütte,Sektion Austria,144785838,47.56,14.65,1699,,+436644308060,https://www.diehesshuette.at,99,OSM,306
Bichlalm,Sigrid Josef Andexer  “Unterbichl”,144893290,47.2120381,13.2247608,1731,,+43 650 4103915,https://www.grossarltal.info/de/almen/bichlalm.html,,OSM,
,Club Alpino Italiano - Sottosezione di Gavardo,145113011,45.586276,10.4057071,700.0,,,,,OSM,
Fienile di Tesio,Comune di Gavardo,145113012,45.5860533,10.4056567,679,,,,,OSM,
La-Haut,,145170123,45.6985837,6.2737477,1830,,,https://www.lahaut.net,,OSM,
Rifugio Willy Jervis,Cai Uget Val Pellice,145204125,44.7733867,7.0394073,1732,info@jervis.it,+39 0121932755,http://www.rifugiojervis.it/,50,OSM,
Glockneralm,,145226773,47.3142574,12.7551949,1597.0,info@glockneralm.at,+43 664 2083890,https://www.glockneralm.at/,,OSM,
Rifugio Fontana,,145271608,46.2803436,11.0060357,1306.0,,,,,OSM,
Pfälzerhütte,,145395030,47.0713211,9.613257,2108,,+423 263 36 79,https://www.alpenverein.li/huetten/pfaelzerhuette-2108m,80,OSM,
Bivacco Sellina,Regione Piemonte,145471474,44.5023702,7.3339851,1335,,,,,OSM,
Kuchler Skihütte,,145476032,47.6236519,13.1030527,1230,,,,,OSM,
Lärchfilzhochalm,,145560445,47.4443922,12.56102,1400,,,https://www.laerchfilzhochalm.at/,,OSM,
Baita Portolo,,145590826,46.2445063,11.0826807,930,,,,,OSM,
5º Artiglieria Alpina,,145852798,46.0562099,12.282017,1741.0,,+39 0437 27110,http://rifugiocolvisentin.net,,OSM,
Rifugio Capanna 2000,Comune di Oltre il Colle,145894471,45.92637,9.8044345,1955,,+39 0345 95096,,30,OSM,
Sarotlahütte,Sektion Vorarlberg,146174865,47.104134,9.787181,1611,,+43 664 1975234,http://www.sarotlahuette.at,38,OSM,88
Rifugio Carate Brianza,Club Alpino Italiano,146493394,46.3301625,9.9018676,2636,rifugiocarate2636@gmail.com,+39 0342 452 560,https://www.caicaratebrianza.it,24,OSM,
Rifugio Marinelli Bombardieri,CAI sezione Valtellinese - Sondrio,146493449,46.3445586,9.9051189,2813,,+39 0342 511577,https://www.rifugiomarinellibombardieri.it,210,OSM,
Rifugio Roberto Bignami,CAI sezione di Milano,146494920,46.3293441,9.9502096,2401,info@rifugiobignami.it,+39 0342 451178,https://rifugiobignami.it,70,OSM,
Rifugio Zoia,,146495524,46.3030244,9.9312679,2021,,+39 3490061085,http://www.rifugiozoia.it/,,OSM,
Spielbergalm (Gollegg),,146898949,47.7236314,13.2210376,1308,,,,,OSM,
Malga Grantagar,,146931819,46.4143052,13.5019506,1532.0,,,,,OSM,
Schesaplanahütte,SAC - CAS,147112361,47.0442,9.684209,1908,info@schesaplana-huette.ch,+41 81 325 11 63,https://www.schesaplana-huette.ch,63,OSM,75
Neureithütte,,147165155,47.6829236,13.27612,1252.0,,,,,OSM,
Rifugio Gian Federico Benevolo,CAI Torino,147172024,45.5156877,7.0844162,2285,,+39 345 4238692,https://www.rifugiobenevolo.com/,70,OSM,
Rifugio Fratelli Calvi,CAI sezione di Bergamo,147242317,46.0235281,9.8770142,2015,,,,85,OSM,
Naturfreundehaus Feldkircher Hütte,,147410031,47.2096055,9.6004269,1188.0,,,,,OSM,
Rifugio Walter Bonatti,,147536904,45.8469169,7.0336612,2030,,+39 0165 185 5523,https://www.rifugiobonatti.it/,7,OSM,
Rifugio Paradiso,Gruppo Alpini di Casto,147544727,45.6852427,10.3107026,563,,,,,OSM,
Rifugio Città di Vittorio Veneto,,147672663,46.0411873,12.3444624,1537.0,,,,,OSM,
Centro Educazione Naturalistica Casa Vallorch,Veneto Agricoltura,147742086,46.0633514,12.3867651,1060,,+39 334 3458496,www.guidealpagocansiglio.it,,OSM,
Rifugio Sant'Osvaldo,,147745930,46.0659355,12.4047402,1014.0,,,http://www.albergosantosvaldo.it/,,OSM,
Rauthhütte,,147858566,47.3456113,11.1048969,1600,,+43 664 281 5611,https://www.rauthhuette.at/,,OSM,
Pleisenhütte,Siegfried Gaugg,147963680,47.3944549,11.3284291,1757,,+43 664 9158792,,,OSM,
Rifugio Giorgio Bertone vecchio,,147963960,45.8088483,6.9780822,1970,,,,,OSM,
Rifugio Bertone (nuovo),,147963963,45.8092547,6.9788591,1980,,,http://www.rifugiobertone.it/wp/it/home/,,OSM,
Krummholzhütte,Daniel Mairamhof,147993061,47.3791361,13.768552,1857,servus@krummholzhuette.at,+43 3686 2317,https://www.krummholzhuette.at/,40,OSM,
Bettelwurfhütte,"Österreichischer Alpenverein, Sektion Innsbruck",148049142,47.339,11.507,2077,,+43 664 2036485,https://www.bettelwurfhuette.at,60,OSM,72
Sulzaustube,Thomas Alphasamer,148085106,47.6605994,13.4638035,750,,+496504407555,http://www.scout.at/steyr1/sulzaustube,50,OSM,
Rifugio Torino nuovo,,148212583,45.8451232,6.9337174,3382,,,https://www.rifugiotorino.com/,,OSM,
Rifugio Torino Vecchio,,148212591,45.8443642,6.9338346,3329,,,,,OSM,
Prima Baita Malachino,,148232848,46.2774964,11.1060712,957.0,,,,,OSM,
Rifugio Lupi di Brembilla,,148249531,45.8302645,9.6258918,1285,,,,,OSM,
Rifugio Monzino,,148453152,45.79951,6.8836867,2590,,,http://www.rifugiomonzino.com/,55,OSM,
Tröpolacher Alm,,148631594,46.5882555,13.2284158,1658,,,,,OSM,
Reuttener Hütte,"Österreichischer Alpenverein, Sektion Reutte",148755635,47.4049353,10.6910595,1740,,,,,OSM,
Refuge du Pavé,Club Alpin Français,148974587,44.9859131,6.3285829,2841,,+33 4 92 24 88 03,https://refugedupave.ffcam.fr/,,OSM,
Refuge de l'Alpe de Villar-d'Arène,Club Alpin Français,149039802,44.9961881,6.3845418,2071,,+33 4 76 79 94 66,https://refugealpedevillardarene.ffcam.fr/home.html,,OSM,
Refuge Adèle Planchard,Société des Touristes du Dauphiné,149039832,44.9689048,6.3450991,3169,,,,63/34,OSM,
Wimbachgrieshütte (Naturfreundehaus),NaturFreunde Deutschlands Bezirk München,149297576,47.5391858,12.8882608,1327,,+49 8657 7944001,https://www.wimbachgrieshuette.de/,,OSM,
Kühweger Alm,,149382668,46.5831064,13.314467,1480,,,,,OSM,
Refuge des Écrins,Club Alpin Français,149470306,44.9473246,6.3830235,3161,,+33 4 92 23 46 66,https://refugedesecrins.ffcam.fr/,,OSM,
Furtschaglhaus,DAV Sektion Berlin,149548194,47.0039,11.7478,2295,info@furtschaglhaus.com,+43 6818 4218751,http://www.furtschaglhaus.com,70,OSM,180
Linzer Tauplitz-Haus,Sektion Linz,149589020,47.5948181,14.0106827,1645,,,https://www.linzer-tauplitzhaus.com/,,OSM,
Chalet-Refuge du Fay,Madeleine Vénéra,149642516,45.0575954,6.2135886,2265.0,,+33 4 76 80 24 12,https://www.oisans.com/hebergement/refuge-du-fay/,24,OSM,
Refuge des Mouterres,RCS Grenoble,149642670,45.0552924,6.2128602,2246.0,bea.corbin@orange.fr,+33 4 76 80 24 05,https://www.refugelesmouterres.com/,25,OSM,
Refuge de l'Abricotine,,149822607,46.1993783,6.7873955,1583.0,,,,,OSM,
Rifugio Capanna Giovanni Gnifetti,CAI Varallo Sesia,149862628,45.8997373,7.849956,3625,info@rifugimonterosa.it,+39 348 141 5490,http://www.rifugimonterosa.it/de/web/gnifetti-h%C3%BCtte-95,4,OSM,
Rifugio Capanna Regina Margherita,CAI Varallo Sesia,149862629,45.9270706,7.8770157,4554,,+39 0163 91039,http://www.rifugimonterosa.it,80,OSM,
Göllerhütte,"Naturfreunde, Ortsgruppe St.Pölten",149878387,47.7985786,15.5195329,1442,,,https://www.goellerhuette.at/,,OSM,
Flathalm,,149936413,47.1130582,10.5333971,1700,,,,,OSM,
Wildbachhütte,,149986497,47.1980444,13.7845629,1806,,,https://www.wildbachhuette.com/,,OSM,
Gießener Hütte,DAV Sektion Gießen-Oberhessen,150050887,46.992482,13.3288769,2215,,,,,OSM,
Stabanthütte,,150175003,47.0244282,12.3399253,1777,,,https://www.stabanthuette.at,,OSM,
Toni-Lenz-Hütte,Verein für Höhlenkunde Schellenberg,150204244,47.7149583,13.0088712,1450,,+436641341690,https://www.toni-lenz-huette.de/,,OSM,
Stöhrhaus,DAV Sektion Berchtesgaden,150204245,47.693111,12.980639,1894,,+49 8652 7233,https://www.stoehrhaus.de,58,OSM,84
Taschachhaus,DAV Sektion München,150245424,46.90985,10.81760,2434,,+436642009588,https://www.taschachhaus.de,154,OSM,231
Winterhaus,,150249889,46.9097891,10.8178534,2422.0,,,,,OSM,
Frischmannhütte,"Österreichischer Touristenklub, Sektion Wien",150283730,47.1031536,10.8849063,2192,,+436648638935,https://www.frischmannhuette.at/,,OSM,
Thurner Alm,,150369710,46.881557,12.7549456,2040,,,,,OSM,
Malga Castrin - Aler Alm,,150649517,46.515779,11.0541615,1814,,,,,OSM,
Seapnalm,,150715132,47.1562073,11.5442544,2073.0,,,,,OSM,
Obere Vögeleralm,,150715138,47.1606201,11.5426033,2181.0,,,,,OSM,
Anna-Schutzhaus,Johann Wallensteiner,150743263,46.824838,12.8937109,1992,,+43 664 4211895,http://www.annaschutzhaus.com,,OSM,
Lustenauer Hütte,Vorarlberger Alpenverein,150873751,47.3947496,9.8246666,1250,,,https://www.lustenauerhuette.at,,OSM,
Hochälpelehütte,Sektion Vorarlberg,150873752,47.4026578,9.8126267,1460,,,,,OSM,
Karl-Ludwig-Haus,Österreichischer Touristenklub,150886092,47.6885667,15.7041484,1804,,+43 2665 380,https://schutz.haus/de/hut/karl-ludwig-haus/13538854/,,OSM,
Traunsteiner Hütte,DAV Sektion Traunstein,150946079,47.6590394,12.5856964,1160,mail@traunsteinerhuette-winklmoos.de,+49 8640 8140,https://www.traunsteinerhuette-winklmoos.de/,,OSM,324
Speiereckhütte,Österreichischer Touristenklub,151241832,47.1305322,13.6469255,2066,,,https://speiereckhuette.at/,,OSM,
Senninger Alm,Familie Holzer,151270028,47.2191436,12.4151229,1130.0,info@alm-huette.at,+43 664 4561380,https://www.alm-huette.at/,,OSM,
Glungezerhütte,Sektion Hall in Tirol,151309717,47.2097493,11.5268465,2610,glungezerhuette@glungezer.at,+43 5223 78018,https://www.glungezer-huette.at/,,OSM,62
Schneidlifthütte,,151494013,47.9408675,15.8343803,1099.0,,,,,OSM,
Rifugio Scoggione,Club Alpino Italiano sezione di Colico,151520528,46.1104104,9.416048,1575,scoggione@caicolico.it,+39 347 824 7458,https://www.caicolico.it/rifugio-scoggione-colico,24,OSM,
Rifugio Colombè,CAI Cedegolo,151521797,46.0445684,10.3843417,1706,,,,30,OSM,
Rifugio Antonio Baroni al Brunone,CAI sezione di Bergamo,151524218,46.0622895,9.9605226,2295,marcobrigno@libero.it,+39 0346 41235,http://www.rifugio-brunone.appspot.com/,60,OSM,
Rifugio Cesare Benigni,CAI sezione di Piazza Brembana,151530029,46.021381,9.5619178,2220,,+39 0345 89033,,20,OSM,
Rifugio Bosio-Galli,CAI sezione di Desio,151537260,46.2371931,9.7769921,2086,rifugiobosio@gmail.com,+39 0342 451655,https://www.rifugi.lombardia.it/sondrio/torre-di-santa-maria/rifugio-bosio-galli.html,50,OSM,
Rifugio Cesare Branca,Stefano Confortola,151537649,46.4148414,10.584029,2493,info@rifugiobranca.it,+39 0342 935501,https://www.rifugiobranca.it/,,OSM,
Rifugio Città di Lissone,Club Alpino Italiano (sezione di Lissone),151548985,46.083343,10.4966768,2013,,,,,OSM,
Göppinger Hütte,DAV,151571078,47.214813,10.045557,2245,info@goeppinger-huette.at,0043 5583 3540,http://www.goeppinger-huette.at,69,OSM,183
Moaralm,,151612312,47.4190181,14.5843524,1539,,,,,OSM,
Rifugio Marco e Rosa,CAI sezione Valtellinese - Sondrio,151620600,46.373644,9.9103939,3597,biancoextrem@libero.it,+39 0342 515370,https://www.sondrioevalmalenco.it/it/dove-dormire/rifugio-marco-e-rosa,48,OSM,
Rifugio Mario Del Grande-Remo Camerini,Club Alpino Italiano di Sovico,151620971,46.308631,9.7419736,2580,,,,,OSM,
Rifugio Malghera,,151630629,46.3435875,10.1391267,1952,,+39 333 9258966,http://www.rifugiomalghera.it/,,OSM,
Bacherwandalm,,151650839,47.0486277,11.2460581,1620,,,https://www.bacherwandalm.at/,,OSM,
Rifugio Fratelli Longo,CAI sezione di Bergamo,151660093,46.0398711,9.8619164,2026,,+39 0345 77070,http://www.caibergamo.it/index.php?inurl=uo.php%3Fuo%3DLONGO,30,OSM,
Rifugio Serafino Gnutti,Club Alpino Italiano - Sezione di Brescia,151708931,46.1313044,10.4538623,2183,,,,34,OSM,
Rifugio Maria e Franco Lomini,Club Alpino Italiano (sezione di Brescia),151713565,46.0239361,10.4651175,2572,,,,,OSM,
Rif. Antonio ed Elia Longoni,CAI Seregno,151713751,46.3302588,9.819566,2450,caiseregno@gmail.com,+39 0342 451120,http://www.caiseregno.it/rifugi/longoni,25,OSM,
Rifugio Pian de la Palù,,151714542,45.8754523,10.0894222,1597.0,,,,,OSM,
Rifugio Pizzini-Frattola,Claudio Compagnoni,151748682,46.4527652,10.5785872,2706,,+39 0342 935513,https://www.rifugiopizzini.it/,100,OSM,
Rifugio Paolo Prudenzini,Club Alpino Italiano (sezione di Brescia),151749682,46.1236076,10.5017969,2226,,,,,OSM,
Rifugio Quinto Alpini,CAI sezione di Milano,151750040,46.4816799,10.5382567,2877,info@rifugioquintoalpini.it,+39 0342 929170,https://www.rifugioquintoalpini.it/,60,OSM,
Rifugio Nani Tagliaferri,Club Alpino Italiano sezione di Bergamo,151754766,46.055441,10.1144558,2321,,+39 0346 55355,http://www.caibergamo.it/index.php?inurl=uo.php%3Fuo%3DTAGLI,60,OSM,
Rifugio Franco Tonolini,Club Alpino Italiano (sezione di Brescia),151767951,46.1504254,10.4402986,2467,,,,45,OSM,
Rifugio Baitone,Comune di Sonico,151768214,46.1408161,10.4315326,2281,,,,90,OSM,
Baita Gimont,,151773322,44.9214891,6.7657461,2060,,,,,OSM,
Rifugio Balma,Club Alpino Italiano,151773489,45.0408676,7.1902346,1986,,+39 011 9349336,https://www.rifugiobalma.it/,,OSM,
Rifugio Battaglione Alpini Monte Granero,,151775928,44.7280879,7.0452658,2377,info@rifugiogranero.com,+39 0121 91 760,https://www.rifugiogranero.com,48,OSM,
Rifugio Gardetta,Club Alpino Italiano,151776547,44.4092336,7.0121674,2335,,,http://www.rifugiogardetta.it,,OSM,
Rifugio Lago Verde,,151778547,44.8281599,7.0205456,2583,,+39 0121 806124,http://www.rifugiolagoverde.it/,56,OSM,
Rifugio Barbara Lowrie,Cai Uget Val Pellice,151780187,44.749119,7.0814788,1757,info@rifugiobarbara.it,+39 0121 930077,https://www.rifugiobarbara.it/,,OSM,
Rifugio Guido Rey,,151781152,45.0273201,6.7561714,1789.0,info@rifugioguidorey.it,+39 0122 831390; +39 349 307 8110,https://www.rifugioguidorey.it/,,OSM,
Rifugio Scarfiotti,,151782165,45.1325335,6.8018559,2165,info@rifugioscarfiotti.com,+39 349 0093144,http://www.rifugioscarfiotti.com,,OSM,
Rifugio Quintino Sella,,151782419,44.6656533,7.1097238,2640,,,https://www.rifugiosella.it/,113,OSM,
Rifugio Helios,,151784660,44.6367017,7.042579,2400,,,,,OSM,
Rifugio Savigliano,Club Alpino Italiano Sezione di Savigliano,151784847,44.6269651,7.0243567,1743,,,,,OSM,
Palfneralm,,151876514,47.1410865,12.8867991,1330,,,,,OSM,
Gollehenalm,,151876550,47.1581513,12.8947224,1284.0,,,,,OSM,
Rifugio Cibrario,Club Alpino Italiano - Sezione di Leinì,151944018,45.2468572,7.1470835,2616,rifugiocibrario@caileini.it,+39 0123 83737;+39 0123 41770,https://www.caileini.it/it/rifugiocibrario,42,OSM,
Rifugio Bruno Piazza,La Mansaure SnC,151947378,45.5135826,7.739736,1050,,,,,OSM,
Rifugio Alpe il Laghetto,"CAI Somma Lombarda, Sottosezione di Arsago Seprio",151999944,46.1280871,8.1470168,2039,,,,,OSM,
Rifugio CAI Enrico Castiglioni,,152000872,46.3204961,8.2610047,1640,,+39 0324 619126,https://www.rifugiocastiglioni.it/,50,OSM,
Rifugio Citta Di Arona,,152001800,46.2744741,8.1484471,1758,,+39 0324 780837,http://www.caiarona.it/il-rifugio-citta-di-arona-alpe-veglia.html,,OSM,
Rifugio Mores Lago Sabbione,Morini Andrea 349 2265958,152002387,46.4239732,8.3523181,2509,rifugiomores@gmail.com,+39 0324 63067,https://www.rifugi-bivacchi.com/it/821/rifugio-mores-cesare/,,OSM,
Rifugio 3A,Operazione Mato Grosso,152002393,46.4238163,8.3352239,2912,,+39 3479058659,http://www.rifugi-omg-formazza.it/,90,OSM,
Rifugio Claudio e Bruno,Operazione Mato Grosso,152002397,46.4148264,8.3247566,2712,,,http://www.rifugi-omg.org/,60,OSM,
Rifugio Pietro Crosta,Club Alpino Italiano,152003351,46.2364178,8.2571238,1750,,,https://rifugiocrosta.info,,OSM,
Rifugio CAI Fantoli,CAI Pallanza,152004021,45.9851317,8.4620165,1033.0,info@rifugiofantoli.it,+39 340 5783883,http://www.rifugiofantoli.it,,OSM,
Rifugio Miryam,ACLI Nord-Milano,152004559,46.378274,8.393968,2045,,+39 339 4046395,http://rifugiomiryam.org/,,OSM,
Rifugio Maria Luisa,CAI Sezione di Busto Arsizio,152004899,46.4347141,8.4279292,2160,info@rifugiomarialuisa.it,+39 0324 63086,http://www.rifugiomarialuisa.it/,72,OSM,517
Rifugio CAI Pian Cavallone,CAI Verbano,152004978,46.0133423,8.5393326,1530,lorenzalolli68@gmail.com,+39 0323 407482; +39 334 989 4081,,,OSM,
Rifugio Mondovì - Havis De Giorgio,CAI Mondovì,152008386,44.1915265,7.7317297,1761,info@rifugiomondovi.com,,https://www.rifugiomondovi.com,42,OSM,
Rifugio Mongioie,Club Alpino Italiano sezione di Albenga,152008782,44.1521362,7.7755157,1520,,,,,OSM,
Rifugio Livio Bianco,Club Alpino Italiano sezione Cuneo,152009066,44.2461494,7.2479517,1910,,,,,OSM,
Rifugio Morelli Buzzi,CAI Cuneo,152010650,44.1913293,7.3133276,2351,info@rifugiomorellibuzzi.com,+39 0171 97394,https://www.rifugiomorellibuzzi.com/,,OSM,
Locale invernale,,152010652,44.1853031,7.2933841,2455.0,,,,12,OSM,
Rifugio Bozano,"Club Alpino Italiano sezione ""Ligure"" - Genova",152010654,44.1853558,7.2936688,2453,,,https://www.rifugiobozano.it/,,OSM,
Rifugio De Alexandris - Foches al Laus,Club Alpino Italiano sezione Savona,152011740,44.2506552,7.0464732,1900,,+39 338 8727984,https://www.rifugiolaus.it/,,OSM,
Rifugio Pagarì,"Club Alpino Italiano sezione ""Ligure"" - Genova",152013250,44.1239217,7.4064408,2627,rifugiopagari@libero.it,+39 0171 978398,http://www.rifugiopagari.com/,24,OSM,
Rifugio Franco Remondino,CAI Cuneo,152013782,44.1633983,7.2956532,2430,info@rifugioremondino.it,+39 0171 97327,https://rifugioremondino.it/,,OSM,
Rifugio Malinvern,,152014090,44.2202599,7.1846274,1839,,,http://www.rifugiomalinvern.it,46,OSM,
Rifugio Guglielmo Migliorero,Club Alpino Italiano sezione Fossano,152014504,44.2828509,7.0190937,2099,rifugiomigliorero@libero.it,+39 0171 95802,https://www.caifossano.it/migliorero/,88,OSM,
Rifugio Emilio Questa,"Club Alpino Italiano sezione ""Ligure"" - Genova",152015530,44.1828359,7.2163708,2386,emilioquesta@gmail.com,+39 0171 97338,https://www.rifugioquesta.it/,,OSM,
Rifugio Regina Elena,ANA Genova,152015909,44.1586026,7.276139,1822.0,,+39 0171 97559,http://www.alpinigenova.it/attivita/rifugio-regina-elena/,,OSM,
Rifugio Città di Novara,Club Alpino Italiano Sezione di Villadossola,152017461,46.0852206,8.116807,1474,,,,24,OSM,
Rifugio Andolla,Club Alpino Italiano Sezione di Villadossola,152017549,46.0950069,8.0705981,2061,rifugioandolla@libero.it,+39 0324 575980,https://rifugidellossola.it/project/rifugio-andolla/,,OSM,
Rifugio Gran Baita CAI Omegna,Club Alpino Italiano Sezione di Omegna,152018541,45.880055,8.4472511,1405,,,,18,OSM,
Rifugio Genziana,,152018543,45.8799994,8.4496411,1413.0,,,,,OSM,
Rifugio Crespi-Calderini,CAI Varallo Sesia,152019843,45.8886586,7.9098925,1836,info@caivarallo.it,+39 0163 020053,https://www.caivarallo.com/rifugi-cai-piemonte-valsesia/bors-rifugio-crespi-calderini/,6,OSM,
Rifugio Renato Brusa Perona,CAI Gravellona Toce,152020401,45.9505702,8.3617954,1531,info@rifugiocortevecchio.it,+39 0323 837051,https://www.rifugiocortevecchio.it/,22,OSM,
Rifugio Pastore,CAI Varallo Sesia,152021994,45.883802,7.9281891,1575,,,,64,OSM,
Rifugio Alfredo Rivetti,CAI - Club Alpino Italiano sezione di Biella,152022713,45.7191826,7.9358475,2150,,,http://www.caibiella.it/wptemp/rifugi/,,OSM,
Rifugio Cassana,,152050783,46.5548161,10.0733929,2601,,,,,OSM,
Grasleitenhütte - Rifugio Bergamo,Autonome Provinz Bozen - Südtirol / Provincia autonoma di Bolzano - Alto Adige,152100331,46.4848754,11.6299146,2165,,,https://www.grasleitenhuette.com,,OSM,
Mitterfeldalm,Johann Holzmann,152187326,47.4213835,13.1419264,1670,,+436646438077,https://mitterfeldalm.at/,,OSM,
Vinzenz Perdacher Hütte,,152208715,46.6253938,14.0108444,540.0,,,,,OSM,
Hintergrathütte - Rifugio del Coston,,152221841,46.5015795,10.5833512,2661,,,,,OSM,
Rittner Horn Haus - Rifugio Corno del Renon,,152222844,46.6146928,11.4613959,2261,,+39 0471 356207,,,OSM,
Stöcklalm,,152235231,47.1400449,11.5726845,1882,,,,,OSM,
Santnerpasshütte - Rifugio Passo Santner,,152250682,46.4563154,11.6184395,2734,info@santnerpass.com,+39 337 1435665,https://www.santnerpass.com,,OSM,
Rifugio Passo Principe - Grasleitenpasshütte,private,152250683,46.474036,11.6387736,2601,,,https://www.rifugiopassoprincipe.com/,,OSM,
Kölner Hütte - Rifugio Fronza alle Coronelle,Club Alpino Italiano,152250684,46.4426795,11.6120472,2337,,,https://www.rifugiofronza.com/,20,OSM,
Payerhütte - Rifugio Payer,CAI Milano,152260076,46.52771,10.5434024,3029,rifugiopayer@caimilano.eu,+39 0473 613010,https://www.payerhuette.com/,,OSM,
Weißkugelhütte - Rifugio Pio XI alla Palla Bianca,"Club Alpino Italiano, Sezione Desio",152263569,46.8255388,10.7050317,2541,,,https://www.weisskugelhuette.com/,,OSM,
Utia de Puez,Club Alpino Italiano (CAI) Sezione di Bolzano,152266832,46.5901124,11.8292367,2475,info@rifugiopuez.it,+39 0471 795365,https://www.rifugiopuez.it/,,OSM,
Utia de Dantersasc - Langkofelhütte - Rifugio Vicenza,,152271730,46.5199011,11.7236497,2253,info@rifugiovicenza.com,+393386075674,https://www.rifugiovicenza.com,69,OSM,
Alte Prager Hütte,,152613103,47.1202638,12.4082871,2489,,,,,OSM,
Neue Prager Hütte,DAV Bundesverband,152613126,47.123056,12.392222,2796,info@neue-prager-huette.at,+43 664 5235220,http://www.neue-prager-huette.at,78,OSM,58
Stöfflhütte - Rifugio Stöffl,,152621133,46.6694599,11.4749486,2057,info@stoefflhuette.it,+39 0472 855096,http://www.stoefflhuette.it/,,OSM,
Lugger Alm,,152624513,46.8559527,12.8410997,1640,,,,,OSM,
Matreier Ochsenalm,,152633064,47.1235281,11.4078697,1560,,,,,OSM,
Rifugio Canto Alto,ANA Gruppo Alpini Sorisole,152713070,45.7689171,9.6684519,1030,,+39 035 4125343,http://www.rifugiocantoalto.it/,,OSM,
Malga Belem,,153152058,45.962238,11.2774096,1417.0,,,,,OSM,
Rifugio Ca' dell'Alpe,CAI Val d'Esino,153415710,45.9718553,9.3306016,1170,,+39 0341 860272,http://www.caivaldesino.it/CAPANNA/capanna.htm,18,OSM,
Rifugio della Corte,,153418655,46.1118762,9.5370844,1250,,,,,OSM,
Camanel,,153421371,46.5229011,10.1501823,2333.0,,,,,OSM,
Alpe di Piana,,153424869,46.3106264,10.1896936,1880,,,,,OSM,
Oberetteshütte - Rifugio Oberettes,,153649073,46.764801,10.711189,2670,,+39 0473 830280,http://www.oberettes.it/,80,OSM,230
Schöne Aussicht Hütte - Rifugio Bella Vista,Paul Grüner,153705216,46.7834107,10.7921821,2842,info@schoeneaussicht.it,+39 0473 662140,https://www.schoeneaussicht.it/,,OSM,
Badener Hütte,Sektion Baden,153767024,47.08119,12.42568,2608,,+436649155666,https://www.alpenverein.at/badenerhuette/,49,OSM,401
Tablander Alm,,153881087,46.705585,11.0586803,1802.0,mirco.klotz@ymail.com,+34-703-158-78,,,OSM,
Refuge de Plaisance,,154064160,45.4629855,6.7920195,2176.0,refuge.plaisance@vanoise-parcnational.fr,+33 4 58 24 00 81,https://refuge-plaisance.vanoise.com/,,OSM,
Refuge de la Glière,,154064427,45.4312064,6.8141182,2002.0,,,,,OSM,
Refuge du Plan des Gouilles,Club Alpin Français,154064743,45.4441723,6.743187,2346,,+33 6 08 98 19 02,https://refugeplandesgouilles.ffcam.fr/,,OSM,
Oberst Klinke Hütte,,154092612,47.5395007,14.5138035,1486,,,https://www.alpenverein-admont.at/klinkehuette/,,OSM,
Rifugio Alpini di Concesio,Alpini di Concesio,154143442,45.6145083,10.2188365,550,,,,,OSM,
Teufelsteinhütte,Alpenverein Sektion Teufelstein-Perchtoldsdorf,154164438,48.1179949,16.2247886,540,teufelstein@sektion.alpenverein.at,+43 2238 77391,https://www.alpenverein.at/teufelstein-perchtoldsdorf/gruppen/huettendienst.php,,OSM,
Rifugio Alpe Bonze,Comune di Donnas,154481659,45.564075,7.7355001,1861,,,,,OSM,
Ascher Hütte,DAV Sektion Pfaffenhofen-Asch,155094206,47.066483,10.504789,2256,info@ascherhuette.com,+43 660 3424067,https://dav-pfaffenhofen.de/huetten/ascher-huette,26,OSM,63
Weisses Haus,,155309872,47.5440527,10.166374,1351.0,,,,,OSM,
Rifugio Becchi Rossi,,155340443,44.3586611,6.955014,1887,,,https://www.rifugiobecchirossi.com/,,OSM,
Meilerhütte,DAV Sektion Garmisch-Partenkirchen,155583950,47.4124076,11.1288775,2366,,,https://www.alpenverein-gapa.de/berghuetten/meilerhuette.html,,OSM,
Götzner Naturfreunde Haus,,155829312,47.341741,9.7031853,1108.0,,,https://goetznerhaus.naturfreunde.at,,OSM,
Goferhütte,OeAV Sektion Oesterr. Gebirgsverein,155867948,47.5651604,14.5547953,976,,,,,OSM,
Schweinfurter Hütte,DAV Sektion Schweinfurt,156083807,47.1581827,11.0199678,2028,huette@dav-schweinfurt.de,+43 5255 50029,https://www.dav-schweinfurt.de/huetten-2/schweinfurter-huette/,,OSM,
Kölner Haus,DAV Sektion Rheinland Köln,156392391,47.0392734,10.5632398,1982.0,,+43 5476 6214,https://www.dav-koeln.de/,,OSM,
Rifugio Pier Fortunato Calvi,CAI Sappada,157253905,46.6239497,12.7268885,2167,,,,,OSM,
Michlbauerhütte,,157295566,47.6989695,15.6009901,1745,michlbauerhuette@gmx.net,+43 664 9235900,http://www.michlbauerhütte.at/,,OSM,
Schneealpenhaus,ÖAV Sektion Österr. Gebirgsverein,157295582,47.696318,15.609628,1788,info@schneealpenhaus.com,+4338572190,http://www.schneealpe.com,34,OSM,353
Hubertushaus,ÖAV - Sektion Oesterr. Gebirgsverein,157743419,47.81199,16.02510,946,,06606511135,,26,OSM,425
Thaler-Mahder Hütte,,158100094,47.1355878,13.0450543,1629.0,,,,,OSM,
Riedlalm,,158181739,47.2011818,13.0798938,1370,,,,,OSM,
Foresteria della Certosa,,158548071,45.0952527,7.1906028,1157.0,parco.orsiera@ruparpiemonte.it,+39 0122 47064,,,OSM,
Lesachriegel-Hütte,,159109608,46.992468,12.6663486,2120,,,,,OSM,
Öhlerschutzhaus,,159456443,47.8216974,15.8888704,1027,,,,,OSM,
Rifugio Valle di Mompiano,Gnari de Mompià,159744986,45.5554653,10.2689232,311,,,,18,OSM,
Geländehütte,,160042173,47.8046427,15.9703788,1022.0,,+436767877358,https://www.gelaende.at/,,OSM,
Rifugio Capanna Bleis,,160080010,46.2778155,10.5591278,2516,,,,,OSM,
Rifugio Malga Valbiolo,,160080025,46.2812137,10.5797846,2250,,,,,OSM,
Zeppezauerhaus,ÖAV Sektion Salzburg,160081047,47.724573,13.007448,1663,zeppezauerhaus@gmail.com,+43662 629862,https://www.zeppezauerhaus.at,34,OSM,295
Damböckhaus,Österreichischer Touristenklub,160560601,47.7617207,15.8266212,1810,,,,,OSM,
Tuftlalm,,161115246,47.4158924,10.8835863,1500,,+43 676 5568202,,,OSM,
Stoss,,161290284,46.7009617,7.3295549,1514,,,,,OSM,
Chalet de la Maline,Club Alpin Français,161523244,43.7462454,6.3448871,893,chaletlamaline@ffcam.fr,+33 4 92 77 38 05,https://chaletlamaline.ffcam.fr,,OSM,
Halleinerhütte,Naturfreunde,161736447,47.6901354,13.186027,1150,,,,,OSM,
Strenger Skihütte,,161846242,47.1462284,10.4666963,1819,,,,,OSM,
Hochanger Schutzhaus,Naturfreunde Bruck/Mur,161973703,47.3653892,15.2629787,1304,,,,,OSM,
Frederick-Simms-Hütte,DAV Sektion Stuttgart,162004568,47.2103205,10.3556528,2002,,,,,OSM,
Mahdegg Alpengasthof,,162248386,47.4805068,13.2224364,1209,,,,,OSM,
Rifugio Santa Margherita,,162586012,44.4620546,7.2443878,1326,,,,,OSM,
Rifugio Doss del Sabion,,162774975,46.1671243,10.8063331,2100,,,,,OSM,
Rifugio Tartaglione Crispo,Tecla Fanoni,162783442,46.3083002,9.763609,1800,,,,,OSM,
Potsdamer Hütte,"Alpenverein Dinkelsbühl e.V., Klostergasse 19, 91550 Dinkelsbühl",163209874,47.14,11.20,2020,info@potsdamer-huette.de,0043 676 6020560,https://www.potsdamer-huette.de/,38,OSM,283
Rifugio Amici d'Armisola m.1624 (SO),,163357726,46.1218534,9.9422129,1624,,,,,OSM,
Rifugio A.N.A. Piateda,,163359093,46.1317445,9.9316281,1550,,+39 0342 484277;+39 0342 219044,,,OSM,
Leutkircher Hütte,DAV Sektion Leutkirch,163539999,47.1631953,10.2855547,2251,info@leutkircher-huette.at,+436649857849,https://www.leutkircher-huette.at,,OSM,
Schwarzwaldhütte,,163711579,47.3772365,10.5985401,1140,,,,,OSM,
Rifugio Aldo Vitali,Associazione Nazionale Alpini - Gruppo di Rezzato,163792471,45.5243394,10.3243456,300,,,,,OSM,
Konstanzer Hütte,DAV,163922893,47.0694957,10.1889569,1688,info@konstanzerhuette.com,+43 664 73621816,https://www.konstanzerhuette.com/,,OSM,502
Rifugio Gemba,,163946903,45.7128253,9.9371516,940.0,,,,,OSM,
Rifugio Gilodi-Cà Mea,CAI Borgosesia,164512486,45.7537365,8.2261817,1145,,,,,OSM,
Chalet du Perron,Patricia Charvin,164666547,45.1510315,6.3024672,2116.0,,+336 72 80 61 79,https://chaletduperron.fr/index.html,,OSM,
Les Praz d'Zeures,,164916500,45.8155213,6.2981881,1751.0,,,,,OSM,
Malga Fratte,,165309354,45.9487649,11.3497526,1394.0,,,,,OSM,
Khesar von Kåmp - Malga Campo,,165309363,45.920396,11.3381194,1455,,,,,OSM,
Berghaus i.d. Walchen,,165389769,47.417814,14.0595638,1002,,+43 3684 2004,,,OSM,
Englitztalhütte,,165409906,47.409881,14.0560771,1322,,+43 3684 24707,,,OSM,
Chalet Refuge de Coutarse,,165447091,45.6696152,6.2480771,1595.0,,,https://www.lesaillons.com/chalet-de-coutarse.html,,OSM,
Röster Alm,,165503866,47.4096328,13.6065402,1218.0,,,,,OSM,
Halseralm,,165503867,47.4076099,13.6004023,1204.0,,,,,OSM,
Rifugio Giovanni Angelini,CAI Val di Zoldo,165632946,46.326395,12.1748475,1588,,,,28,OSM,
Rifugio Madonna della Guardia,,165736922,46.0568188,8.8247741,1207.0,,,,,OSM,
Rojacher Hütte,Sektion Rauris,165758926,47.0481699,12.9689015,2718,,,https://www.alpenverein.at/rojacherhuette/,,OSM,
Flauringer Alm,,165823643,47.2461023,11.1069546,1614,,,,,OSM,
Rosserhütte,Profelt Kathrin,166349837,47.6501759,13.4234075,1215.0,,,,,OSM,
Huber Hütte,Hans Göllner,166349843,47.6608596,13.4207916,1340,office@huberhuette-postalm.at,+436640314465,http://huberhuette-postalm.at,,OSM,
Welser Hütte,Familie Hirschmanner,166349857,47.6533262,13.4310484,1181.0,info@youhey.at,+43 6137 21710,https://youhey.at/,,OSM,
Rifugio Gombo Alto,,166394023,45.7121071,9.9902134,1194.0,,,,,OSM,
Kesselfall Alpenhaus,,166439527,47.2163725,12.7260214,1032.0,,,,,OSM,
Rifugio Monte Pravello,Gruppo Ecologico Antincendio Val Ceresio,166455035,45.8896457,8.9220939,951,,,,,OSM,
Winterleitenhütte,Naturfreunde,166515748,47.0943787,14.5711667,1778.0,,+43 3578 8210,https://www.winterleiten.com/,,OSM,
Lizumer Hütte,Lukas Aichhorn und Tobias Spechter,166530671,47.166720,11.640514,2019,willkommen@lizumerhuette.tirol,+43 664 9272117,http://www.lizumer-huette.at,78,OSM,123
Nördlinger Hütte,DAV Sektion Nördlingen,166643728,47.320786,11.236693,2238,wirt@noerdlingerhuette.at,00436649142262,https://www.noerdlingerhuette.at,58,OSM,202
Ebenseer Hochkogelhütte,Naturfreunde Ebensee,166709019,47.7270281,13.7889662,1558,hochkogelhaus@naturfreunde.at,+43 676 839 40 493,https://hochkogelhaus.naturfreunde.at/,,OSM,
Malga Broi,,166745999,46.0422362,11.3563277,1433.0,,,,,OSM,
Laimeralm,,166999899,47.6987831,13.4997008,762.0,,,,,OSM,
Niederegghütte,Österreichische Gewerkschaftsjugend Oberösterreich,167031570,47.6876841,13.5139679,1134.0,,,,,OSM,
Rifugio Barant,,167309815,44.771504,7.0638698,2383.0,,,,,OSM,
Petodnighütte,,167648674,46.856193,13.737919,1454.0,,,,,OSM,
Refuge de l'Oncle Emile,,167795069,44.7371947,6.4446034,1728.0,,,https://refuge-dormillouse.fr/,,OSM,
Gîte-refuge de l'École,,167795076,44.737585,6.444502,1765.0,,+33 4 92 20 90 01,https://www.dormillouse.fr/le-gite-de-lecole-un-petit-refuge,,OSM,
Bertahütte,ÖAV Sektion Villach,168314465,46.5182519,13.9604794,1527,office.bertahuette@gmail.com,+43 664 7943057,https://www.facebook.com/bertahuettemittagskogel,,OSM,
Beita De Sura,,168403207,45.9165888,9.8633723,1299.0,,,,,OSM,
Rifugio Scoiattolo,,168485242,46.3703908,10.66101,2008,,,,,OSM,
Gmundner Hütte,ÖAV - Sektion Gmunden,168530342,47.8729939,13.8337803,1660,GAuinger@hotmail.com,+43 699 12643190,http://www.gmundnerhuette.at,,OSM,718
Traunsteinhaus,Kurt Resch,168530343,47.8695213,13.8283245,1580,Kurt_Birgit@Traunsteinhaus.at,+43 699 12045560,http://www.traunsteinhaus.at/,,OSM,
Franz-Fischer-Hütte,OeAV Sektion Lungau,168866551,47.200214,13.364550,2020,,+43 664 7957960,https://www.franzfischer-huette.at,45,OSM,317
Werfener Hütte,ÖTK Österreichischer Touristenklub,168877614,47.4881328,13.2428056,1969,,,https://werfener.schutz.haus/,,OSM,
Söldenhütte,ÖAV Sektion Salzburg,168877636,47.484067,13.290367,1550,,+43 6643429114,http://www.soeldenhuette.at/,24,OSM,294
Elmaualm Werfenweng,Salzburger Bergsportclub,168877637,47.4812796,13.2474835,1533,,,https://elmaualm-werfenweng.at/,22,OSM,
Leopold-Happisch-Haus,Naturfreunde Salzburg;Landesorganisation Salzburg der Naturfreunde Österreich,168881459,47.5232968,13.2174167,1925,,,,,OSM,
Neue Regensburger Hütte,,168890140,47.054707,11.198342,2286,,+43 664 202 50 70,https://www.regensburgerhuette.at,101,OSM,275
Rifugio Mulino di Laval,,169044716,44.973446,6.9297713,1724,Info@mulinodilaval.it,+39 320 451 8320,https://www.mulinodilaval.it/,,OSM,
Rifugio Troncea,,169044717,44.9530308,6.9524066,1915,info@rifugiotroncea.it,+39 327 6468688,https://www.rifugiotroncea.com/,40,OSM,
Abri de la Crête de Martinat,,169262197,44.6322017,6.5961187,1958.0,,,,,OSM,
Malga Polinar,,169282493,46.397416,10.8278184,1766,,+39 339 1742304; +39 331 9725420,,,OSM,
Voldertalhütte,Naturfreunde,169553255,47.2246875,11.5509703,1380,office@voldertalhuette.at,+436649757447,https://www.voldertalhuette.at/,,OSM,
Unterberg Schutzhaus,,169774182,47.9346644,15.8209207,1187,,+43 263274190,http://www.unterberg-schutzhaus.at/,,OSM,
Rifugio del Grande Faggio,,169797445,45.8615576,9.4900165,1263.0,,,,,OSM,
Ischler Hütte,Sektion Bad Ischl,169882694,47.6998869,13.7606426,1365,,,,,OSM,
Baita Sura,,169950415,45.862981,9.7662713,1581.0,,,,,OSM,
Rifugio Vaccaro,G.E.P.,169954583,45.9081287,9.892565,1526.0,,,https://www.rifugiovaccaro.it/,,OSM,
Casina Bianca,CAI Treviglio,170361525,45.8719444,9.7512956,1407,,,,,OSM,
Chalet Baradello,,170611588,46.137338,10.1751569,1957.0,,,,,OSM,
Rifugio Alpini,,170612923,46.143906,10.1926228,1328.0,,,,,OSM,
Malga Casera (Soprasasso di sotto),,170799073,46.3818617,10.8263638,1945,,,,,OSM,
Malga Soprasasso Alta,,170799074,46.3780363,10.8229816,2207,,,,,OSM,
Kreealm Bichlhütte,,170870752,47.1466068,13.3089758,1570,,,,,OSM,
Kreealm Kreehüte,,170870778,47.1470073,13.3075761,1482,,,,,OSM,
Rifugio Torsoleto,,171036232,46.0862678,10.2318027,2390,,,,,OSM,
Grießenbodenalm,Resi und Hans Grander,171065664,47.440049,12.5549266,1380,,+43 664 9170441,,,OSM,
Sonnenalm,,171246896,47.4121343,13.5936193,1258.0,,,,,OSM,
Schöberlalm,,171504779,47.4806122,13.3420308,1329.0,,,,,OSM,
Heinrich-Schwaiger-Haus,DAV Sektion München,171618472,47.162783,12.738883,2802,,+436646565555,https://www.heinrich-schwaiger-haus.at,71,OSM,152
Schutzhaus auf der Gaaler Höhe,,171712363,47.2473083,14.6551973,1517,,+43 664 8011763242,https://fohnsdorferhuette.naturfreunde.at/,,OSM,
Refuge de l'Estrop,,171723942,44.2734777,6.5247777,2042,,+33 4 92 31 19 62,https://lerefugedelestrop.e-monsite.com/,40,OSM,
Naturfreundehaus,,171835602,46.9362916,14.6750706,1630.0,,,https://klippitztoerlhaus.naturfreunde.at/,,OSM,
Grünsteinhütte,Soja Siebein,172178600,47.5930653,12.9620032,1220,info@gruensteinhuette.de,+49 151 58434354,https://gruensteinhuette.de/,,OSM,
Rahmhof,,172293440,47.4714154,12.1283154,660,ferien@huettenzauberer.com,+43 5332 749011,http://www.huettenzauberer.com/rahmhof/,,OSM,
Almgasthaus Schießlingalm,,172301379,47.5734222,15.2944862,1484,,,,,OSM,
Seealm,,172405039,46.9841555,11.3998089,1632.0,,,,,OSM,
Landawirseehütte,,172576992,47.2710062,13.7259927,1985,,,https://www.xn--landawirseehtte-bwb.com/,65,OSM,
Anton Proksch Haus,Naturfreunde,172579174,47.4757892,13.3050067,1586,,,,,OSM,
Nürnberger Hütte,Leonhard Siller,172609525,46.994374,11.218299,2278,,00436641657461,https://www.nuernberger-huette.at   o d e r   www.nuernbergerhuette.at (DAV Sektion Nürnberg),120,OSM,124
Kaunergrathütte,DAV Sektion Mainz,172653740,46.993889,10.806944,2817,info@kaunergrathuette.at,+43 6643501179,http://www.kaunergrathuette.at,59,OSM,271
Rifugio Alpe Pianetti,Associazione Nazionale Alpini Sezione di Biella Gruppo di Graglia,172668489,45.5776944,7.9173172,1321,,,,,OSM,
Rifugio Vièl dal Pan - Bindelweghütte,,172769987,46.4742837,11.8341765,2432,info@rifugiovieldalpan.com,+39 339 3865241,https://www.rifugiovieldalpan.com/,23,OSM,
Baita Marino Pederiva,private,172785016,46.4198542,11.6307056,2280,,,,8,OSM,
Rifugio Paolina,private,172785021,46.4154803,11.6146017,2125,info@paolina-huette.com,+39 0471 613281,https://www.paolina-huette.com/,,OSM,
Rifugio Contrin,,172896399,46.4297615,11.8158914,2016,,,http://www.rifugiocontrin.it/,112,OSM,
Baita Monte Alto,CAI Valgandino,173086106,45.8325719,9.9697616,1380,,+39 333 6043319,https://www.gandino.it/public/modules/ppages/index.php?url=baitamontealto,10,OSM,
Rifugio Bim Se al Lago,,173157125,46.4240023,8.4037567,1800,francesca.valci@libero.it,+39 339 5953393,http://bimse.altervista.org/,,OSM,
Berggasthaus Urnerstafel,,173321433,46.8689545,8.4430547,1686.0,,,,,OSM,
Refuge du Clos Raffin,,173370455,45.0581272,6.2770125,1824.0,,,,,OSM,
Refuge de l'Aigle,Club Alpin Français,173370969,45.011278,6.3246901,3440,,+33 4 76 79 94 74,https://refugedelaigle.ffcam.fr/,,OSM,
Refuge du Pic du Mas de la Grave,,173371913,45.0866783,6.2600371,1944,refugedupicdumasdelagrave@gmail.com,+33 9 88 66 55 42,https://refugedupicdumasdelagrave.fr/,,OSM,
Rifugio Viviani Pradalago,,173506566,46.2494182,10.8143425,2082,info@rifugioviviani.it,+39 0465 441200,,,OSM,
Reintalangerhütte,DAV Sektion München,173682244,47.405306,11.035667,1370,,+4916097503090,https://www.alpenverein-muenchen-oberland.de/reintalangerhuette,91,OSM,128
Rugghubelhütte SAC,SAC - CAS,173798810,46.846222,8.462765,2296,info@rugghubel.ch,+41793664369,http://www.rugghubel.ch,85,OSM,41
Rauriser Tauernhaus,,173841944,47.1202489,12.8769958,1526,,,,,OSM,
Oberreintalhütte,DAV Sektion Garmisch-Partenkirchen,173934334,47.4075416,11.1044247,1525,,+49 160 6949648,https://oberreintal-huette.de/,40,OSM,
Refuge de Bostan,Froissard Bastien,173940317,46.1234166,6.7792023,1763,,,,,OSM,
Welser Hütte,OeAV Sektion Wels,174282665,47.7235477,14.049297,1725,welserhuette@gmail.com,+43 7616 8088,https://www.welserhuette-gruenau.com/,,OSM,508
Rifugio Camposecco,,174322188,45.8274817,9.4292751,608,,,,,OSM,
Schönleitenhütte,,174345630,47.4030082,12.6958696,1810.0,,,,,OSM,
Bivacco Alpe Piazza,Protezione Civile Rogolo,174464038,46.1055777,9.4958356,1840,,,,,OSM,
Baita Armentarga,Gruppo Alpinistico Penne Nere di Bergamo,174467338,46.0277167,9.8618815,1780,,,,,OSM,
Nestalp - Malga Campo,,174538914,46.3427936,10.7317656,1979,,+39 335 545 9515; +39 0463 974043,,,OSM,
Kollmanngraben-Hütte,Stift-Rein,174628474,47.1726909,15.2257945,603.0,,,www.kollmanngraben-haus.at,,OSM,
Jamtalhütte,,174663350,46.88676,10.17645,2165,,+4354438408,https://www.jamtalhuette.at,180,OSM,191
Rifugio Barchi,,174674152,46.3005007,9.8526099,1710,biancoextrem@libero.it,+39 0342 452080,,,OSM,
Kenzenhütte,Franziska Schlögel,174962964,47.5664613,10.8572197,1294,,+49 8368 8554002,https://kenzenhuette.de/,,OSM,
Königsbergalm,Fam. Hotter,175032718,47.3492844,13.0314507,1325,,,,,OSM,
Huberalm,,175032719,47.3546149,13.0235793,1424.0,,,,,OSM,
Siebenhütte,,175129400,47.80148,14.8801127,1295.0,,,,,OSM,
Granglerhütte,Familie Palffy,175467492,47.2361084,13.6369526,1320,,+43 664 8435881,https://www.granglerhuette.at/,,OSM,
Klingelbergalm,,175585388,47.375461,13.0552927,1544,,,,,OSM,
Refuge de l'Archeboc,,175715447,45.6024719,6.958902,2029,,+334 79 06 87 19,,,OSM,
Refuge du Ruitor,,175715515,45.6256997,6.9411757,2037.0,info@ruitor.com,+334 79 06 92 12,https://www.ruitor.com/,,OSM,
Ravensburger Hütte,DAV Sektion Ravensburg,175730186,47.1682349,10.0916971,1948,,,,117,OSM,
Bürglhütte,Friedrich Voithofer,175894452,47.3233651,12.496079,1722.0,,+43 664 9127898,,,OSM,
Rifugio Valmaron,,175899185,45.9529676,11.64074,1352,info@valmaron.it,,http://rifugio.valmaron.it/,,OSM,
Rifugio Larici da Alessio,,175902550,45.9708095,11.4129216,1658,,,https://www.rifugiolarici.it/,,OSM,
Rifugio Verena,,175912379,45.9305536,11.413039,2010,,,,,OSM,
Refuge de La Martin,,175915826,45.5237856,6.9000264,2168.0,refuge.lamartin@vanoise-parcnational.fr,+33 7 78 51 45 29,https://refuge-lamartin.vanoise.com,,OSM,
Rifugio Tita Secchi,Società Ugolino Ugolini Brescia,176072570,45.9526845,10.4426876,2367,,,,60,OSM,
Rifugio Chianova,,176076150,46.1876682,9.4698889,1044,,,,,OSM,
Rifugio Rumor,AMMINISTRAZIONE COMUNALE E LA SOCIETA’ “IL RIFUGIO s.a.s”,176151855,45.867814,11.2779027,1748,,,,,OSM,
,,176152105,45.8707345,11.2605622,1695.0,,,,,OSM,
,,176152110,45.8780836,11.2999994,1522.0,,,,,OSM,
Gmünder Hütte,Sektion Gmünd,176377262,47.0260424,13.402104,1186,,+43 664 2019028,http://www.gmuenderhuette.at,,OSM,
Capanna Plai,,176606008,45.9270681,10.1770378,1300,,,,,OSM,
Malga del Costone,,176619471,45.9664444,10.1372682,1614.0,,,,,OSM,
Christlalm,,176686899,47.6509088,13.2778443,1406.0,,,,,OSM,
Wimmer Alm,,176686901,47.6512952,13.2794836,1420.0,,,,,OSM,
Moosangerlalm,,176686934,47.6612353,13.3032268,1489.0,,,,,OSM,
Cometti,,176789968,46.228512,9.8225758,1720,,+39 0342 452810,,24,OSM,
Rifugio Eita,Gruppo: Alta Valtellina,176797368,46.3738886,10.2495781,1703,,+39 0342 645161,https://www.rifugioeita.it/it/,15,OSM,
G.E.S.P. Rifugio Monte Zucco,,176801654,45.8171374,9.6525251,1140,,+39 0345  23050,,30,OSM,
Hirnbodenhütte,,176853522,46.9430813,13.9959105,1455.0,,,,20,OSM,
Totalphütte,Österreichischer Alpenverein Sektion Vorarlberg,177277435,47.052701,9.727139,2385,info@totalp.at,+436642400260,http://www.totalp.at,87,OSM,92
Feldinghütte,,177387830,47.1280798,13.0444151,1838.0,,,,,OSM,
Rifugio Gino e Massimo,Anna Savonitto,177535653,46.120954,9.9550052,1860,,,,20,OSM,
Rifugio,,177541213,46.4765345,10.0603808,2623.0,,,,,OSM,
Silberkarhütte,,177575425,47.4437564,13.7126782,1250,,,,,OSM,
Hörnerhaus,,177943539,47.4605375,10.2119105,1383.0,,+49 8326 639,https://www.hoernerhaus.de/,,OSM,
Breitlahnhütte,,177949546,47.3166166,13.8881758,1100,,,,,OSM,
Kerschbaumeralm Schutzhaus,,178005496,46.7594317,12.7665427,1902,,,,,OSM,
Ludwigsburger Hütte,DAV Sektion Ludwigsburg,178125170,47.1146932,10.8235573,1935,,,,65,OSM,546
Stöcklalm,,178205564,47.4275353,12.7127273,1300.0,,,https://www.stoecklalm.eu/,,OSM,
AsitzBräu,,178208516,47.4096829,12.7139182,1755.7,,,https://www.asitzbraeu.com/de/,,OSM,
Refuge du Plan de l'Aar,,178290155,45.8610078,6.5441692,1735,,,,,OSM,
Haiminger Alm,,178374321,47.2628022,10.8436571,1786,,,,,OSM,
Refuge de La Pra,Club Alpin Français,178452928,45.1612223,5.9444852,2105,,,,,OSM,
Alp Nadéls,,178557169,46.7165507,8.988939,1897.0,,,,,OSM,
Waxriegelhaus,,178668309,47.6871794,15.7182021,1361,office@waxriegelhaus.at,+43 2665 237,http://www.waxriegelhaus.at/,,OSM,
Lindauer Hütte,DAV Sektion Lindau,178691836,47.034547,9.835456,1744,,0043 664 50 33 456,https://lindauerhuette.com/,164,OSM,297
Friesenberghaus,DAV Sektion Berlin,178754385,47.067386,11.702097,2498,Friesenberghaus@gmx.at,00436641641933,https://www.friesenberghaus.at,56,OSM,170
Bivacco Telini,Gruppo Alpini Gorno,178837933,45.8917416,9.833269,1646,,,,,OSM,
Leopold-Wittmaier-Hütte,Sektion Wartberg/Stmk.,178843525,47.4953702,15.5323158,1480,,,https://www.alpenverein.at/leopoldwittmaierhuette/,,OSM,
Capanna Volta,CAI Novate Mezzola-Verceia,178844463,46.2242543,9.540914,2212,,,,40,OSM,
Braunschweiger Hütte,DAV Sektion Braunschweig,178915377,46.93540,10.91048,2759,office@braunschweiger-huette.at,0043664 2012013,https://www.braunschweiger-huette.at,158,OSM,366
Rifugio Pian delle Gorre,,179013239,44.2139976,7.6605112,1032,,,https://www.rifugiopiandellegorre.cn.it/,,OSM,
Sonnleitnerhütte,ÖAV Sektion Knittelfeld,179065440,47.2799882,14.6145759,1215,,,,,OSM,
Guttenberghaus,Sektion Austria,179362547,47.450945,13.683718,2146,info@guttenberghaus.at,004366499256153,https://www.alpenverein.at/guttenberghaus/index.php,65,OSM,260
Adamalm,,179455711,47.4252048,12.6545025,1379,,,,,OSM,
Scheltaualm,,179455736,47.4284191,12.6540108,1579.0,,,,,OSM,
Matzalm,,179476245,47.408602,12.731871,1201.0,,,,,OSM,
Thurneralm,,179476465,47.4028414,12.6638498,1587.0,,,,,OSM,
Malga Derocon,,179671205,45.6686778,11.0099942,1322.0,,,,,OSM,
Schaumbergalm,,179989488,47.7858521,14.4180485,1158.0,,,https://www.schaumbergalm.info/,,OSM,
Gîte Auberge des Charançons,,180018945,44.6450725,6.4518533,1575,,+33 4 92 24 22 98,,31,OSM,
Rifugio Bruno Boz,De Bortoli Erika,180141573,46.1465798,11.9165208,1718,,,,,OSM,
Wimbachschloss,Catharina Strobl und Sebastian Lichtmannegger,180175084,47.5722091,12.8966531,930,info@wimbachschloss-ramsau.de,+49 171 2450764;+49 170 6516490,https://www.wimbachschloss-ramsau.de/,,OSM,
Hochalmhütte,,180213094,47.5036795,14.8512795,1470,,,,,OSM,
Gîte d'étape,,180235276,44.2543376,5.3922697,1033.0,,,,,OSM,
,,180305142,46.4425122,14.2501796,1097.0,,,,,OSM,
Koča na Ljubelju,,180305147,46.4389225,14.2664929,1370,stari.loibl@gmail.com,+386 41 603 269,https://stari-loibl.com/,,OSM,
Tognola,,180727615,46.2413904,11.7777444,2136.0,info@tognola.it,+39 0439 68026,https://www.tognola.it,,OSM,
Grebenzenhaus,,180909043,47.0515752,14.3290987,1660,info@grebenzenhaus.at,+43 3585 27559,https://grebenzenhaus.at,,OSM,
Blaueishütte,DAV Sektion Berchtesgaden,180985122,47.5868,12.8695,1650,,+498657271,https://www.blaueishuette.de,80,OSM,81
Rifugio Alevè,La Reino Snc,181006888,44.6132221,7.0532125,1580,,,http://www.rifugioaleve.it/,,OSM,
Rifugio Alpetto,Club Alpino Italiano sezione Cavour,181008971,44.6588962,7.1264364,2268,,,https://www.rifugioalpetto.it/,24,OSM,
Refuge du Viso,Club Alpin Français,181010670,44.7004345,7.0514593,2460,,+33 4 92 46 81 81,https://refugeduviso.ffcam.fr/,,OSM,
Schmiedhofalm,,181017226,47.3442195,12.7660945,1705.0,,,https://www.schmiedhofalm.at/,,OSM,
Alpe Grotte Fornace,,181065530,46.3208919,10.1322859,2223.0,,,,,OSM,
Ebenbergalm,,181087812,47.3180442,12.7891989,987.0,,,,,OSM,
Berggasthaus Haldigrat,,181148652,46.9030526,8.4398209,1919.0,,+41 79 705 52 44,https://www.haldigrat.ch/,,OSM,
Rifugio Adamello Collini al Bedole,Fam. Collini,181210538,46.1976276,10.5967385,1640,collini.bedole@gmail.com,+39 0465 501405,https://sites.google.com/site/rifugiobedole/home,,OSM,
,,181358061,47.2848515,13.6485841,1989.0,,,,,OSM,
Malga Faé -Malga Doss del Bue,,181479853,45.9830652,11.2047519,1031,,,,,OSM,
Sondlalm,,181492063,47.3376114,13.7387711,1040.0,sondl@aon.at,+43 3687 61509,http://www.sondlhof-alm.at/-ber-uns_1.html,,OSM,
Chalet de la Servaz,,181521300,45.7190892,6.2484789,1435.0,gite@sarve.info,+33 7 61 56 51 09,,,OSM,
Refuge du Clot - Xavier Blanc,Club Alpin Français,181914850,44.8292494,6.2755413,1397,,+33 4 92 55 27 90,https://chaletduclot.ffcam.fr/,,OSM,
Rifugio Malga Stain,Via Monte Colmo s.n.c. di Davide Moles,181916637,46.1703856,10.3810262,1835,info@rifugiomalgastain.it,+39 338 8542450,,10,OSM,
Le Rocher Rond,,181917813,44.691934,5.8641215,1392,brigitteberger05@yahoo.fr,+33 4 92 58 85 63,http://gitesdudevoluy.free.fr/gite/Le_Rocher_Rond.html,46,OSM,
,,181932587,44.7084427,6.7494639,1407.0,,,,,OSM,
Gîte d'étape Le Riou Vert,,181934954,44.7084372,6.7491889,1407.0,,+33 4 92 46 72 45,https://gite-etape-gr58-queyras.com/,,OSM,
Rifugio Alpe Madre,,183159491,45.8595023,11.7009093,1272,info@alpemadre.it,+39 0424 559076,https://www.alpemadre.it,,OSM,
Rifugio Mario Vazzoler,CAI di Conegliano,183195927,46.3541204,12.0309969,1714,rifugiovazzoler@gmail.com,+39 0437 195 6619,https://www.rifugiovazzoler.com/,87,OSM,
Rifugio Maria Vittoria Torrani,,183196061,46.3785754,12.0566559,2984,,,,,OSM,
Rifugio Attilio Tissi,Club Alpino Italiano sezione di Belluno,183196074,46.388082,12.0332541,2250,,,,65,OSM,
Rifugio Bruto Carestiato,,183203075,46.3214217,12.0704816,1834,info@rifugiocarestiato.com,+39 0437 62949,https://www.rifugiocarestiato.com/,,OSM,
Rifugio Capanna Trieste,,183203142,46.3440549,12.031768,1135,,,,,OSM,
,,183203570,46.3013718,12.051943,1196.0,,,,,OSM,
Rifugio San Sebastiano,,183310653,46.3252406,12.0957697,1596.0,,,https://www.passoduran.it/,,OSM,
"Rifugio Passo Duran ""C.Tomè""",,183311398,46.3241706,12.0952608,1603.0,info@rifugiopassoduran.it,+39 3496848307,https://www.rifugiopassoduran.it/,,OSM,
Rifugio Sommariva al Pramperet,CAI Oderzo,183315385,46.2889775,12.163645,1857,,,https://www.rifugiosommarivaalpramperet.it/,,OSM,
Rifugio Furio Bianchet,CAI Belluno,183317591,46.2434585,12.1613464,1245,,,,,OSM,
Rifugio Tommaso Pedrotti,Società degli Alpinisti Tridentini,183878988,46.1541551,10.8987399,2491,info@rifugiotosapedrotti.it,+39 0461 948115,http://www.rifugiotosapedrotti.it/,,OSM,
Vernagthütte,Deutscher Alpenverein Sektion Würzburg,183971836,46.853611,10.823889,2755,info@wieshof.at,00436647980757,http://www.vernagthuette.de,74,OSM,238
Capanna Gambarögn,Amis dala Capanna Gambarögn,184716169,46.1123241,8.8305547,1698.0,booking@capannagambarogno.ch,+41 79 2513249,https://www.capannagambarogno.ch,,OSM,674
Berggasthaus Rotsteinpass,Cäcilia und Albert Wyss-Räss,184748934,47.2430689,9.3651143,2120,info@rotsteinpass.ch,+41 71 799 11 41,https://www.rotsteinpass.ch/,80,OSM,
Refuge du Col du Palet,SARL les-juloli,184939055,45.4582962,6.8611827,2582.0,refuge.coldupalet@vanoise-parcnational.fr,+33 6 70 46 92 35,https://refuge-coldupalet.vanoise.com,,OSM,
Refuge Entre-le-Lac,,184939911,45.4805552,6.8386845,2158.0,,,https://refugeentrelelac.fr,,OSM,
Refuge du Mont Pourri,Club Alpin Français,184939920,45.5280202,6.8268042,2370,,,,,OSM,
Riffelseehütte,DAV Sektion Cottbus,184978043,46.96112,10.8575,2293,,+43 6643950062,https://www.riffelseehuette.at,44,OSM,171
Capanna Mautino,,185982920,44.9027851,6.789551,2112.0,info@capannamautino.it,+39 347 365 45 10,https://www.capannamautino.it,,OSM,
Rifugio Ariàal,,186052342,46.0423243,9.4364085,1314.0,,,,,OSM,
Baita degli Alpini,,186266807,45.8483137,11.8390482,463.0,,,,,OSM,
Rifugio Albergo Ospitale,,186516084,46.6031568,12.1421456,1509.0,info@ristoranteospitale.it,+39 0436 4585,https://www.ristoranteospitale.com/,,OSM,
Cason d'Antruiles,,186516560,46.6108936,12.0928353,1525,,,,,OSM,
Rifugio Malga Ra Stua,,186517562,46.6257456,12.0988469,1668,,,https://www.rifugiomalgarastua.it/,,OSM,
Rifugio Auronzo,CAI Auronzo,186519265,46.6122046,12.2960952,2333,,,https://www.rifugioauronzo.it/,99,OSM,
Rifugio Monte Piana - Angelo Bosi,,186519266,46.6107409,12.2511307,2205,,,,,OSM,
Rifugio Lavaredo,,186519282,46.6183265,12.3120936,2345,,+393496028675,https://www.rifugiolavaredo.com/home.html,,OSM,
Rifugio Sorgenti del Piave,,186519966,46.6233026,12.7095019,1830,,,,,OSM,
Refuge du Galibier,,186543078,45.0625576,6.4064913,2580.0,,,,,OSM,
Gite d'alpage de la Tour de Borne,,186601946,44.7296922,5.6182545,1340,refugelatour@gmail.com,,http://latourdeborne.org/,25,OSM,
Edelsberghütte,,187097600,47.5834963,10.510522,1150,info@edelsberghuette.de,+49 8363 1777,https://www.edelsberghuette.de,,OSM,
Hündleskopfhütte,Silvia Beyer,187097608,47.5977442,10.5313896,1180,hkh@email.de,+49 160 90113431,https://huendeleskopfhuette.de,,OSM,
Heinrich-Hueter-Hütte,Sektion Vorarlberg,187162092,47.078800,9.783688,1766,info@hueterhuette.at,0043 5556 76570,http://www.alpenverein.at/heinrichhueterhuette/,80,OSM,89
Zellerhütte,Sektion TK Windischgarsten,187225847,47.678,14.226,1575,,06644112717,http://www.zellerhuette.at,28,OSM,211
Schutzhaus Tschafon - Rifugio Monte Cavone,Familie Lunger,187287693,46.4807819,11.5304722,1737,info@schutzhaus-tschafon.com,,https://www.schutzhaus-tschafon.com/,,OSM,
Refuge Alpage de Bellastat,,187383177,45.7882863,6.6011839,1921.0,,,,,OSM,
Refuge de la Croix de Pierre,,187384118,45.7951791,6.6103477,1963.0,info@refugedelacroixdepierre.fr,+33 6 19 56 36 04,https://www.refugedelacroixdepierre.fr/,,OSM,
Mödlinger Hütte,OeAV Sektion Mödling,187790403,47.52,14.55,1523,,+ 43 3611 21120,http://www.alpenverein.at/moedlingerhuette/,50,OSM,117
Mannheimer Hütte,DAV Mannheim,187827102,47.0656511,9.6936019,2680,mannheimer.oberzalimhuette@gmail.com,+43 664 190 0691,https://www.dav-mannheim.de/huetten/mannheimer-huette/,,OSM,
Straßberghaus,DAV,188125650,47.3358908,11.0387014,1191,,,,,OSM,
Neue Alplhütte,,188128107,47.3418846,11.0173419,1540,,+436767209100,http://www.alplhuette.com,,OSM,
Refuge du Fond d'Aussois,Club Alpin Français,188379550,45.2767605,6.7024785,2346,,+33 4 79 20 39 83,https://refugefonddaussois.ffcam.fr/,,OSM,
Refuge Napoléon,,189111723,44.8230108,6.7329649,2265.0,,,,,OSM,
Ketting Alm,,189119292,47.327506,12.7284718,1755.0,,,,,OSM,
Gusenalm,,189242189,46.7460837,13.4399914,1740,,+43 664 99 103 55,,,OSM,
Dom na Matajure,Planinska družina Benečije,189247356,46.2091992,13.524993,1550,,,,,OSM,
Steyrer Hütte,Naturfreunde,189432776,47.7980975,14.0175747,1400,steyrerhuettenharry@gmail.com,,https://www.steyrer-huette.at,,OSM,
Ahornalmhütte,Sektion Kirchdorf a.d. Krems,189436406,47.7981848,14.0278676,1336,,+43 664 4875495,,,OSM,
Malga Tuena,,189445798,46.2714363,10.9319044,1744.0,info@malgatuena.it,+393471701201,https://www.malgatuena.it,,OSM,
,,189534673,46.6755547,7.2645548,1504,,,,,OSM,
Jausenstation Raineralm,Thomas Gfrerer,189543377,47.0126963,13.1823168,1279.0,thomas.gfrerer@mallnitz.at,,https://www.mallnitz.at/de.aspx/Articles/View/1354,,OSM,
,,189636048,46.6946758,7.3459756,1106,,,,,OSM,
Rotsohlalm,,190077525,47.6329364,15.3883739,1413,,,,,OSM,
Rifugio Bucaneve,,190238024,44.2039884,7.1455803,2252.0,,,,,OSM,
Steinfeldhütte,,190295934,47.7265349,15.9444285,697.0,,,,,OSM,
Gite du Logis des Fées,,190313676,45.4852972,6.4106824,1839,,,,,OSM,
Rifugio Jumarre,,190723237,44.8745683,7.1973924,1400,rifugiojumarre@dag.it,+39 0121 944233,https://www.rifugiojumarre.it/,,OSM,
Rifugio San Fermo,,191045190,45.9593389,10.1695458,1868,,,,,OSM,
Rifugio Gualtiero Laeng,Operazione Mato Grosso,191046346,45.9810023,10.1936395,1760,,,,18,OSM,
Halterhütte,,191072169,47.6753627,15.2230972,1524,,,,,OSM,
Rifugio Dosso Larici,,191101601,46.1527201,11.0433473,1838,info@rifugio-dossolarici.it,+39 0461 583 165,https://www.rifugio-dossolarici.it/,,OSM,
Stiftshütte am Brandl,,191250182,46.7220197,14.9749505,1405.0,,,https://www.region-lavanttal.at/almhuetten/pois/KTN/7392b857-bce5-4be6-9111-b7feb3f5a6bf/stiftshuette,,OSM,
Refuge de Moëde Anterne,Lionel Didier,191253055,45.974813,6.8005753,1996,,,,,OSM,
Sonnsteinhütte,Bergrettung Traunkirchen,191407702,47.8288992,13.7844365,834.0,,,,,OSM,
Refuge du Nid d'Aigle,Club Alpin Français,191586512,45.8560598,6.7995686,2372,,+33 6 79 00 62 69,http://refugeniddaigle.ffcam.fr/,,OSM,
Le Petit Tétras,,192138948,45.8155552,6.5793796,1697.0,,,,,OSM,
Rifugio Amici Miei,,192223190,45.7612859,10.3860921,952.0,,,,,OSM,
Defreggerhaus,ÖTK,192253929,47.0836628,12.3622574,2962,,,http://defregger.schutz.haus/,,OSM,
Oberes Birbaumli,,192275027,46.7170333,7.2316373,1148,,,,,OSM,
Buntschli,,192275029,46.713452,7.2346306,1025,,,,,OSM,
Crau Rappo,,192298453,46.7111072,7.2086173,1309,,+31 26 419 12 23,https://www.lefromager.ch/en/crau-rappo,,OSM,
Refuge de la Valmasque,Club Alpin Français,192300091,44.1081521,7.4466629,2233,refugedevalmasque@ffcam.fr,,https://refugedevalmasque.ffcam.fr/,,OSM,
Asile Arnaldi,,192300186,44.1279887,7.5174271,1928.0,,,,,OSM,
Refuge des Merveilles,Club Alpin Français,192300253,44.0574483,7.4518303,2130,refugedesmerveilles@ffcam.fr,+33 4 93 04 64 64,https://refugedesmerveilles.ffcam.fr/,,OSM,
Lammersdorfer Hütte,,192314372,46.8161872,13.626205,1650,,,,,OSM,
Arthur-von-Schmid-Haus,ÖAV Sektion Graz,192496838,46.9891868,13.2673129,2281,,,https://www.arthurvonschmidhaus.at/,,OSM,711
Almrauschhütte,Naturerlebnis Bürgeralm GmbH&CoKG,192600556,47.5718229,15.2297985,1531.0,office@aflenz-buergeralm.at,,,,OSM,
,,192600569,47.5713019,15.2290236,1530.0,,,,,OSM,
Gasthof Schönleitenblick,,192600581,47.5687638,15.2289118,1527.0,,,,,OSM,
Schönleitenhaus,,192600584,47.5804124,15.2261298,1789.0,,,http://www.schoenleitenhaus.at/,,OSM,
Brettmaisalm,,192606109,47.9197013,14.2879063,1066.0,,,,,OSM,
Grünburger Hütte,Sektion Grünburg,192606112,47.9211878,14.2846135,1080,,,,,OSM,
Rifugio Monte Alben,Associazione La Cordillera Aps,192719206,45.8646236,9.7731781,1630,,+39 0345 177 6235,https://www.lacordillera.org/,,OSM,
Dösner Hütte,,192980033,46.9879707,13.248877,1976,,,,,OSM,
Refuge du Col de la Croix du Bonhomme,Club Alpin Français,193017620,45.7220545,6.7173185,2443,,+33 4 79 07 05 28,https://refugecroixdubonhomme.ffcam.fr/,,OSM,
Tritthütte,SAC Einsiedeln,193086662,47.1009514,8.7447004,1280,,,,,OSM,
Refuge du Lachat,,193152018,45.783016,6.5281785,1585.0,,,http://www.refugedulachat.com/,50,OSM,
Refuge des Cosmiques,Compagnie des Guides de Chamonix,193208257,45.8732313,6.8855883,3613,,+33 4 50 54 40 16,https://www.refuge-des-cosmiques.com,,OSM,
Murgseehütte,Franz J. Preis,193448488,47.0390216,9.1573218,1817,reservation@murgsee.ch,+41 81 511 03 63,https://www.murgsee.ch/,42,OSM,
Rifugio De Marie al Volano,,193503408,46.0203633,10.4034341,1428,,,,,OSM,
Ansbacher Hütte,DAV Sektion Ansbach,194341853,47.1682802,10.4031735,2376,,,,,OSM,
Fritzhütte,,194356644,47.1600516,10.3868775,1720,,,,,OSM,
Rifugio Nasego,,194370017,45.7178471,10.3071276,1306.0,,,,,OSM,
Rifugio Elena Tironi,,194459454,45.8526266,10.2732398,1710,,,,,OSM,
,,194733429,46.7087779,7.2076439,1347.0,,,,,OSM,
Rifugio Almici,,195017159,45.7583727,10.1625355,1865,,,,30,OSM,
Naturfreundehaus St Anton - Tönihuus,,195034171,47.4128151,9.550646,1036.0,info@toenihuus.ch,+41 71 535 70 54,https://www.toenihuus.ch/,,OSM,
Ebenforstalm,,195256876,47.8002581,14.4220918,1093.0,,+436642244795,https://www.steyr-nationalpark.at/aktivitaeten/sommer/wandern/almen-huetten/oesterreich-gastronomie/detail/430005179/ebenforstalm.html,,OSM,
Gschwendtalm,,195260295,47.8314418,14.5306466,954,,+43 7254 7168,,,OSM,
Hochsteinalm,,195336966,47.8417175,13.7330803,895.0,info@hochsteinalm.at,+43 664 9875221,http://www.hochsteinalm.at,,OSM,
Rifugio Giuseppe Garibaldi,Club Alpino Italiano (sezione di Brescia),195710674,46.1794452,10.495019,2548,,,,,OSM,
Naturfreundehaus Tscherwald,,195802146,47.1594788,9.1676974,1370.0,,,https://tscherwald.nfh.ch/,,OSM,
Lehnberghaus,,196279374,47.3285609,10.9265175,1554,,,,,OSM,
Le Refuge du Mont Jovet,Commune de Bozel,196320069,45.4911124,6.6312793,2350,,+33 4 79 08 11 20; +33 4 79 55 03 06,,,OSM,
Rifugio Col d'la Tenda,,196572216,46.6049247,12.4511324,1950,,,,,OSM,
Zsigmondy-Comici Hütte - Rifugio Zsigmondy-Comici,,196574882,46.628530,12.357851,2224,,+390474 710358,http://www.zsigmondyhuette.com,62,OSM,337
Rifugio Antonio Berti,,196574943,46.6309732,12.4058113,1950,,,http://www.rifugioberti.it,,OSM,
Rifugio Carducci,,196574944,46.6151418,12.373581,2295,,,,,OSM,
Büllelejochhütte - Rifugio Pian di Cengia,,196574945,46.6316062,12.3413231,2528,,,https://www.rifugiopiandicengia.it/en/,,OSM,
Rifugio De Dòo,,196586366,46.6007035,12.5535631,1841.0,,,,,OSM,
Rifugio Rinfreddo,,196590295,46.6617799,12.4570754,1883,,,https://www.rifugiorinfreddo.it/,,OSM,
Rifugio Forcella Zovo,,196590751,46.6029908,12.5909082,1600,,,,,OSM,
Rifugio Italo Lunelli,,196591592,46.6336536,12.4187088,1568,,,,12,OSM,
Rifugio Monte Siera,,196603014,46.5559736,12.7196099,1606,,,,,OSM,
Rifugio Piani del Cristo,,196603559,46.5852911,12.727555,1410,,+39 0435 469357,http://www.altemontagne.it/rifugi/Rifugio_Piani_Cristo.html,,OSM,
Rifugio 2000 Berghütte,,196603742,46.5840413,12.6973368,2002,,,,,OSM,
Rifugio Monte Ferro,,196603743,46.5763764,12.6816666,1563,,,,,OSM,
Heideggalm,,196680304,47.3675866,13.5407794,1299.0,,,,,OSM,
Premhütte,,196680324,47.3553053,13.5305254,1603.0,,,,,OSM,
Lechneralm,,196680332,47.3566103,13.5316635,1589.0,,,,,OSM,
Unterbergalm,,196680342,47.3573768,13.5317546,1572.0,,,,,OSM,
Rifugio Noaschetta,Club Alpino Italiano sezione Rivarolo Canavese,196853516,45.464937,7.3221033,1520,,,,,OSM,
,,196887658,47.27396,14.14879,1525,,+4366473595991,http://gebirgsverein-neunkirchen.at,19,OSM,429
Stallburgalm,Naturfreunde,196906485,47.8371223,14.5798918,1032,,,,,OSM,
Rifugio Malga Corva / Scoiattolo,,197032547,45.7736949,10.628956,1260.0,,,,,OSM,
Sommeregger Hütte,,197248780,46.8541034,13.5647748,1698,,,,,OSM,
Cabane de Sausses,,197513973,44.0331405,6.7413252,1917,,,,,OSM,
Eiskarhütte,,197541274,47.3646292,13.5973833,1700,,,,,OSM,
Kolbensattelhütte,,197589379,47.5909369,11.0274309,1276,huette@kolbensattel.com,+4988221222,https://www.kolbensattel.de,,OSM,
Grillitschhütte,,198010131,46.8159935,14.9843116,1698.0,,,https://www.region-lavanttal.at/almhuetten/pois/KTN/4fae06b0-620a-40a2-9a5d-26e9a9cc6180/grillitschhuette,,OSM,
Rifugio Paolo Daviso,CAI Sezione di Venaria Reale,198366475,45.3755483,7.1835806,2280,cai.venariareale@gmail.com,+39 0123 506749,https://www.caivenaria.it/,24,OSM,
Refuge de la Combe,,198386790,45.7419403,6.2049855,1573,,+33 6 23 39 84 80,,,OSM,
Rifugio degli Alpini di Vallio,Associazione Nazionale Alpini - Gruppo Alpini di Vallio,198444233,45.6254237,10.3981299,719.0,,,,,OSM,
Schwussnerhütte,Familie Gfrerer,198650097,47.0236327,13.2317822,1330,,+43 664 1214724,,,OSM,
Berg- und Skiheim,Deutscher Alpenverein Sektion Regensburg,198730231,47.4541952,12.260467,880.0,,,https://www.alpenverein-regensburg.de/index.php/huetten/berg-und-skiheim-brixen-im-thale,,OSM,
,,198780013,45.9343213,12.0188737,1433.0,,,,,OSM,
Sternenegg,SAC Rossberg,199010240,47.0059256,8.7478735,1497,sternenegg@sac-zug.ch,,https://www.sac-zug.ch/pages/huetten/sternenegg.php,,OSM,
Casera Ere,,199050495,46.124186,12.0158344,1297,,+39 0437 800000,,16,OSM,
Rifugio Laresei,,199051677,46.3535986,11.8115634,2260,,,,,OSM,
,,199051707,46.3536134,11.8112462,2240.0,,,,,OSM,
Capanna Cima Comelle,,199052484,46.3068925,11.8823642,1342.0,,,,,OSM,
Malga Stia,,199052485,46.3213047,11.8729542,1806.0,,,,,OSM,
Rifugio Giuseppe Volpi di Misurata al Mulaz,Club Alpino Italiano Sezione di Venezia,199052486,46.3114242,11.8382075,2570,,,,,OSM,
Rifugio Bottari,CAI Oderzo,199052577,46.34007,11.8515834,1573,,,,12,OSM,
,,199053191,46.2261774,11.9290557,1706.0,,,,,OSM,
Rifugio Malga Cavallera,,199053221,46.2262016,11.9291606,1690.0,,,https://www.rifugiocavallera.it/it_it/,,OSM,
Rifugio Scarpa - Gurekian all'Agner,CAI Agordo,199056277,46.2597878,11.961249,1735,info@rifugioscarpa.com,+393313152963,,28,OSM,
,,199110442,46.3539389,11.8362141,1898.0,,,,,OSM,
Le Buse,,199110477,46.3540602,11.8362206,1898.0,,,,,OSM,
Rifugio Caviazza,,199110489,46.3497261,11.8347171,1907.0,,,,,OSM,
,,199111225,46.3501881,11.8491101,1557.0,,,,,OSM,
Rifugio Flora Alpina,,199486712,46.3801425,11.8331158,1825.0,,,,,OSM,
Rifugio Baita dei Cacciatori,,199488151,46.3914883,11.8841229,1751,,,,,OSM,
Rifugio Lagazzon,,199488239,46.3807264,11.9103012,1361.0,,,,,OSM,
Rifugio Onorio Falier,,199506055,46.4248538,11.8627064,2074,,,,,OSM,
"Rifugio ""Passo Valparola""",,199512078,46.5316686,11.9883988,2168,,,,,OSM,
Rifugio Plan Boè,,199514202,46.5059758,11.8614438,1810,,,https://www.rifugio-planboe.com/,,OSM,
Rifugio Bec de Roces,,199514203,46.5128419,11.864783,2160,,,,,OSM,
Rifugio Col de Burz,,199514204,46.5000527,11.8611064,1943,,+39 043679399,,,OSM,
Ütia Cherz,,199514205,46.5168994,11.8848118,2095,,+39 0436 79270,,,OSM,
Ütia Incisa,,199514206,46.5282513,11.9023799,1927.0,,,,,OSM,
Rifugio Franz Kostner al Vallon,,199514207,46.5186117,11.8484885,2541,,+39 333 875 98 38,,,OSM,
Rifugio La Viza,,199514208,46.5161528,11.9062459,1760,,,,,OSM,
Rifugio La Ciasota,,199514348,46.5164059,11.9075352,1758.0,,,,,OSM,
Rifugio Fredarola Harbor,,199516790,46.4774012,11.8147502,2370,info@fredarola.it,+39 0462 602072,http://www.fredarola.it,,OSM,
Rifugio Sass Becè,,199516795,46.4784192,11.8127004,2377,,,,,OSM,
Rifugio Luigi Gorza,,199519380,46.4730404,11.8680189,2478,,,,,OSM,
Rifugio Fedaia,,199519388,46.4535348,11.887885,2066.0,,+39 0437 722007,https://www.rifugiofedaia.com/,,OSM,
Rifugio Capanna Bill,,199519406,46.4513285,11.9036938,1804.0,capannabill@marmolada.com,+39 0437 722100,http://www.capannabill.com/,,OSM,
Rifugio Padon,,199519641,46.4630803,11.8931198,2407,,,,,OSM,
Rifugio Fuciade,,199553709,46.3926987,11.8280579,1982,,,https://www.fuciade.it/,,OSM,
Refuge du habert d'Aiguebelle,,199841103,45.2236559,6.0208594,1735,,,https://refugedaiguebelle.fr/,,OSM,
Rifugio Alpino Ai Sap,,199889727,44.8635745,7.1636339,1448.0,,,,,OSM,
Ex Caserma Guardia di Finanza,,200146542,45.7722494,10.8694595,1693.0,,,,,OSM,
Rifugio Calzolari-Pona al Telegrafo,,200161559,45.7048848,10.830374,2147,,+39 045 7731797,,,OSM,
Chalet Novezza,,200161916,45.7086887,10.8611616,1395.0,info@novezza.it,+39 045 6247170,https://www.novezza.it/,,OSM,
Rifugio Novezzina,,200161917,45.6991551,10.8585515,1235,,+39 045 6247065,,,OSM,
Rifugio Cedron,,200161940,45.7010305,10.858595,1307.0,,,,,OSM,
Rifugio Aquileia,,200217365,46.4362558,12.1007246,1585.0,,,,,OSM,
Rifugio Passo Staulanza,,200217382,46.4210065,12.1045026,1813.0,,,,,OSM,
Rifugio Monte Pelmo,,200217393,46.4026223,12.1022595,1523.0,,+39 0437 789359,,,OSM,
Rifugio Città di Fiume,Arcanda s.c.,200217396,46.4369039,12.122577,1917,info@rifugiocittadifiume.it,+39 0437 720268,https://rifugiocittadifiume.it/,,OSM,
Rifugio Palafavera,,200217404,46.4025861,12.1005548,1514,info@palafavera.com,,https://www.palafavera.com/,,OSM,
Rifugio Col dei Baldi,,200218538,46.414947,12.0683216,1922,,,,,OSM,
Rifugio Adolfo Sonino al Coldai,Club Alpino Italiano,200218638,46.3993828,12.0688742,2135,infocoldai@gmail.com,+31 43 778 9160,https://www.rifugiocoldai.com/,,OSM,
Rifugio Sasso Bianco,,200220255,46.4040344,11.9743215,1840,,+39 0437 598003,,30,OSM,
Rifugio Salander,,200223565,46.4305014,12.0641345,1657,,,,,OSM,
Ristoro Fertazza,,200223566,46.4286565,12.0521348,1852,,,,,OSM,
Ristoro Sabe,,200223885,46.4362719,12.0700808,1405.0,,,,,OSM,
Rifugio Nuvolau,,200226208,46.4952418,12.045729,2575,,+390436867938,https://rifugionuvolau.it/,,OSM,
Rifugio Piezza - Da Aurelio,,200226213,46.4849308,12.0466691,2153.0,,,,,OSM,
,,200226367,46.477994,12.0315952,1766.0,,,,,OSM,
,,200226716,46.4874995,12.034003,2014.0,,,,,OSM,
,,200227743,46.452203,11.9637535,1673.0,,,,,OSM,
Bivacco Nino Soardi,Cai Uget Valpellice,200296327,44.8179415,7.020074,2616,claudevit@hotmail.com,+39 392 9037168,https://www.caivalpellice.it/bivacco-soardi,12,OSM,
Sticklerhütte,ÖAV Sektion Graz,200305337,47.1484257,13.3780718,1750,,+43 6479 349,http://www.sticklerhuette.com,,OSM,
Rifugio Cinque Torri,Familia Alberti,200335125,46.5082169,12.0547338,2137,,+39 0436 2902,https://www.rifugio5torri.it/,,OSM,
Rifugio Scoiattoli,Dai Pale Srl,200335135,46.5080886,12.0467715,2255,rifugio.scoiattoli@dolomiti.org,+39 0436 867939;+39 0333 814 6960,https://www.rifugioscoiattoli.it/,,OSM,
Rifugio Averau,,200335813,46.4995786,12.040591,2413,rifugioaverau@gmail.com,+39 0436 4660,https://www.rifugioaverau.it,,OSM,
Rifugio Col Gallina,,200335814,46.5196446,12.017221,2066.0,,,https://rifugiocolgallina.com/,,OSM,
Rifugio Lagazuoi,Rifugio Lagazuoi 2752 Srl,200336118,46.5277342,12.0081329,2752,info@rifugiolagazuoi.com,+39 340 719 5306,https://rifugiolagazuoi.com/,,OSM,
Camillo Giussani,Club Alpino Italiano,200336782,46.5446625,12.0608051,2580,,+39 0436 5740,https://www.rifugiogiussani.com/,,OSM,
Rifugio Angelo Dibona,,200336783,46.5323971,12.0699062,2037,rifugiodibona@gmail.com,+39 0436 860294,,,OSM,
Rifugio Pomedes,Fam. Ghedina,200336784,46.5363659,12.0777489,2303,rifugio.pomedes@dolomiti.org,+39 0436 862061,https://rifugiopomedescortina.com/,,OSM,
Rifugio Dosso Rotondo,,200444832,45.8164438,10.2204244,1777,,,,,OSM,
Spitzmeilenhütte,SAC - CAS,200501526,47.0342443,9.2505754,2087,info@spitzmeilenhuette.ch,+41 81 733 22 32,https://www.spitzmeilenhuette.ch/,50,OSM,682
Rifugio Gola di Gouta,,200516010,43.9392299,7.6088106,1225.0,,+39 3480305996,,,OSM,
Alphütte Gross Feldrederten,,200715432,47.1274256,8.9576755,1300,,,http://feldrederten.ch/,8,OSM,
Rifugio Fonda Savio,,200785535,46.5852879,12.2874071,2367,,+39 043539036,https://www.fonda-savio.it/,,OSM,
Rifugio Città di Carpi,CAI Carpi,200785544,46.5623274,12.2908228,2130,,+39043539139,https://rifugiocittadicarpi.com,,OSM,
Rifugio Col de Varda,,200785546,46.5711133,12.2667549,2115,info@rifugiocoldevarda.it,+39 0435 39041,http://www.rifugiocoldevarda.it,,OSM,
Rifugio Vandelli,,200789472,46.5216727,12.2266178,1928,,,,,OSM,
Rifugio Faloria,,200789473,46.5325266,12.1728577,2123,,,https://faloriacristallo.it/rifugio-faloria/,,OSM,
Rifugio Capanna Tondi,,200789501,46.5276409,12.1807471,2276.0,,,,,OSM,
Rifugio Son Forca,,200795503,46.5682758,12.185462,2235,,+39 0436 861822,https://www.rifugiosonforca.it/,,OSM,
Rifugio Duca D'Aosta,,200799530,46.5381131,12.0850268,2098,info@rifugioducadaosta.com,+39 0436 2780,https://www.rifugioducadaosta.com/,,OSM,
Rifugio Socrepes,,200799615,46.5338184,12.1093834,1492.0,,,,,OSM,
Wildmannli Hütte,,200857353,47.1702291,9.2544339,1622.0,,,http://www.wildmannli.ch,,OSM,
Rifugio Lago d'Ajal,,201017369,46.5172842,12.1140959,1475,,+393760474338,https://cortinadelicious.it/IT/s20-tipo-3-Rifugio-Lago-d-Ajal,,OSM,
Rifugio Croda da Lago,,201021755,46.4865041,12.1057546,2040.0,,+390436862085,https://www.crodadalago.it/,,OSM,
Malga Federa,,201021756,46.4881386,12.1157803,1820.0,,,https://www.malgafedera.eu/,,OSM,
Montlinger Schwamm,,201200221,47.3107871,9.5075044,1135,,+41 71 761 00 20,https://www.montlinger-schwamm.ch/,,OSM,
Berggasthaus Resterhöhe,,201339250,47.3114678,12.3887779,1740,info@resterhoehe.at,+4367761447766,http://www.resterhoehe.at/,150,OSM,
Rifugio Padova,,201452709,46.4140898,12.4589239,1287,rifugiopadova@libero.it,+390435366034,https://www.rifugiopadova.it/,24,OSM,
Rifugio Tita Barba,,201452710,46.4077935,12.4212602,1821,,,,,OSM,
Rifugio Cercenà,,201452750,46.4336781,12.4354843,1067.0,,,,,OSM,
Eremo dei Romiti,,201457898,46.455081,12.4415232,1167,,,,,OSM,
Rabl-Kreuz-Hütte,,201589590,47.5051123,15.8720033,1372.0,,,http://www.rablkreuz-hochwechsel.at,,OSM,
Rifugio Pontese,Clup Alpinistico Pontese,201625351,45.4958742,7.3689992,2200,,,,70,OSM,
Rifugio Allavena,Club Alpino Italiano sezione Bordighera,201729123,43.9885611,7.6837747,1545,info@nuovorifugioallavena.it,+39 0184 241155,,,OSM,
Rifugio La Terza,,201729375,44.0595309,7.7304173,2060,,,https://rifugiolaterza.it/,,OSM,
Rifugio Larin,,202008535,46.4612161,12.1939963,1213,,,,,OSM,
Rifugio San Marco,,202010501,46.4766382,12.2280217,1823,info@rifugiosanmarco.com,+39 0436 9444,http://www.rifugiosanmarco.com/,,OSM,
Rifugio Scotter-Palatini,,202012091,46.4721417,12.2358726,1580,,,,,OSM,
Rifugio Casèra Bosconero,,202045127,46.3380583,12.251743,1457,,,,24,OSM,
Rifugio Antelao,,202148123,46.448041,12.3247378,1796,liviozanardo2410@gmail.com,+39 0435 75333,,24,OSM,
Rifugio Costa Piana,,202148230,46.4296218,12.3175644,1570,,,,,OSM,
Rifugio Pian delle Bosse,Club Alpino Italiano Sezione Loano,202326965,44.1742287,8.2071461,841,,,https://www.cailoano.com/rifugio-pian-delle-bosse.html,,OSM,
Rifugio Cascina Porro,,202331922,44.179413,8.212396,721.0,,,,,OSM,
Rifugio Pian dei Corsi,,202465021,44.2403693,8.2721278,862.0,,,,28,OSM,
Rifugio Alpino Santa Pulenta,,202517790,45.3998969,7.4172925,1369.0,,+39 348 2660592,https://www.rifugiocambrelle.com/,,OSM,
Glärnischhütte,SAC Sektion Tödi,202854529,47.0016193,8.9635559,1990,info@glhuette.ch,+41 55 640 64 00,https://www.glhuette.ch/,90,OSM,
Frommerniedreralm,,203215320,47.4716588,13.3199254,1524.0,,,,,OSM,
Hollhaus (Theodor-Karl-),Sektion Austria,203260151,47.594278,13.9855835,1621,,,,,OSM,
Rifugio Torre di Pisa,,203462698,46.3609254,11.5595511,2671,,,https://www.rifugiotorredipisa.it/,,OSM,
Baita Natalia,,203593404,46.2259329,10.8010824,2064,,,,,OSM,
Rifugio Malga Andalo,,203593405,46.1451007,10.9437683,1357,,,,,OSM,
Berggasthaus Lüsis,,203882856,47.1352049,9.3301506,1293.0,,+41799123496,https://berggasthaus-luesis.ch/,,OSM,
Alp Tschingla,,203882897,47.1483449,9.294602,1528,,+41 76 804 07 88,https://www.tschingla.ch,28,OSM,
Gipfelhütte Alvier,,203884059,47.1095505,9.4142755,2343,alvier@bluewin.ch,+41 79 681 81 82,https://www.alvierhuette.ch/,24,OSM,
Baita Santa Maria,,203949197,45.907177,8.7483207,304.0,,,,,OSM,
Raschberghütte,Naturfreunde Bad Goisern,204040732,47.6530046,13.6836068,1345,,,https://www.naturfreunde-huetten.at/oberoesterreich/raschberghuette/,,OSM,
Lambacher Hütte,ÖAV Sektion Lambach,204040735,47.6542194,13.7014032,1432,,,https://www.alpenverein.at/lambacherhuette/,,OSM,
Almstüberl,,204282608,47.2945691,13.3466312,1881.0,,,,,OSM,
Herzlhütte,,204892661,46.8662092,13.9945818,1634,,+43 664 1965660,https://www.herzl-huette.at,,OSM,
Marktlhütte,,204912416,46.8471595,13.9783546,1500.0,,,,,OSM,
Donaulandhütte,Alpenverein Edelweiss,204936607,47.7222349,15.5147006,1443.0,,,,,OSM,
Hinteralmhaus,Österreichischer Alpenverein Sektion Edelweiß,204938483,47.7220241,15.5156395,1450,,,,10,OSM,
Rifugio Bausano (Rif. San Besso),,204983509,45.5586081,7.5279144,2019,,,,,OSM,
Hochalphütte,Ang Kami Lama,204983717,47.5478087,10.5685689,1510,,,,,OSM,
Neue Bielefelder Hütte,DAV Sektion Bielefeld,205171902,47.2072582,10.9329577,2150,info@bielefelder-huette.at,+43 5252 6926,https://www.bielefelder-huette.at,,OSM,
Hubertushütte,,205285384,47.491983,10.5364121,1480,,,,,OSM,
Filmoor-Standschützenhütte,Sektion Austria,205397267,46.6706761,12.5343588,2350,,,https://www.filmoorhuette.com,,OSM,
Porzehütte,Sektion Austria,205397977,46.659,12.581,1942,,00436643256452,https://www.alpenverein.at/porzehuette/,64,OSM,185
SAC Clubhaus Bärenfang,SAC - CAS,205545333,47.0661068,8.6648847,1383.0,,+41 41 781 09 51,https://www.sac-zug.ch/pages/huetten/baerenfang.php,,OSM,
Kammeregg Alm,,205554724,47.3669536,12.8351392,1218.0,,,,,OSM,
Kleinbergalm,,205873215,47.442286,13.5111435,1381.0,,,,,OSM,
Munt de Sennes,,206158140,46.6588627,12.0487642,2176,,,,,OSM,
Moosalm,,206348738,47.4223381,13.5285525,1343,,,,,OSM,
Refuge des lacs Merlet,,206364366,45.3608776,6.6516763,2417,,+33 6 99 17 12 40,https://refugedeslacsmerlet-vanoise-courchevel.com/,14,OSM,
Untere Gantrischhütte,,206383733,46.7180471,7.4397505,1510,,,,,OSM,
Rifugio Infernotto,,206869639,44.7267719,7.2395836,1063.0,,,,,OSM,
Schöpfl-Schutzhaus,ÖTK,207050501,48.0884913,15.9154402,870,,,http://schoepfl.schutz.haus/,,OSM,
Vordere Leierstalalm,,207314427,47.1453599,10.876978,1800,,,,,OSM,
Kehrerhütte,,207434936,47.1921205,13.1259598,1526.0,,,,,OSM,
Krämeralm,,207451046,47.2166141,13.1458586,1608,,,,,OSM,
Wengeralm,,207704212,47.2388846,13.1293715,1582.0,,,https://www.wengeralm.at/de/bergrestaurant-gastein.html,,OSM,
Ringdorfer Hütte,,207774209,47.2744679,13.8564818,1423.0,,+43 664 39 49 723,https://www.schladming-dachstein.at/de/Service/Infos-von-A-Z/Ringdorferhuette_az_341457,10,OSM,
Refuge de l'Écondu,,207804141,45.6260775,6.5927125,1874.0,,,,,OSM,
Refuge de la Balme,,208039495,45.6322284,6.6691304,2009,,,http://www.refuge-balme-tarentaise.fr,,OSM,
Chalet du Mont Rosset,,208039932,45.6100218,6.6592975,2117,,,,,OSM,
Refuge du Chambeyron,Club Alpin Français,208049323,44.5301107,6.8360671,2626,,+33 4 92 84 33 83,https://refugeduchambeyron.ffcam.fr/,,OSM,
Cabane de Prafleuri,,208112909,46.074943,7.3787888,2662,,,http://www.prafleuri.ch/,,OSM,473
Cabane des Aiguilles Rouges,,208112911,46.0563746,7.4574594,2810,aiguillesrouges@bluewin.ch,+41 27 283 16 49,https://www.aiguillesrouges.ch/,70,OSM,
Cabane des Dix,SAC - CAS Sektion Monte Rosa,208112912,46.011066,7.417683,2928,info@cabanedesdix.ch,+41 027 281 15 23,http://www.cabanedesdix.ch,90,OSM,10
Refuge de la Barmaz,,208112913,46.0614205,7.3860544,2460,,+41 79 869 70 17,https://www.cabanedelabarmaz.ch/,,OSM,
Cabane du Petit Mountet,,208115673,46.0922605,7.633304,2142,,,https://www.petitmountet.ch/,,OSM,
Lechner Hütte,,208261958,47.7187378,13.2278299,1308,,,,,OSM,
Berggasthaus Eggalm,,208444873,47.1625102,11.7121115,1940,info@eggalm.at,+43 5287 87540,https://www.eggalm.at/,,OSM,
Schlernbödele Hütte - Rifugio Malghetta Sciliar,Alpenverein Südtirol,208620122,46.52,11.58,1693,,+39 0471 1885169,http://schlernboedelehuette.com,20,OSM,284
Cabane de Louvie,Bourgeoisie de Bagnes,208621319,46.0468511,7.3064353,2207,,,,,OSM,
,,208629490,46.0401458,12.197926,752.0,,,,,OSM,
Mindener Hütte,DAV Sektion Minden,208708270,47.0236254,13.1551111,2431,,,,,OSM,
,,208885817,46.1922223,12.3537017,1518.0,,,,,OSM,
Läntahütte SAC,SAC - CAS,208921136,46.5415754,9.0417841,2090,info@laentahuette.ch,+41 81 935 17 13,http://www.laentahuette.ch,33,OSM,689
Terrihütte SAC,SAC - CAS,208921142,46.6345273,9.0050792,2170,terrihuette@bluewin.ch,+41 81 943 12 05,https://www.terrihuette.ch/,110,OSM,16
Casera Crosetta,,209014263,46.1944217,12.4195494,1166,,,,,OSM,
Rifugio Carlo e Massimo Semenza,,209017858,46.134085,12.4896933,2020,,,,,OSM,
Meglisalp,Familie Gaby und Sepp Manser-Neff,209080086,47.2557518,9.3854499,1520,info@meglisalp.ch,+41 71 799 11 28,https://www.meglisalp.ch/,,OSM,
Berggasthaus Mesmer,Monika und Bruno Hehli-Räss,209080126,47.2594668,9.3731164,1613,info@mesmer-ai.ch,+41 71 799 12 55,https://www.mesmer-ai.ch/,,OSM,
Berggasthaus Schafboden Alpstein,,209080128,47.2373781,9.3505648,1729,,,,,OSM,
Hagener Hütte,,209723442,47.0274654,13.0895836,2448,,,,,OSM,
Duisburger Hütte,DAV Sektion Duisburg,209732086,47.0240805,13.0115554,2572,,,https://www.dav-duisburg.de/H%C3%BCtten/Duisburger%20H%C3%BCtte%20%28Tauern%29,,OSM,
Jungeralm - Kresseben,,209749219,47.1149159,13.0850597,1773.0,,+43 664 1206822,https://huetten.wanderdoerfer.at/huette/kressebenalm/,,OSM,
Naturfründehuus Mettmen,,209822649,46.9605734,9.0991983,1564.0,,,https://www.mettmen.ch/,,OSM,
Leglerhütte SAC,SAC - CAS,209822660,46.9274341,9.0801784,2273,simonaech@yahoo.com,+41 55 640 81 77,http://www.leglerhuette.ch,54,OSM,13
Rifugio Treviso,,210004305,46.2368222,11.9029066,1631,,,http://www.rifugiotreviso.it/,,OSM,
rifugio Biancadino m.2257 (SO),,210275205,46.3377838,10.2154476,2264.0,,,,,OSM,
Obere Bogmen,,210572416,47.1898518,9.0926477,1374,,,,,OSM,
Hirschgrubenalm,,210648021,47.1511005,13.2614229,1564,,,,,OSM,
Ulmer Hütte,DAV,210661236,47.1470622,10.2092389,2285,info@ulmerhuette.at,+43 5446 30200,https://www.ulmerhuette.at/,32,OSM,
Präerhütte,,210720589,47.1301773,13.0443634,1810.0,,,,,OSM,
Tofererhütte,,210720594,47.1275907,13.0462115,1827.0,,,,,OSM,
Groyerhütte,,210722240,47.1315225,13.0375579,1788.0,,,,,OSM,
Mitterastenalm,,210729346,47.1114852,13.0117577,1860,,+43 664 2026286,https://www.mitterastenalm.at/,,OSM,
Berggasthaus Ebenalp,,210985225,47.2832803,9.4116861,1644,infos@gasthaus-ebenalp.ch,,https://www.gasthaus-ebenalp.ch/,,OSM,
Fählenalp,,210985226,47.2495914,9.4085235,1457,,,https://www.appenzell.ch/de/unterkunft/uebernachten-auf-der-alp/faehlenalp.html,35,OSM,
Alp Rohr,,210985259,47.2758319,9.4848375,1200,,+4181 757 11 39,https://alp-rohr.ch,,OSM,
Roslenalphütte,,210985265,47.2433282,9.4183994,1767,,+41 81 740 47 08,,25,OSM,
Zwinglipasshütte,SAC - CAS,210985370,47.23,09.37,1999,reservation@sac-toggenburg.ch,+4171999 24 36,http://www.sac-toggenburg.ch/clubhuette/,35,OSM,30
Clubheim Fälensee,SAC Sektion St.Gallen,210985372,47.25,09.42,1527,,+41,https://sac-stgallen.ch/sac-clubheim-faelensee/,35,OSM,363
Hundsteinhütte SAC,SAC - CAS,210985382,47.25512,9.42217,1554,info@hundstein.ch,+41717991581,http://www.hundstein.ch,42,OSM,32
Berggasthaus Plattenbödeli,Familie Inauen-Arnold,210985386,47.274253,9.4571853,1279,info@plattenboedeli.ch,+41 71 799 11 52,https://www.plattenboedeli.ch/,94,OSM,
Berggasthaus Tierwies,Familie Schoop,210985396,47.2486848,9.3288302,2085,,+41 71 364 12 35,https://www.tierwies.ch/,50,OSM,
Rifugio Dona,,211169010,46.4820844,11.6977417,2100,,+39 333 779 7990,https://www.rifugiodona.com/,,OSM,
,,211893218,46.5933192,9.9238868,2068.0,,+41 78 952 04 79,https://www.madulain.ch/tourismus/alp-es-cha-dadour/,,OSM,
,,212092329,46.0037133,12.0778305,925.0,,,,,OSM,
Präaualm,,212677357,47.2277839,13.0581624,1811,,,,,OSM,
Tischleralm,,212704451,47.2705977,13.0359626,1355.0,,,,,OSM,
Maschl Niederalm,,212709260,47.2680168,13.0331173,1404.0,,,,,OSM,
Rifugio Camparient,,213421159,45.7473015,8.0882056,1476.0,,,https://www.rifugiocamparient.com/,,OSM,
Rifugio San Giacomo,,213918081,46.5365034,10.2588795,1950,,,,,OSM,
Rifugio Val Fraele,,213918082,46.5371257,10.2835373,1954,rifugiovalfraele@libero.it,+39 0342 902459,https://rifugiovalfraele.com/,,OSM,
Dom v Kamniški Bistrici,"Planinsko društvo Ljubljana-Matica, planinska zveza Slovenije",214774437,46.3276441,14.5892603,600,,+386 1 832 55 44,https://www.pzs.si/koce.php?pid=87,,OSM,
Cabane des Martinaux,,215231065,46.2145786,7.0479393,1672,,,,,OSM,
Reichensteinhütte,Sektion Leoben,215366549,47.5008339,14.9322884,2128,,,,,OSM,
Refuge de Saint-Laurent,,215634369,46.0980922,7.3323937,2491,,+41 79 123 29 61,https://www.arpettaz.ch/,,OSM,
Brandenburger Haus,DAV Sektion Berlin,215667342,46.844450,10.778050,3277,info@brandenburgerhaus.at,+43 670 6026159,https://www.brandenburgerhaus.at,60,OSM,181
Rifugio Uschione,,215749387,46.3161831,9.4163579,840,,+393493621056,http://www.rifugiouschione.it/,,OSM,
Refuge des Tinderets,Louison Brunet & Benoit Michon,216149557,46.237876,6.7528655,1491,,,,,OSM,
Posto tappa gta,privato,216422354,45.886375,7.9991566,1411,residencepineta@gmail.com,+39 0163 95125,,,OSM,
Rifugio Brusà,,216479593,45.8804647,8.0127209,1350,,,,11,OSM,
Rifugio Dosso Alto,,216678076,45.6486821,11.0787861,1412.0,,,,,OSM,
Krefelder Hütte,DAV Sektion Krefeld,217894316,47.2119228,12.696404,2300,info@krefelderhuette.com,+43 664 5444 726,http://www.krefelderhuette.com/,,OSM,
Salzburger Hütte,,217894340,47.2231441,12.7046335,1860,,+43 6549 7349,https://www.salzburger-huette.at/de/huette/,,OSM,
Casermetta,,217898643,45.9998976,11.6952006,1391.0,,,,,OSM,
Grünsee Mountain Lodge,,217957565,46.0060039,7.7797243,2296,,+41 79 900 23 00,https://gruenseemountainlodge.ch/,,OSM,
,,218174728,45.8946413,11.7875429,1309.0,,,,,OSM,
,,218174749,45.8944701,11.7873859,1305.0,,,,,OSM,
Rifugio Scarpon,,218175533,45.8745699,11.7931807,1580.0,rifugioscarpon@gmail.com,+39 328 1021027,http://www.rifugioscarpon.it/,,OSM,
Malga Fontana Secca,,218492162,45.9226044,11.842614,1460.0,,,,,OSM,
Achental Grundalm,,218564237,47.3463437,12.4677529,1640,,,,,OSM,
Ringelspitzhütte SAC,SAC - CAS,218924350,46.8657998,9.380717,2000,info@ringelspitzhuette.ch,+41 79 632 24 34,https://www.ringelspitzhuette.ch/,36,OSM,514
Erlanger Hütte,DAV Sektion Erlangen,218941198,47.144739,10.8472784,2550,rimmlchristian@gmx.at,+436643920268,https://www.alpenverein.at/huetten/?huette_nr=0532,,OSM,721
Vordere Fundusalm,,218948551,47.1336752,10.8946537,1611,,,,,OSM,
Rifugio Alpini fratelli Pedercini,,218963552,45.8359191,10.7390484,1182.0,,,,,OSM,
Malga Campiglio di Fondo,ERSAF,219011484,45.6938726,10.5755298,788,,,,,OSM,
Madonna del Corno,CAI di Provaglio,219331671,45.6401715,10.0458629,430,,,,,OSM,
Rifugio Fiori del Baldo,,219521536,45.6798089,10.8168368,1850,,+39 045 6862477,,,OSM,
Rifugio G. Chierego,,219521539,45.6829132,10.818791,1905,info@rifugiochierego.it,+39 045 245 7599,https://rifugiochierego.it/,,OSM,
Rifugio Obru Huusch,,219530980,45.9104624,8.1746124,1223.0,,+39 393 756 9591,,,OSM,
Capanna Sociale Città di Borgomanero,CAI Borgomanero,219629221,45.9166047,8.2240665,1766.0,,,,,OSM,
,,219790214,45.8755903,8.1425742,1130.0,,,,,OSM,
Rifugio Cesare Battisti,Cornale Marco,219907556,45.6970575,11.1515738,1265,,+39 0445 75235,https://www.rifugiocesarebattisti.com,,OSM,
Rifugio Bepi Bertagnoli,,219907777,45.6733252,11.1652276,1225,lapiatta@libero.it,+39 04441770286,http://www.rifugiobertagnoli.it,,OSM,
Chalet du Prabé,,219951395,46.2814934,7.3470581,1953.0,,+41 27 396 10 22,https://www.saviese.ch/fr/chalet-prabe-412.html,,OSM,
Kobingerhütte,,220074288,47.4148835,12.2866546,1504,kobingerhuette@aon.at,+43 664 3218553,https://www.kobingerhuette.at/,34,OSM,
Anlaufalm,,220099370,47.7757958,14.5129486,982,anlaufalm@gmail.com,+43 676 3351277,https://www.anlaufalm.at/,,OSM,
Josef-Franz-Hütte,Naturfreunde Österreich,220250079,48.0425347,15.4824773,806.0,,,,,OSM,
Hintere Fundusalm,,220286053,47.1131173,10.8912661,1964,,,,,OSM,
Rifugio Monte Torla,,220427874,45.6479968,11.1381344,1340,,,,,OSM,
Rifugio Lausen,,220431015,45.6285622,11.1162467,1191.0,dannyzampiccoli@gmail.com,+39 045 2456639,https://www.rifugiolausen.it/,,OSM,
Ochsenstall,,220709492,47.3700499,15.1864111,1182.0,,,,,OSM,
Kaltenbachalm,,221224825,47.3301487,13.7839326,1340,,,https://www.starchlhof.at/,,OSM,
Rifugio Camosci,,221584940,45.8648187,8.2614866,1227.0,,+39 0163 51530,,,OSM,
Anenhütte,"Melanie Tscherrig, Christian Tscherrig",221654104,46.454529,7.9117046,2358,info@anenhuette.ch,+41 79 864 66 44,https://www.anenhuette.ch/,50,OSM,
Hocheck-Schutzhaus,ÖTK Österreichischer Touristenklub,222272618,47.9965468,15.9524367,1027,,,http://hocheck.schutz.haus,,OSM,
Strobl-Hütte,,222454069,47.6153465,15.3152603,1427.0,,,,,OSM,
La Vare,,222457837,46.2617898,7.1378894,1764.0,,,,,OSM,
Le Richard,,222457840,46.258397,7.1267711,1535,,,,,OSM,
Alpage de L'Au d'Arbignon & Plex,,222591870,46.1882502,7.0582079,1648.0,,,http://www.gitealpageauarbignon.ch/index.html,,OSM,
Ennstaler Hütte,Sektion Steyr,222617200,47.619119,14.676403,1543,,+43 664 4901737,,38,OSM,355
Cabane Rambert,Schweizer Alpen Club SAC,222618403,46.230205,7.134205,2582,rambert@cas-diablerets.ch,+41 27 207 11 22,https://www.cas-diablerets.ch/cabanes/cabane-rambert/,38,OSM,280
Kroisen Alm,,222620468,47.6052758,14.6670817,884.0,,,,,OSM,
Grünangerhütte,ÖAV Sektion Deutschlandsberg,222786307,46.8125264,15.0116907,1575,,,https://www.alpenverein.at/gruenangerhuette/,,OSM,
Doldenhornhütte SAC,SAC Sektion Emmental,222825784,46.48704,7.69739,1915,info@doldenhornhuette.ch,+41 33 675 16 60,http://www.doldenhornhuette.ch,40,OSM,11
Fründenhütte SAC,,222873495,7.44,31.1,2562,info@fruendenhuette.ch,+41 33 675 14 33,http://www.fruendenhuette.ch,58,OSM,19
Rottalhütte SAC,SAC - CAS,222981226,46.52612,7.9447219,2755,rottalhuette@sac-interlaken.ch,+41 33 855 24 45,https://www.sac-interlaken.ch/index.php/huetten/rottalhuette,28,OSM,
Schmadrihütte,AACB,222982916,46.4991505,7.8923079,2262,,,https://www.aacb.ch/huetten/schmadrihuette/,8,OSM,
Plotscherbauer,,223063536,47.2601548,15.2033638,1133,,,,,OSM,
Altelshütte,SAC,223108813,46.4560977,7.647928,1933,,,,,OSM,
Lämmerenhütte,SAC,223110652,46.4002937,7.5744861,2507,info@laemmeren.ch,+41 27 470 25 15,https://www.laemmeren.ch/,96,OSM,453
Lötschenpass Hütte,,223275306,46.4163197,7.7168873,2690,info@loetschenpass.ch,+41 27 939 19 81,https://www.loetschenpass.ch/,86,OSM,
Reisseckhütte,Sektion Oesterr. Gebirgsverein,223387409,46.9155334,13.3740196,2287,,,,,OSM,
Geltenhütte SAC,SAC - CAS,224085264,46.3695986,7.3390598,2002,info@gelten.ch,+41 33 765 32 20,https://www.gelten.ch/,70,OSM,17
Rammelhütte,,224292744,47.4132325,14.9021489,1514,,,,,OSM,
La Soldanelle,,224450815,44.9944476,5.5839096,1507.0,,,https://www.lasoldanelle.com/,,OSM,
Weiglmoaralm,,224554808,47.3601398,14.9414594,1171.0,,,,,OSM,
Chalet du CAF,,224863916,46.1416027,6.4627448,624.0,,,,,OSM,
Gleinalm Schutzhaus,?,225005220,47.2159454,15.0526824,1586,,+43 680 143 6773,,,OSM,
Baita Santamaria in Leten,,225006480,45.9245762,9.8500449,1757,,,,,OSM,
Maison forestière de la Servette,,225019445,46.2296145,6.3482835,1193,,,,,OSM,
Rinderalphütte,SAC,225032578,46.6283244,7.5165438,1703,godi.knutti@rinderalp.ch,+41 33 681 27 68,http://www.rinderalp.ch/,,OSM,
Balmhornhütte,SAC - CAS,225203557,46.4512074,7.6896204,1956,,,,,OSM,579
Refuge de Sales,,225320182,45.9894739,6.7529152,1870.0,,,,,OSM,
Refuge de Sales,,225321189,45.989303,6.7528413,1870.0,,,,,OSM,
Refuge des Fonts,Nathalie et Benoît Bouvet,225321306,46.0211725,6.8109073,1368,,,,,OSM,
Refuge de Sales,Roland et Elisabeth Mogenier,225322051,45.9893227,6.7530681,1886,,,,,OSM,
Hotel Forte Cherle,,225334512,45.9134977,11.2337046,1417,,,,,OSM,
Pfaffenthaler Alm,,225646878,47.3546569,14.9371637,976.0,,,,,OSM,
Gingerhütte,,225671058,46.7473948,13.7145452,1700,,,,,OSM,
Obere Pussorhütte,,225777245,47.1974183,15.0543427,1508.0,,,,,OSM,
Cabane du Mont-Noble,,225855274,46.2105871,7.4746321,2244,,,https://www.mtnoble.ch/zwook,,OSM,
Wieser Alm,,226056573,46.7279413,12.7445247,1621.0,,,,,OSM,
Schilthornhütte,,226981814,46.5700427,7.862723,2432,,+41 33 855 50 53,https://www.schilthornhuette.com/,,OSM,446
Refuge Albert 1er,Club Alpin Français,226994017,45.9967536,6.9866309,2704,,+33 4 50 54 06 20,https://refugealbert1er.ffcam.fr/,130,OSM,
Spechtenseehütte,ÖAV Sektion Stainach,227108236,47.562186,14.1003171,1045,,,,,OSM,
Sohlenalm,,227339284,47.6726821,15.3865059,1352,,,,,OSM,
Rifugio Alpe Cantedoldo,,227484881,46.0104996,9.6442588,1502.0,,,,,OSM,
Untere Astenalm,,227906746,47.0800251,13.0904041,1208.0,,,,,OSM,
AGV Drehmöser Hutte,AGV München,227945922,47.4638286,11.1018819,1301.0,,,,,OSM,
Bergrestaurant Kreuzboden,,228005267,46.1385981,7.9633263,2402.0,,,,,OSM,
Rifugio La Roda,,228057067,46.1424518,11.036931,2120,info@laroda.it,+39 348 893 9544;+39 340 584 1890,https://laroda.it/,100,OSM,
Chalet La Planiaz,CAS,228120927,46.4637561,6.9573966,1436,,,,,OSM,
Teicheneggalm,,228121969,47.4921231,14.8321692,1570,,,,,OSM,
Berghaus Oberaar,KWO Kraftwerke Oberaar,228279332,46.5489348,8.2775171,2348,,,https://www.grimselwelt.ch/grimselhotels/oberaar/,,OSM,
Alpwirtschaft Leser,,228413147,47.2205599,9.2612407,1424.0,,,,,OSM,
Rifugio Barricata,,228433692,45.9799387,11.5914212,1351,info@labarricata.it,+39 327 686 0431; +39 348 265 3245,,,OSM,
Cabane du Scex Carro,,228653815,46.1575511,7.0789921,2000,cabanesduscexcarro@gmail.com,+41 79 783 36 24,https://www.cabaneduscexcarro.ch/,18,OSM,
Rifugio Guido Larcher al Cevedale,Società degli Alpinisti Tridentini,228873234,46.436916,10.6659939,2608,info@rifugiocevedale.it,,,80,OSM,
Hocheckhütte,,228963415,47.4275388,12.372449,1640,,,,,OSM,
Ütia de Scotoni - Scotoni-Hütte - Rifugio Scotoni,,229003439,46.5531001,11.9983952,1985,,,https://www.scotoni.it,,OSM,
Stockhütte,Genossenschaft Jugend- und Ferienhaus Stockhütte,229012984,46.756185,7.4506232,1264,,,https://www.stockhuette-gurnigel.ch/,,OSM,
Untere Bodenhütte,,229072500,47.3524929,14.7945532,1382.0,,,,,OSM,
Rifugio Carbonetto,,229213868,44.3705197,7.1520475,1878.0,rifugio.carbonetto@gmail.it,+39 342 7131240,http://www.rifugiocarbonetto.it/,,OSM,
Rifugio Mitt,privato,229215271,45.0167273,7.2496956,1820.0,,,,,OSM,
Rifugio Mont Fallère / Refuge du Mont-Fallère,private,229567128,45.7620874,7.1812189,2385,,,https://www.rifugiomontfallere.it/,50,OSM,
Rifugio Cimon della Bagozza,,229883846,46.024186,10.2272062,1574,,,,,OSM,
Rifugio Gianpace,,229892368,45.9660827,9.8819936,1331,,,,,OSM,
Ochsenalm,Thomas Danklmaier,229925990,47.4166618,13.5708168,1197.0,pretscher@a1.net,+43 650 4764308,https://www.rittisberg.at/de/huetten/ochsenalm.html,,OSM,
Heubergalm,,230032449,47.2528242,12.8631953,1665,,,,,OSM,
Cesa da Sett,,230145321,46.4154132,9.6369865,2308.0,,+41 81 684 19 23,https://www.cesa-da-sett.ch/,,OSM,551
Rifugio Baita Iseo,Club Alpino Italiano,230147364,46.0234867,10.3046711,1335,,,,,OSM,
Wiesmahd Alm,,230164648,47.4116287,13.5876605,1233.0,,,,,OSM,
,,230382589,45.775796,6.0880465,1539.0,,,,,OSM,
Refuge du Semnoz,,230382838,45.7761324,6.0881929,1550,,+33 4 50 52 50 18,,,OSM,
Bräualm,,230413092,47.3057985,14.0292539,1165,,,,,OSM,
Rudolf-Schober-Hütte,"ÖAV, Sektion Stuhlecker",230413934,47.2518667,13.9739053,1667,,,,27,OSM,
Bergheim Hirschbichl,,230425967,47.5554815,12.7957776,1150.0,,,,,OSM,
Feldnerhütte,Bruno Langkau,230697483,46.8321585,13.1251551,2182,,,http://huetten.alpenverein.at/huettenHome/DE/Home/index.php?huetteNr=0058,,OSM,
Hugo-Gerbers-Hütte,Gerhard Nesvadba,230697997,46.8166587,13.0293708,2355,,+43 664 5954740,http://hugogerbershuette.gebirgsverein.at/,,OSM,
Salzkofelhütte,Erika Humer,230698692,46.8385306,13.2572913,1987,,+43 664 1615602,http://huetten.alpenverein.at/huettenHome/DE/Home/index.php?huetteNr=0199,,OSM,
Anton-Schosser-Hütte,Sektion Steyr,231021223,47.9078021,14.4045826,1157,,,,,OSM,
Refuge de Larrieux,,231119270,45.8651201,6.2695798,1534.0,,,,,OSM,
Himberger Haus,Naturfreunde Himberg,231316619,47.747118,15.8707951,980,,+43 699 12324302,,,OSM,
Ternitzer Hütte,Naturfreunde Österreich,231316621,47.7499241,15.8596131,1199,,+43 699 11149009,,,OSM,
Stubneralm,,231499535,47.1254941,13.1012474,1774.0,info@stubneralm.at,,https://www.stubneralm.at/,,OSM,
Schützingalm,,231623956,47.3587919,12.8568949,1655,,,,,OSM,
Waldburgangerhütte,,231768946,47.711187,15.8817739,1182,,+43 688 8682827,https://www.alpenvereinaktiv.com/de/private-huette/waldburgangerhuette-am-gahns/9850197/,,OSM,
Rifugio Petitpierre al Corno d'Aola,,231827345,46.2419961,10.5187303,1900,,,,,OSM,
Koča na Klemenči jami pod Ojstrico,,231894811,46.3783781,14.6338738,1208,,0038641276254,,,OSM,
Parkhütte Varusch,,231988209,46.6083993,10.0317912,1824.0,,,https://www.varusch.ch/,,OSM,
Segneshütte,,232059450,46.8676805,9.2398099,2103,,+41 81 927 99 25,https://segneshuette.ch/,,OSM,
Trunahütte,,232170898,47.0515766,11.4045391,1720.0,,+43 676 4134880,https://www.trunahuette.at/,,OSM,
Muttekopfhütte,"Österreichischer Alpenverein, Sektion Imst",232173119,47.26259,10.66983,1934,,+43 6641236928,http://www.muttekopf.at/huette/,53,OSM,160
Steinige Rippa,,232207946,46.6505607,7.2719596,1374,,,,,OSM,
Refuge de la Fare,,232342877,45.1417108,6.1070398,2280,,+33 6 74 85 12 77,https://www.refugedelafare.com/,12,OSM,
Rifugio Silvio Dorigoni,Società degli Alpinisti Tridentini,232381119,46.4606258,10.7519346,2437,info@rifugiodorigoni.it,+39 0463 985107,https://www.rifugiodorigoni.it/,80,OSM,
Rachkuchl,,232388251,47.3920912,12.6827912,1499.0,,,,,OSM,
Rifugio Tridentina,,232443735,46.4413764,10.0556305,2316.0,,,,,OSM,
Spannorthütte SAC,SAC - CAS,232482300,46.799824,8.509767,1956,info@spannorthuette.ch,+41416373480,https://www.spannorthuette.ch,40,OSM,244
Pühringerhütte,OeAV Sektion Wels,232521425,47.6871721,13.9665211,1638,,+43 720 920442,https://www.alpenverein.at/puehringerhuette/,,OSM,
Refuge de Lessy,,232781939,45.9902533,6.4398248,1776,,,https://lerefugedelessy.jimdofree.com/,,OSM,
Arnikahütte,,233053646,47.7409301,13.3482435,1393.0,,,,,OSM,
Lärchenhütte,,233053649,47.7528152,13.3552642,1064.0,,,,,OSM,
Sausteigalm,,233053650,47.7513433,13.3568297,1103.0,,,,,OSM,
Refuge de Congerman,Office National des Forêts,233081822,44.1216316,6.644515,1850,,+33 9 88 66 32 22,https://www.verdontourisme.com/informations/hebergement-collectif/refuge-de-congerman-6058027id/,13,OSM,
Sardonahütte,SAC - CAS,233206648,46.9154739,9.2754192,2158,jaeger.beat@bluewin.ch,+41 81 306 13 88,https://www.sardonahuette.ch/,44,OSM,
Alpe Brunedo,Contina Coop. Soc.,233369562,46.1540201,9.221734,1344.0,info@alpebrunedo.it,+39 339 645 4824,https://www.contina.it/alpe-brunedo/,,OSM,
Dachsteinsüdwandhütte,,233382674,47.4597751,13.6152849,1871,,,,,OSM,
Ancien Refuge du Sélé Refuge d'Hiver,,233400056,44.8744924,6.3835966,2626,,,,,OSM,
Cabane du Fénestral,,233412009,46.189072,7.100621,2453,,+41277462800,https://www.fenestral.ch,31,OSM,333
Hochweißsteinhaus,Sektion Austria,233647338,46.64307,12.7401,1868,,+43 676 746 2886,https://www.alpenverein.at/hochweisssteinhaus/,52,OSM,328
Millstätter Hütte 1880 m,AV-Hütte,233768517,46.8483,13.5942,1880,alm@millstaetterhuette.at,+4366473633439,http://www.millstaetterhuette.at,24,OSM,273
Hansbauer Hütte,,233819284,46.8584913,13.5557643,1700,,,,,OSM,
Rifugio Garibaldi - Dreisprachenspitze,Michele Magatelli,233835059,46.5306023,10.4526826,2845,info@rifugiogaribaldi.it,+39 0342 904312,https://www.rifugiogaribaldi.it/,,OSM,
Bar Planel,,233885772,46.5385326,10.1484061,1910.0,,,,,OSM,
Aigenalm-Paulhütte,Hermann Kreuzer  “Paulbauer”,233911921,47.2101608,13.1637421,1289.0,,+43 664 75003083,https://www.grossarltal.info/de/almen/aigenalm-paulhuette.html,,OSM,
Aigenalm - Mandlhütte,,233913409,47.2052542,13.1628175,1342,kreuzer.alois@aon.at,+43 6414 362,https://www.grossarltal.info/de/almen/aigenalm-mandlhuette.html,,OSM,
Rifugio Blachì 1,,233982818,45.7981578,10.3379287,1323,,,,,OSM,
Cabane les Ecoulaies,,234074505,46.0635629,7.3797653,2575,,,https://www.lespyramides.ch/cabane,,OSM,
Refuge privé A. Saladin,,234088628,44.1103135,7.3134275,1679.0,,,,,OSM,
Cabane de la FMG,Fédération Montagne de Genève,234179351,46.0095688,6.6796254,1811.0,,,,,OSM,
Gîte de Lourantze,,234190725,46.3552035,7.4205619,1811.0,,,https://www.gitedelourantze.ch/,,OSM,
Uttendorfer Hochsonnbergalm,,234281770,47.3161498,12.5941374,1908,,+4367761834551,https://www.uttendorf.com/de/sommer/almen_huetten,,OSM,
Kaarlhütte,,234325602,47.6153348,15.6284724,1314,,,,,OSM,
Lachkendlalm,,234458339,47.141906,13.0053531,1882.0,,,,,OSM,
Bänkenalm,,234706390,47.0305669,11.2352059,1860,,,,,OSM,
Capanna da l'Albigna CAS,CAS,234960184,46.331205,9.655262,2336,capanna@albigna.ch,+41 81 822 14 05,http://www.albigna.ch,84,OSM,3
Mastaunalm - Malga Mastaun,,235364617,46.710877,10.8462819,1861.0,,,,,OSM,
Brandlalm,,235508790,47.2412956,13.1240838,1434.0,,,,,OSM,
Heumoosalm,,235508795,47.2460976,13.1463097,1618,,,,,OSM,
Reiterhütte,,235508796,47.2419608,13.1265995,1470,,,https://www.gasteinertal.com/reiterhuette/,,OSM,
Große Klaushütte,,235772028,47.80067,14.4785508,488,zellan.i@ennstal-net.at,+43 664 4535281,http://www.kalkalpenweg.at/almen-huetten/grosse-klaushuette.html,,OSM,
Rifugio Budec,,235839656,45.8949189,10.2527208,1322,,,,,OSM,
Hoishütte,,235877494,46.899011,13.9959602,1755.0,,,,,OSM,
Oberissalm,OeAV Sektion Innsbruck,235888323,47.095648,11.1946724,1742,info@oberissalm.tirol,+43 5226 2626,https://www.oberissalm.tirol/,,OSM,
"Halterhütte ""Hoida""",,235955307,47.7260433,15.8839701,1135,,,,,OSM,
Naturfreundehaus Knofeleben,Naturfreunde,235955367,47.7321516,15.8294659,1250,,,https://www.knofeleben.at/,,OSM,
Chalet dell'Aquila,,236017220,45.968533,10.039228,2162.0,,+39 03461903825,https://www.colere.it/,,OSM,
Münchner Haus,DAV Sektion München,236047957,47.42119,10.98492,2959,,+4988212901,https://www.muenchnerhaus.de,10,OSM,150
Cabane Chalet-Neuf,,236150624,46.1819526,7.0685401,1865,,,https://www.collonges.ch/,32,OSM,
Ristoro 5 laghi,,236282945,45.980771,9.894041,1131.0,,,,,OSM,
Rifugio il Baitone,CAI di Sesto San Giovanni,236289501,46.0283097,9.8314334,1705,,,https://www.caisestosg.it/caisestosg.php?id=19,22,OSM,
Rifugio Val Malga,,236290426,46.1358206,10.3799757,1146,,,,,OSM,
locale invernale,,236303333,46.1317111,10.4537822,2196.0,,,,,OSM,
Wolfsberger Hütte,Sektion Wolfsberg,236307264,46.8340854,14.6591798,1850,,,https://www.alpenverein.at/wolfsbergerhuette/,,OSM,
Rifugio Antonioli,,236673395,46.2478372,10.2955396,1785,paolinomelotti@alice.it,+39 3294547123,,,OSM,
Rifugio Barbellino,,236764004,46.0765621,10.0796577,2127,,,,60,OSM,
Rifugio Alpe Caronella,,236766026,46.1092374,10.0898095,1860,,,,,OSM,
Aichholzerhütte,,236778264,46.8409579,13.7225297,1307.0,,,,,OSM,
Gasthof Ehrwalder Alm,,237035038,47.3849029,10.9683595,1502,,+43567340505,https://www.ehrwalderalm.at,,OSM,
Capanna Michela Motterascio,CAS Ticino,237165280,46.594167,9.0005,2172,motterascio@casticino.ch,+41918721622,https://capannamotterascio.casticino.ch/,70,OSM,221
Waxenegghütte,,237361264,47.732719,15.5399165,1531.0,,,,,OSM,
Geigenseehütte,,237432473,46.8672698,12.4981624,2409,,,,,OSM,
Rifugio Premassone,Gabriella Fioletti,237587271,46.1264538,10.4182283,1587,,,,,OSM,
Rifugio Capanna Valbione,,237587743,46.2483649,10.5064756,1504,,,,,OSM,
Herbstalm,,237654924,47.6596069,12.6409273,1069.0,,,https://www.heutal.at/de/almhuette-herbstalm,,OSM,
Rifugio Fanes,Max Mutschlechner,237733853,46.6121729,12.0142251,2060,info@rifugiofanes.com,+39 0474 501097,https://www.rifugiofanes.com/,,OSM,
Rifugio Casa Savoia,,237752208,44.2067347,7.2711257,1416.0,,,,,OSM,
,,238108552,46.6181485,7.1973388,1326.0,,,,,OSM,
Auta Chia,,238108553,46.6673623,7.2269312,1459,,,https://hauta-chia.ch/,,OSM,
Plan Rosset d'en haut,,238108557,46.6636244,7.233106,1423,,,,,OSM,
,,238108589,46.630331,7.2126692,1528,,,,,OSM,
,,238108592,46.6353907,7.2144817,1385,,,,,OSM,
Tissinèva,,238108596,46.6316429,7.2048433,1474,,,,,OSM,
Rifugio Alpino Cascinelle,Gruppo Alpini Pezzaze,238134241,45.7978497,10.2185555,1260,,,,,OSM,
Rifugio Campione,Luca Pizio,238157213,46.0333783,10.2574095,1946,,,,16,OSM,
Rifugio Vodala,,238432359,45.9579571,9.9761292,1612.0,,+39 0346 47079,,,OSM,
Chamanna da Boval CAS,SAC - CAS,238450857,46.415199,9.925074,2495,boval@bluewin.ch,+41818426403,https://www.boval.ch/,80,OSM,391
Capanna Anzana,Gemeinde Brusio,238458060,46.2306745,10.07511,2043,francobalsarini@bluewin.ch,+41 79 951 85 86,https://www.brusio.ch/cultura-e-tempo-libero/sport-e-svago/capanna-anzana,,OSM,
Refuge du Sélé,Club Alpin Français,238656381,44.8733263,6.3904841,2504,,,,,OSM,
Refuge du Pelvoux,Club Alpin Français,238656388,44.8826281,6.4056571,2694,,+33 4 92 23 39 47,https://refugedupelvoux.ffcam.fr/,,OSM,
Rifugio Cristina,,238947675,46.1115789,10.1387229,1260,,,,48,OSM,
,,239014629,46.5085625,7.6113915,1775,,,,,OSM,
Fraßenhütte,Sektion Vorarlberg,239039300,47.185596,9.828919,1725,info@frassenhuette.at,+436641412437,http://www.alpenverein.at/frassenhuette/,50,OSM,86
Naturfreundehaus Ova Spin,,239133659,46.6795924,10.1591409,1891.0,,,,,OSM,
Mönchsjochhütte,,239179174,46.554678,8.005589,3657,info@moenchsjoch.ch,+41 33 971 34 72,http://www.moenchsjoch.ch,100,OSM,77
Rifugio degli Alpini,,239248038,45.5622122,10.3928967,401.0,,,,,OSM,
Rifugio alpe Selle,,239585227,45.928026,8.1014621,1818.0,sabrinabiscardini@gmail.com,+39 347 2622880,http://rifugioalpeselle.weebly.com,,OSM,
Alp Bommen,,239743010,47.2891482,9.4190599,1230,alpbommen@bluewin.ch,+41 78 736 27 09,https://www.alpbommen.ch/,24,OSM,
Bregenzer Hütte,Naturfreunde Vorarlberg,239985798,47.3867606,9.8283796,1320.0,bregenzerhuette@naturfreunde.at,+43 660 9941605,https://bregenzerhuette.naturfreunde.at/,,OSM,
Älpli,,240298793,47.0695831,9.445086,1342.0,,,,,OSM,
Almagelleralp,,240432026,46.1011253,7.9847741,2194,,,,,OSM,
,,240533101,46.6863138,10.9032223,2152,,+39 329 6785550,,19,OSM,
Baita Altissimo,,240642851,45.9144183,10.1736608,1703,,,,,OSM,
"Rifugio Rosetta ""Giovanni Pedrotti""",Società degli Alpinisti Tridentini,240938276,46.2674386,11.8390215,2580,lottmariano@libero.it,+39 0439 68308,https://www.rifugiorosetta.it/,70,OSM,619
Bächlitalhütte SAC,SAC - CAS,241105805,66.4688,15.9878,2328,info@baechlitalhuette.ch,+41339731114,http://www.baechlital.ch,70,OSM,23
,,241170026,45.8973692,11.392715,1551.0,,,,,OSM,
Rifugio Monte Stino,Righetti Daniele,241279629,45.7638323,10.5499865,1396.0,,,,,OSM,
Jauchza! Hütte,Maria Hartl,241494807,46.9628332,13.7421969,1904.0,info@jauchzahuette-nockberge.at,+43 664 4553350,https://www.jauchzahuette-nockberge.at,,OSM,
Rifugio Kubelek,,241528857,45.8291491,11.452477,1195.0,info@rifugiokubelek.it,+39 0424 67038,https://www.rifugiokubelek.it/,,OSM,
,,241697804,45.811577,11.4102141,1295.0,,,,,OSM,
Rifugio al Granatiere,,241697895,45.8105406,11.3986718,1272.0,,,,,OSM,
Rifugio Granezza,,241963867,45.8157195,11.5261005,1242,,,https://www.rifugiogranezza.it/,,OSM,
Brunnecker Hütte,,242011475,47.7345114,14.9444491,1465,,,,,OSM,
Grinner Schihütte,Skiclub Grins,242248632,47.1455445,10.4877314,1651,,,,,OSM,
Augsburger Hütte,DAV Sektion Augsburg,242250125,47.16,10.49,2298,,+43 664 641 16 43,https://www.augsburgerhuette.at,54,OSM,235
Alpe Stockach,,242358213,47.5816792,10.2915684,983.0,,,,,OSM,
Dom na Osankarici,,242896460,46.4491862,15.4190961,1193,,,,,OSM,
Ruška koča,,242896461,46.4948408,15.508157,1246,,+386 41 666552,,,OSM,
,,243263081,47.2463702,14.7877789,1202.0,,,,,OSM,
Malga Miesnotta di Mezzo,,243494812,46.245857,11.6986666,1801.0,,,,,OSM,
Malga Miesnotta di Sopra,,243494815,46.2492346,11.6973018,1884.0,,,,,OSM,
Cabane de la Dent Blanche CAS,SAC - CAS,243581682,46.02027,7.6008,3507,dent-blanche@cas-jaman.ch,+41 27 283 10 85,https://www.cabane-dent-blanche.ch,34,OSM,436
Steinplan Schutzhaus,Naturfreunde,243631380,47.1631596,14.9043328,1670,,,https://www.naturfreunde-huetten.at/steiermark/steinplan-schutzhaus/,,OSM,
Refuge du Mont Thabor,Club Alpin Français,243644031,45.1234658,6.5997965,2490,,+33 4 79 20 32 13,https://refugedumontthabor.ffcam.fr/,,OSM,
Krumpalmhütte,,243702590,47.4908702,14.9437029,1428,,,,,OSM,
Sennhütte Ottenschwand,,243720726,46.617387,7.5890539,1544.0,,,https://ottenschwand.ch/,,OSM,
Penkerhütte,,244065244,46.9609979,13.7383443,1777.0,,,,,OSM,
Waldhüsli,,244214620,47.3681972,9.4162072,887.0,,,,,OSM,
Jausenstation Gamsblick,,244307907,47.1899875,12.477406,1317.0,,+43664 4778756,,,OSM,
Reithütte,,244540242,47.6723895,13.3205856,1296.0,,,,,OSM,
Posch'nhütte,,244540244,47.6763313,13.3214691,1285.0,office@genneralm.at,+43664 9166341,https://genneralm.at/de,,OSM,
Berglhütte - Rifugio Borletti,Hilli Jocham,244623271,46.5268429,10.5139629,2188,,+39 338 3877344,http://www.berglhuette.it/,,OSM,
Dom na Menini planini,,244673967,46.2619787,14.819162,1453,,,,,OSM,
Hochstadelhaus,,245210501,46.7585507,12.8900604,1780,,,,,OSM,
Refuge de la Pierre à Bérard,,245332356,46.0030096,6.8686923,1922,refugeberard@gmail.com,+33 4 50 54 62 08,https://refugeberard.wixsite.com/1924,40,OSM,
Alp Gamchi,,245426667,46.5302817,7.7874328,1666.0,,+41336762457,,,OSM,
Kaltenbachalm,,246267192,47.2796381,14.0794626,1600,,,,,OSM,
Erzherzog-Johann-Hütte,,246269192,47.2785968,14.0926199,1481.0,,+43 3686 4355,,,OSM,
Refuge du Goûter,Fédération française des clubs alpins et de montagne,246399016,45.8510883,6.8305967,3815,,,,,OSM,
Refuge de Tête Rousse,Club Alpin Français,246399018,45.8549387,6.8175254,3165,refugeteterousse@ffcam.fr,+33 4 50 58 24 97,https://www.refugeteterousse.ffcam.fr/,,OSM,
Refuge de Miage,,246399373,45.8391735,6.7599345,1564,refugedemiage@orange.fr,+33 4 50 93 22 91,https://www.refugemiage.com/,,OSM,
Auberge de Bionnassay,,246406606,45.8653359,6.75575,1330.0,,,http://www.auberge-bionnassay.com,,OSM,
Friedrichshafener Hütte,DAV Sektion Friedrichshafen,246634739,46.994722,10.215833,2138,,+436767908056,https://www.dav-fn.de/huetten/Friedrichshafener-Huette,55,OSM,217
Schlafhaus,,246634879,46.9947669,10.2154282,2142.0,,,,,OSM,
Menta-Alm,,246697501,46.9531478,10.1908422,1661.0,,,,,OSM,
Schäfler,,248347480,47.2761277,9.391273,1924,,+41 71 799 11 44,https://www.schaefler.ch/,,OSM,
Refuge de Chardonnière,Mr et Mme Michel NACHON,248688801,46.1404244,6.7741094,1360,graverruaz@orange.fr,+33 4 50 90 11 40,https://www.refuge-chardonniere.fr/,,OSM,
Refuge de l'Oriol de Sainte-Marguerite,,248879688,44.7969849,6.5937919,2026,,+33 4 92 23 06 34,https://loriol.pagesperso-orange.fr/,19,OSM,
Chalet Hôtel Refuge du Gioberney,,249158755,44.8409084,6.2814464,1635,gioberney1650@gmail.com,+33 6 24 75 14 14,https://gioberney.com,,OSM,
Refuge de Chabournéou,Club Alpin Français,249159678,44.8099763,6.3150065,1998,,+33 4 92 55 27 80,https://refugechabourneou.ffcam.fr/,,OSM,
Malga Ai Piani,,249332479,46.2271267,11.699651,1382.0,,,,,OSM,
Malga Ai Piani,,249332945,46.2273389,11.7001785,1402.0,,,,,OSM,
Skihütte Obererbs,Skiclub Elm,250170939,46.8997717,9.1128823,1700,mail@obererbs.ch,+41 55 642 50 53,https://obererbs.ch/,28,OSM,
Rifugio Monte Lefre,Rifugio Monte Lefre di Fabbro Gabriele,250271465,46.0605263,11.5521222,1300,,+39 333 434 9573,https://www.rifugiomontelefre.com/,,OSM,
Capanna San Lucio,Propaganda turistica Bogno,250696458,46.0864333,9.0891516,1541,info@capannasanlucio.ch,+41 91 9441829,https://capannasanlucio.ch/,22,OSM,
Rifugio Esterate,,251987390,44.2176694,7.4143798,1145.0,,,,,OSM,
Agriturismo Le Radici,,252215421,45.9674217,9.1060268,1051.0,info@leradiciagriturismo.it,+39 347 7403132,https://www.leradiciagriturismo.it/,,OSM,
Schutzhaus Masenberg,Fam. Roman Wilfinger GmbH,252825586,47.3488233,15.8753529,1256.0,,,,,OSM,
La cabane aux ânes,,252939183,45.027052,6.2702661,2506.0,,,,,OSM,
Vöslauer Hütte,,253233006,47.9796289,16.1638641,489,,+43 2252 71322,https://www.naturfreunde-huetten.at/niederoesterreich/voeslauerhuette/,,OSM,
Naturfreundehaus- Kranabethhütte,,253342814,47.8119079,13.7233663,1530,,+436502615596;+436643920001,https://www.kranabethhuette-feuerkogel.at/,,OSM,
Cabane d'Essertze,,253356372,46.148057,7.371963,2191,info@essertze.ch,+41 79 862 67 33,http://essertze.ch/,24,OSM,394
Rifugio Avanzà,Associazione Pro Loco Venaus,253661874,45.1708259,6.952329,2578,,+39 0122 50330,,,OSM,
Rifugio Schiazzera,Operazione Mato Grosso,253725158,46.2640154,10.2016152,2076.0,info@rifugioschiazzera.eu,+39 347 2608250,https://www.rifugioschiazzera.eu/,43,OSM,
Oberharbachalm,,253843700,47.1640923,13.1825803,1612,,,,,OSM,
Hühnerkaralm,,254024662,47.1364084,13.249866,1683.0,,,,,OSM,
Modereggalm,,254024666,47.1351094,13.2753453,1705.0,,,,,OSM,
Glettenalm,,254434587,47.1647576,13.3019075,1760,,,,,OSM,
Rifugio Jean-Antoine Carrel,Società Guide del Cervino,254529621,45.9730484,7.6477525,3829,,,https://www.guidedelcervino.com/capanna-carrel/,60,OSM,
Draugsteinalm-Steinmannhütte,Willi Huttegger  “Steinmannbauer”,254568994,47.1939501,13.2881136,1779,info@steinmannbauer.at,,http://www.steinmannbauer.at/de/alm/alm/,,OSM,
Draugsteinalm-Schrambachhütte,,254569109,47.1939944,13.2885473,1789.0,,+43 664 7670652,https://www.grossarltal.info/de/almen/draugsteinalm-schrambachhuette.html,,OSM,
Üćia de Fodara Vedla - Schutzhütte Fodara Vedla - Rifugio Fodara Vedla,,254880745,46.6356434,12.0609551,1973.0,rifugio@fodara.it,,http://www.fodara.it,,OSM,
Christebauerhütte,,254894512,46.8710036,13.3940534,1626.0,,,,,OSM,
Malga Vallazza,Francesco Turra,255119471,46.3414506,11.7906397,1947,,+39 0439 62674,,,OSM,
,Francesco Turra,255119472,46.3414971,11.7902774,1947,,,,,OSM,
Freschenhaus,Sektion Vorarlberg,255324844,47.298512,9.775530,1846,,+4915117642817,https://www.freschenhaus.at,53,OSM,90
Großhütten,,255538558,47.2350845,13.2616161,1288.0,,,,,OSM,
Malga Rialto,,255847883,45.6515597,11.2385039,1054.0,,,,,OSM,
Alpe Campiascio,,255914940,46.2607028,10.0234534,1686.0,,,,,OSM,
Bachalm,Christian Egger  “Untereben”,256214938,47.1917323,13.1770425,1493.0,,+43 6414 532,https://www.grossarltal.info/de/almen/bachalm.html,,OSM,
Warnsdorfer Hütte,Sektion Warnsdorf/Krimml,256335980,47.0930177,12.2516024,2336,info@warnsdorferhuette.at,+43 6564 8241,https://www.warnsdorferhuette.at/,88,OSM,
Berghaus Männdlenen,,256361621,46.66,07.96,2344,maenndlenen@gmail.com,+41338534464,https://www.berghaus-maenndlenen.ch,34,OSM,52
Staldenmaadhütte,SAC Kirchberg,256497691,46.5960,7.4996,1120,pbaumberger@bluewin.ch,079 607 10 77,https://www.sac-kirchberg.ch/clubhuette.php,38,OSM,304
Rifugio Dario Albasini,,256733995,46.2902722,10.8505432,1819.0,,,,,OSM,
Alp da Segl,,257314128,46.3931723,9.7757223,2072.0,,,,,OSM,
Alp Muot Selvas,,257510703,46.3790471,9.7883382,2069.0,,,,,OSM,
Chrüzhütte,,257645477,46.871274,8.4368678,1713,,,,,OSM,
,,257694363,46.5607221,7.5257517,1927.0,,,,,OSM,
,,257694367,46.5633719,7.5242502,1896.0,,,,,OSM,
Berggasthaus Dürrboden,,257816771,46.720868,9.9218302,2007,info@duerrboden.ch,+41 81 416 34 14,https://www.duerrboden.ch/,,OSM,
Rifugio Escursionistico Cespedosio,,257986872,45.926259,9.6490238,1000,,+39 349 6472491,,,OSM,
Bergeralm,,258066687,47.0043936,12.3982485,1845,,+43 676 9393 442,www.praegraten.at/bergeralm,,OSM,
Refuge de L'Oriol de Sainte-Marguerite,,258119354,44.7969682,6.5933556,2019.0,,,,,OSM,
Haldenseehaus,DAV Sektion Hohenstaufen Göppingen,258281265,47.4876564,10.5979855,1150,haldenseehaus@dav-goeppingen.de,+43 5675 8135,http://www.dav-hohenstaufen.de/haldenseehaus,,OSM,
Mähderhütte,,258822612,46.751297,13.4798868,1732,,,,,OSM,
"Rifugio militare alpino ""Brigata Alpina Taurinense""",Brigata alpina Taurinense,258840893,44.9027854,6.7957821,2019.0,,,,,OSM,
Trattoria Villanova,,258891716,44.7985219,7.055092,1243.0,,,,,OSM,
Kapelleralm,,258956895,46.7481806,13.4500528,1894,,+43 664 64 65 232,,,OSM,
Rifugio Cruello,,259084356,44.8158907,7.0878795,1150,,,,,OSM,
Dreieckhütte,,259204986,46.7166781,15.0447927,1471.0,,,https://www.komoot.com/de-de/highlight/317010,,OSM,
Pinzgauer Hütte,TVN,259246373,47.3228623,12.719105,1704,info@pinzgauer-huette.at,+43 6549 7861,https://www.pinzgauer-huette.at/,,OSM,
Rifugio Ciampai,,259258409,46.5555476,11.9153866,1890.0,,,,,OSM,
Areitalm,,259259148,47.30689,12.7668871,1400,,,https://www.dieareitalm.at/,,OSM,
Ferme du Danay,,260020298,45.9225724,6.4419821,1553.0,,,https://www.aravis-haute-savoie.fr/annonceurs_mini_site/saint_jean_de_sixt/restaurant_ferme_danay_saint_jean_sixt.html,,OSM,
Refuge du Promontoire,Club Alpin Français,260065646,44.9984364,6.3033877,3092,,+33 4 76 80 51 67,https://refugedupromontoire.ffcam.fr/,,OSM,
Rifugio Malga Mine,,260206887,45.9237217,10.1929767,1314,,,,,OSM,
Feuersteinhütte / Sattelalm,,260679671,47.0262589,10.9858672,1505,,,,,OSM,
Refuge du Grand Bec,FFCAM,260901361,45.4165001,6.7328295,2398,,+33 6 09 37 61 65,https://refugedugrandbec.ffcam.fr/,,OSM,
Falkensteiner Hütte,,260931841,48.117556,15.9490349,610,,+43 2774 2066,,,OSM,
Rauschalm,,261365838,47.6030491,15.3790289,1393,,,,,OSM,
Scheiklalm,,261398270,47.6196521,15.390115,1102.0,,,,,OSM,
Rifugio Bocchetta di Campiglia,,262006191,45.7786043,11.2279064,1243.0,,,,,OSM,
Stella d'Italia,,262121200,45.8964932,11.1950373,1536,,+39 0464 721347,,,OSM,
Refuge du Lac Blanc,,262228030,45.9817001,6.8919015,2352,contact@refuge-lac-blanc.fr,+33 7 67 56 74 14,https://refuge-lac-blanc.fr/,40,OSM,
Arzberghütte,Familie Spandl,262350882,47.4656611,15.8173498,1102,,+43 3336 4419;+43 664 4546861,,,OSM,
Schüttalm,,262450393,47.2927143,13.3394298,1725.0,,,,,OSM,
Geigerhütte,,262597337,46.7711055,13.8494232,1656,,,,,OSM,
Görlitzer Hütte,,262856561,47.0057935,14.8789395,1591.0,,,,,OSM,
Schrottalmhütte,,262870323,46.9896788,14.8821387,1450,,,http://preitenegg.net/Almhuetten/pages/IM002019.htm,,OSM,
,Gruppo Autonomo Montano,263209422,45.6824106,10.2285952,1102,,,,28,OSM,
Fließer Stieralphütte,,263255786,46.9993891,10.4237485,2280,,,,,OSM,
Heuberghütte,,263255804,47.0060558,10.5339924,2120,,,,,OSM,
Serfauser Ochsenberghütte,,263255817,46.9980768,10.5128641,1860,,,,,OSM,
Untermalfrag Zollhütte,,263255820,47.0000864,10.4151541,2440,,,,,OSM,
Zollhütte,,263255821,47.0180868,10.436953,2440,,,,,OSM,
Fließer Alpe,,263979936,46.9902587,10.4335791,2003,,,,,OSM,
Versingalpe,,263979956,47.0790728,10.4953417,1940,,,,,OSM,
Rifugio Militare del Forte di Orino,,264119416,45.8731907,8.7366881,1110.0,,,,,OSM,
Vordere Pollesalm,,264156544,47.0114615,10.9632184,1776,,,,,OSM,
Rifugio Pradut,,264163986,46.2561296,12.56501,1440,,+39 366 388 8477,https://www.facebook.com/RistoroCaseraPradut,,OSM,
Cabane de Chanrion,,264767050,45.939266,7.380848,2462,info@chanrion.ch,+41277781209,https://www.chanrion.ch/,59,OSM,379
Rifugio Baita Adamè,Associazione Gruppo Volontari Baita Adamè,264893180,46.1027216,10.5191714,2106,,,,,OSM,
Rifugio Alpino Gruppo di Polaveno,Gruppo Alpini di Polaveno,265332161,45.6763325,10.1345529,968,,,,,OSM,
Malga Campello,,265409801,46.2618883,10.5557926,2019,,,,,OSM,
Refuge les Arolles,,265632519,45.6570962,6.5335402,1880.0,restaurantrefugelesarolles@gmail.com,+33 4 79 38 12 63,https://lesarolles.org/,,OSM,
Rifugio Malghette,,266025884,46.2666309,10.8223671,1890,,,,,OSM,
Gîte de la Léchère,,266138362,45.92018,7.0987042,1699.0,info@gitedelalechere.ch,+41 27 783 30 64,https://www.gitedelalechere.ch/,,OSM,
Märchenkarhütte,Naturfreunde Rauris,266354640,47.0709435,12.9947067,1900,lorenz.egger@sbg.at,+43 664 1623361,https://www.naturfreunde-huetten.at/salzburg/maerchenkarhuette/,24,OSM,
Hochreicharthütte,,266358077,47.3773212,14.7088802,1513.0,,,,,OSM,
Grialetschhütte,,266727741,46.7101286,9.9605868,2542,grialetsch@sac-davos.ch,+41 81 416 34 36,https://www.grialetsch.ch/,58,OSM,444
Amstettner Hütte,OeAv Sektion Amstetten,267672194,47.8863891,14.7707724,923,,,,,OSM,
Rifugio La Maralsina,,267672492,46.2384897,10.4998404,1764.0,,,,,OSM,
Gletscherstube Märjelen,,271284021,46.440448,8.1020431,2360,aletsch@gletscherstube.ch,+41 27 971 47 83,http://www.gletscherstube.ch,34,OSM,
Bergrestaurant Farneralp,,271931628,47.2851338,8.9569667,1132.0,,+41552461286,https://farneralp.ch/,,OSM,
Unter Alpli,,272187082,47.3157299,9.0348206,1076.0,info@aelpli-krinau.ch,+41 71 988 27 05,https://www.aelpli-krinau.ch/,,OSM,
Chalet de Sautodoz,,272211133,46.4287638,6.971847,1803.0,sautodoz@protonmail.com,,https://sautodoz.wordpress.com/,,OSM,
Bivacco G.A.E.N.,,273446297,45.8820778,9.8580998,1215.0,,,,,OSM,
Hochleit'nalm,,274042959,47.3393545,13.0882225,1206.0,,,,,OSM,
Rifugio Gaspare Oberto - Paolo Maroli,Club Alpino Italiano Sezione di Macugnaga,274305272,45.9965492,7.9788401,2796,,,,24,OSM,
Refuge des Adus,,274438333,44.1244246,7.2444076,2116.0,,,,,OSM,
Wannenkopfhütte,,274445636,47.4377034,10.1974004,1350,info@wannenkopfhuette.de,+49 8322 978 520,https://www.wannenkopfhuette.de/,60,OSM,
Brochhütte,SAC Oberhasli,275386935,46.68073,8.13902,1499,info@brochhuette.ch,+41792590206,http://www.brochhuette.ch,43,OSM,206
Cabane de l'A Neuve CAS,CAS - Section Diablerets,277527632,45.949231,7.066975,2735,aneuve@cas-diablerets.ch,027 783 24 24,https://cas-diablerets.ch/cabanes/cabane-de-la-neuve/,20,OSM,277
La Balisa,,277865228,46.6541422,7.2430402,1415,,,,,OSM,
Pottschacher Hütte,,279151482,47.7145072,15.92864,914,,,https://www.pottschacherhuette.at/,,OSM,
Camona da Punteglias CAS,SAC - CAS,279799968,46.77722,8.95607,2311,info@punteglias.ch,+41819431936,https://www.punteglias.ch,26,OSM,240
Calandahütte SAC,SAC - CAS,279895744,46.8830303,9.4821894,2073,info@calandahuette.ch,+41 79 363 53 80,https://www.calandahuette.ch/,29,OSM,176
Koča na Planini pri Jezeru,PD Integral,280440399,46.3096935,13.8277447,1453,,+386 51 632 738,https://planinske-koce.si/koca_na_planini_pri_jezeru,,OSM,
Koča pri Triglavskih jezerih,Planinsko društvo Ljubljana-Matica,280441847,46.318736,13.77904,1685,info@pd-ljmatica.si,+386 40 620 783,https://planinske-koce.si/koca_pri_triglavskih_jezerih,,OSM,
Fridolinshütte,SAC Sektion Tödi,280905251,46.8213258,8.9500486,2111,fridolinshuette-sac@bluewin.ch,+41 55 643 34 34,http://www.fridolinshuette.ch,50,OSM,
Rifugio Quarzina,,280991289,44.1275227,7.8605151,1347,,,,,OSM,
Badushütte,SAC - CAS,281190385,46.6365684,8.668408,2503,info@badushuette.ch,,https://www.badushuette.ch/,18,OSM,21
Rifugio degli Invincibili,,283179288,44.8199159,7.134688,1356,info@rifugioinvincibili.it,,https://www.rifugioinvincibili.it/,,OSM,
Posto tappa,,283837815,44.9406309,7.0520464,1251.0,,,,,OSM,
Foresteria di Carnino,,285226721,44.1478239,7.7352608,1368.0,,,,,OSM,
Tripolihütte,,285382848,46.9685879,8.1775148,1763,,,,,OSM,
Waldhüsi,,285780628,46.6909822,7.2147596,1093,,,,,OSM,
Rifugio Balma,,285908136,44.2287269,7.7759343,1883,,,http://www.rifugiolabalma.it/,20,OSM,
La Pinte des Mossettes,,286241819,46.6535581,7.1964122,1066,,+41 26 927 20 97,https://www.lapintedesmossettes.ch/,,OSM,
Schutzhütte Wieseralm,Familie Wieser,287031329,47.3394441,15.2805174,1024,,,,,OSM,
Furgglenalp,,287051432,47.2553718,9.4332497,1500,,+41 71 799 16 37,https://furgglenalp.ch/,,OSM,
Hengsthütte,Andrea Postl,287464339,47.7580806,15.883648,1017.0,,,,,OSM,
Scheibenhütte,ÖAV Sektion Mürzzuschlag,287707822,47.6348607,15.6892591,1462,,,,,OSM,
Baita Bongio,Comune di Ballabio,288187997,45.8900806,9.4348313,916.0,,,,,OSM,
Rifugio Carlo Porta,Club Alpino Italiano sezione di Milano,288188156,45.9103139,9.3959847,1426,info@rifugioporta.it,+39 0341 590105,https://www.caimilano.org/rifugio-carlo-porta/,45,OSM,
Aljažev dom v Vratih,,288349283,46.4090312,13.8434213,1015,pd.dovje-mojstrana@siol.net,+386 4 589 10 30,https://www.pddovje-mojstrana.si/,,OSM,
Šlajmerjev dom v Vratih,PD Dovje - Mojstrana,288349286,46.4105718,13.843831,1015,,+386 31 221 012,https://planinske-koce.si/slajmerjev_dom_v_vratih,,OSM,
Cabane ONF de l'Infernet,ONF,288770020,44.932794,5.9359437,1792.0,,,,,OSM,
Rifugio Baita Fontaneto,Club Alpino Italiano - Sezione di Palazzolo sull'Oglio,288934427,45.9116139,10.3564555,1380,,,,,OSM,
Rifugio Primatesta,,289089100,45.7872555,8.3118966,970,,,,,OSM,
Deckerhütte,,289104406,46.9435072,13.985958,1527.0,,,,,OSM,
Wintertalerhütte,,289104407,46.9432544,13.9857296,1548.0,,,,,OSM,
Capanna Sociale Unerzio,,289225996,44.4393879,6.9902928,1631.0,,,,,OSM,
Casa Alpina Lidia Occhetti,,289225997,44.4394204,6.9903456,1631.0,,,,,OSM,
Rifugio Sette Selle,Società degli Alpinisti Tridentini,289394722,46.1323304,11.392362,2014,rifugiosetteselle@gmail.com,+39 0461 550101,http://www.setteselle.altervista.org/,24,OSM,
Pöllinger Hütte,,289617470,46.8234535,14.6696079,1641,,,https://saualpe.com/betriebe/poellingerhuette/,,OSM,
Kapelleralm,,289677335,47.2680228,12.9972294,1510,,,,,OSM,
Rifugio GASB,,289728576,45.7099049,8.3107862,670,,,,,OSM,
Rifugio Viola,,289759004,46.4192481,10.1616378,2314,info@valviola.it,+39 0342 985136,https://www.rifugioviola.it/,,OSM,
Grazer Hütte,,290326337,47.1972487,13.89951,1882,,+436642422349,https://www.grazer-huette.at/,,OSM,
Chamanna Cluozza,,290506699,46.662848,10.117651,1882,cluozza@nationalpark.ch,+41818561235,https://nationalpark.ch/besuchen/unterkunft/cluozza/,61,OSM,50
Baita La Zondra,,290693229,46.4332826,11.6645447,1984.0,,,,,OSM,
Seebodenhütte,,291643018,47.6536372,15.4284759,1810,,,,,OSM,
Rifugio Sandro Pertini,private,291725843,46.5020842,11.7246156,2300,,,https://www.rifugiopertini.com/en/,14,OSM,
Pastirska koča na planini Planinica,,291857681,46.4090116,14.2149782,1142.0,,,,,OSM,
Tomčeva koča,,291857682,46.409775,14.2088218,1185,,,,,OSM,
Krekova koča na Ratitovcu,PD za Selško dolino Železniki,292444927,46.2366433,14.090702,1642,,+386 31 669 944,https://planinske-koce.si/krekova_koca_na_ratitovcu,,OSM,
Rifugio Roda di Vael,Società degli Alpinisti Tridentini,292970157,46.4201666,11.630125,2283,info@rodadivael.it,+39 0462 764450,https://www.rodadivael.it/,49,OSM,624
,,293179352,46.3790957,13.8491069,2503.0,,,,,OSM,
Triglavski dom na Kredarici,PD Ljubljana-Matica,293182613,46.3789379,13.8487827,2515,,,,,OSM,
Koča na planini Razor,PD Tolmin,293211596,46.2356798,13.793192,1315,pdtolmin@gmail.com,+386 5 828 07 07,https://planinske-koce.si/koca_na_planini_razor,,OSM,
Planinski dom pri Krnskih jezerih,PD Nova Gorica,293307733,46.2886786,13.6962268,1385,,+38658280300,https://planinske-koce.si/planinski_dom_pri_krnskih_jezerih,,OSM,
Lochalm,,293327326,46.829301,13.0074251,1855,,,,,OSM,
Lochalm,,293327327,46.8291506,13.007607,1855,,,,,OSM,
Lochalm,,293327328,46.8290032,13.0076788,1855,,,,,OSM,
Lochalm,,293327329,46.8292353,13.0083958,1855,,,,,OSM,
Fischerhütte,Österreichischer Touristenklub,293407820,47.7725439,15.8097725,2049,,,,,OSM,
Ramozhütte SAC,SAC,293444439,46.7308787,9.6437495,2293,ramozhuette@sacarosa.ch,+41 81 356 55 02,https://sac-arosa.ch/ramozhuette/,23,OSM,246
Neue Fürther Hütte,Familie Scheurer,293475431,47.1654,12.4245,2201,info@fuerther-huette.at,0043 664 3224762,http://www.fuerther-huette.at,75,OSM,385
Kamniška koča na Kamniškem sedlu,Planinsko društvo Kamnik,293754005,46.3591822,14.5974486,1864,,+38681614989,https://kamniska-koca.si/,,OSM,
Alp Dros Bunom,,293777170,46.6526099,10.0145741,1957.0,,,,,OSM,
Dom Zorka Jelinčiča,PD Podbrdo,293789275,46.2310077,13.9314992,1835,,+386 31 260 400,https://planinske-koce.si/dom_zorka_jelincica_na_crni_prsti,,OSM,
Refuge du col de la Croix,,293789322,44.7029653,5.7803822,1458,,,,,OSM,
Stöcklalm,,293815670,47.0720106,13.5480027,1755,,,,,OSM,
Rifugio Monte Agnello,,293908116,46.3336659,11.5477882,2163.0,,,,,OSM,
Haus Eisensteinhöhle,ÖAV Sektion Wiener Neustadt,294414398,47.8304733,16.1436424,407,,,,,OSM,
Christophorushütte,,294570182,47.8160527,13.7220369,1592,,,,50,OSM,
Base Scout - La Centralina,Ente Fondazione Baden,294758113,46.2442805,9.4765297,872.0,outecodera@gmail.com,,,,OSM,
,,295541212,47.1894502,13.1672958,1678.0,,,,,OSM,
Maureckalm,,295558795,47.2292479,13.3098854,1655.0,,,,,OSM,
Lärchahütte,,295661517,46.8348804,13.0320104,1725.0,,,,,OSM,
Lärchahütte,,295661518,46.8348015,13.0322505,1725.0,,,,,OSM,
Rifugio Teodulo,C.A.I. Torino,295875967,45.9440576,7.7085029,3317,rifugioteodulo@libero.it,+39 166 94 94 00,https://www.cervinia.it/,60,OSM,
Tierberglihütte SAC,SAC - CAS,295949651,46.702072,8.414224,2795,info@tierbergli.ch,033 971 27 82,http://www.tierbergli.ch,78,OSM,305
Fluhalp,,296194839,46.0127444,7.8109183,2616,,+41 27 967 25 97,https://www.fluhalp.swiss/,30,OSM,
Refuge Jean Collet,Société des Touristes du Dauphiné,296279964,45.1924857,5.9673861,1952,,+33476083923,https://www.refugejeancollet.com/,,OSM,
Europahütte,,296802400,46.1056547,7.8059531,2220,,+41 27 967 82 47,https://www.randa.ch/tourismus/berghuetten/europahuette/,42,OSM,
Waldfreundehütte,,296946583,47.8142017,15.6666688,1464,,,,,OSM,
Jausenstation Laßhoferalm,,297055074,47.2417333,13.8032452,1270,,,https://www.lessach.at/system/web/gelbeseite.aspx?typ=6&bezirkonr=0&detailonr=224250319-848&menuonr=218715477,,OSM,
Stuttgarter Hütte,DAV,297173189,47.18041,10.20460,2310,stuttgarterhuette@alpenverein-schwaben.de,+43 6767580250,https://www.alpenverein-schwaben.de/huetten/stuttgarter-huette/,54,OSM,192
Brunnihütte SAC,SAC - CAS,297235007,46.8408902,8.4106408,1860,brunnihuette@brunni.ch,+41 41 637 37 32,https://brunni.ch/de/detail/brunnihutte,40,OSM,
Mozirska koča na Golteh,,297734965,46.3713934,14.9046987,1360,,,,,OSM,
Permoosalm,,298099910,47.2739165,13.3109075,1229.0,,,,,OSM,
Vorderzirmeggalm,,298099985,47.2600226,13.3033576,1672.0,,,,,OSM,
Vallmeritzalm,,298355600,47.058064,11.4337369,1980,,,,,OSM,
Lamprechthütte,,298383004,46.8648402,13.6571254,1660,,,,,OSM,
Thomannbauerhütte,,298383011,46.8597522,13.6498274,1697,,,,,OSM,
Gamswandalm,,298802185,47.7564592,13.36254,822.0,,,,,OSM,
Alexanderhütte,,298816150,46.8355483,13.586539,1786,info@alexanderalm.at,+43 664 6454920,https://www.alexanderalm.at/,,OSM,
Refuge de Plan Lombardie,,299069300,45.4002575,6.4309442,1804.0,planlombardie@gmail.com,+339 82 12 43 08,http://refugeplanlombardie.com/,,OSM,
Rifugio Lago Palù,,299278863,46.3038682,9.8687897,1965,,+39 0342 452201,https://www.rifugiopalu.it/,,OSM,
L'A de Bran,,299493021,46.2397055,7.5183457,1795.0,,,https://www.cabaneladebran.ch/,,OSM,
Tarrentonalm,,299859582,47.3280228,10.720543,1520,,,,,OSM,
Chalet de Chantovent,,300604808,45.232214,6.7298813,1665.0,chaletdechantovent@gmail.com,+33 6 51 32 81 51,https://www.chalet-chantovent.com/,,OSM,
Wieser Hütte,,300699918,46.7577553,13.7315807,1634.0,,,,,OSM,
Chamanna d'Es-cha CAS,SAC Bernina,300934238,46.611490,9.902741,2594,info@es-cha.ch,+41 81 854 17 55,https://www.es-cha.ch,42,OSM,25
Ortstockhaus,,301104651,46.948123,8.9765798,1772,,+41 55 533 59 31,https://www.ortstockhaus.ch/,27,OSM,
Baita del Sole,,301152738,46.4273311,9.3700615,1858.0,,,,,OSM,
Refuge de la Vogealle,Dominique et Doriane Rabot,301152836,46.1125981,6.8376408,1902,contact@refugedelavogealle.com,+33 4 58 00 14 85,https://refugedelavogealle.com/,,OSM,
Refuge d'hiver de Tête Rousse,,301191616,45.8550089,6.8179741,3139.0,,,,,OSM,
Rifugio Tallone,,301567338,44.2208062,7.1033187,2341.0,,,,,OSM,
Terzerhaus,,301651429,47.8111414,15.2483264,1622,office@terzerhaus.at,+43 699 12043852,https://www.gastro-event.at/terzerhaus.html,,OSM,
Chalet-Refuge de Chamoissière,,301908841,44.9955448,6.3854351,2106,,,,,OSM,
Refuge de Font-Turbat,Club Alpin Français,302547403,44.8649477,6.1777364,2178,,+33 4 76 30 29 23,https://www.fontturbat.com/,,OSM,
Refuge de Font-Turbat (ancien),,302547404,44.864921,6.1791781,2192.0,,,,,OSM,
Reisberger Hütte,,302578978,46.8238992,14.6761895,1472,,,https://saualpe.com/betriebe/reisbergerhuette/,,OSM,
Cabane de Pierre Grosse,,302615324,44.0679933,6.738972,2091.0,,,,,OSM,
Rifugio Alpe Caviano,Patriziato di Castel S. Pietro,302929835,45.8770821,9.0083489,970,,+41 77 478 45 00,http://caviano.ch/,,OSM,
Rifugio Colonnello Ferruccio Lorenzini,,303110360,45.9285885,10.1529014,1478,,,,,OSM,
Rifugio Fonteghi,Gobber Franca,303193375,46.1392164,11.8572842,1100,,,,,OSM,
Refuge Durier,Club Alpin Français,303225740,45.8253659,6.8118237,3358,,,,12,OSM,
Domhütte SAC,SAC - CAS,303244800,46.1027954,7.8176645,2940,info@domhuette.ch,+41 27 967 26 34,https://domhuette.ch,75,OSM,697
Jagerhütte,,303431519,47.1334235,10.6309163,1700,,,,,OSM,
Rifugio Quintino Sella al Felik,CAI Biella,303518020,45.9011242,7.7927831,3585,info@rifugioquintinosella.com,+39 0125 366113,https://www.rifugioquintinosella.com/index_d.asp,140,OSM,
Cabane du Pré d'Antoni,,303765563,44.638927,6.3625601,1850,,,,,OSM,
Latschenalm Krispl-Gaißau,,303862105,47.722915,13.2379352,1381.0,,+436641050371,,,OSM,
Wildalm,,304571066,47.3588387,12.44755,1420,,,,,OSM,
Rifugio Antonio Omio,Società Escursionisti Milanesi,304597254,46.249474,9.5675292,2104,info@rifugioomio.it,+39 0342 640020,https://www.rifugi.lombardia.it/de/sondrio/val-masino/hutten-omio.html,46,OSM,
Rifugio Bonacossa,C.A.I. sezione di Milano,304597255,46.287643,9.6637655,2387,,+39 342 645 161,https://rifugioallievibonacossa.it/,70,OSM,
Rifugio Francesco Allievi,,304597256,46.2876977,9.6640834,2402.0,,,https://www.caimilano.org/rifugio-allievi-bonacossa/,,OSM,
Rifugio Luigi Gianetti,CAI Sezione di Milano,304597257,46.2805845,9.5841911,2534,mimmo@fiorellisport.it,+39 342 645 161,https://www.rifugi.lombardia.it/sondrio/val-masino/rifugio-gianetti.html,78,OSM,
Rifugio Cesare Ponti,C.A.I. sezione di Milano,304597534,46.2512651,9.7227559,2559,gestore@rifugioponti.it,+39 0342 611455,https://www.rifugioponti.it/,60,OSM,
Rifugio Rasega,,304598059,46.261044,9.6710195,1151,,+39 0342 048668,https://www.rifugiorasega-valdimello.com/,,OSM,
Casera Pioda,ERSAF,304598124,46.2651811,9.6899597,1559,,+39 0342 605580,,12,OSM,
Luna Nascente,,304599076,46.2565765,9.6603093,1089.0,,,,,OSM,
Rifugio Scotti,,304599161,46.2227111,9.6780365,1466,info@rifugioscotti.it,,http://www.rifugioscotti.it,,OSM,
Rifugio Poschiavino,,305193107,46.303471,9.9302853,1976.0,info@rifugioposchiavino.it,+39 347 3252242,http://rifugioposchiavino.it/,,OSM,
Naturfreundehaus Rietlig,,305333683,46.8886436,8.729632,1644.0,nfh.rietlig@gmail.com,+41 41 879 15 98,https://rietlig.nfh.ch/,,OSM,
Lufthütte,Jugend SAC Bachtel,305476943,47.0560361,8.9228284,1433,,,https://www.jo-bachtel.ch/lufthuette.php,,OSM,
Châlet de la Petite Berge,,305700081,45.683044,6.6517415,2060,,,,,OSM,
Refuge du Plan de la Lai,Club Alpin Français,305700835,45.6932982,6.6690754,1822,,+33 4 79 89 07 78,https://chaletplandelalai.ffcam.fr/,,OSM,
rifugio Bernasca,Comune di Colorina,306096270,46.1067526,9.7320875,2094,,+39 0342 492113,http://www.comune.colorina.so.it/po/mostra_news.php?id=338&&area=H,16,OSM,
Claridenhütte,SAC Sektion Bachtel,306436183,46.8595303,8.9357535,2453,claridenhuette@bluewin.ch,+41 55 643 31 21,https://www.claridenhuette.ch/,74,OSM,
Muttseehütte SAC,SAC Sektion Winterthur,306436186,46.8574851,9.0187688,2501,mail@muttseehuette.ch,+41 55 643 32 12,https://www.muttseehuette.ch/,76,OSM,229
Rifugio La Canua,Operazione Mato Grosso,306453083,46.0864636,9.2344723,1520,info@rifugiocanua.it,+39 335 8097897,https://www.rifugiocanua.it/,22,OSM,
Skihütte Mülibachtal,,307661352,47.0109698,9.1839776,1763,werner.luchsinger@bluemail.ch,+41 79 291 23 49,https://elm.ch/de/map/detail/skihuette-muelibachtal-2583cb04-8c94-435c-b2b6-78ef84b29ab4.html#/,40,OSM,
Lidernenhütte SAC,SAC - CAS,307677300,46.935185,8.692670,1727,info@lidernen.ch,+41418202970,https://www.lidernen.ch,85,OSM,5
Alpenfreundehütte,Alpenfreunde,308326988,47.7424685,15.834566,1569,,,,,OSM,
Le Grillet CAS,CAS Jaman,309492440,46.4746957,6.9107049,1147.0,,,https://www.cas-jaman.ch/content/chalet-le-grillet,,OSM,
Jausenstation Wildries,,310841074,47.4248808,10.0653485,1214.0,,+43 664 9989608,https://www.wildries.at/,,OSM,
Otto-Kandler-Haus,Sektion Sankt Pölten,310937053,47.984543,15.4988857,1195,,,,,OSM,
Heinrich-Krempel-Hütte,Österreichischer Bergrettungsdienst,310992909,47.7748267,15.7893871,1561,,,,,OSM,
Schneebar Alp Ruschein,,311489027,46.8492238,9.1594841,2148.0,,+41793818288,,,OSM,
Campel Alt,,312063104,46.3302608,9.2716871,2031.0,,,,,OSM,
Campel Bass,,312063106,46.3241879,9.2642667,1723.0,,,,,OSM,
,,312083623,46.324672,9.2403891,1345.0,,,,,OSM,
,,312083679,46.3244609,9.2432489,1307.0,,,,,OSM,
,,312109035,46.3110109,9.2339472,1264.0,,,,,OSM,
,,312109036,46.3306264,9.2718096,2031.0,,,,,OSM,
Val Gamba,,312390911,46.3033973,9.2636783,1469.0,,,,,OSM,
,,312391412,46.3122349,9.248429,1807.0,,,,,OSM,
,,312391413,46.3121919,9.2483347,1807.0,,,,,OSM,
Groven,,312392121,46.3261433,9.1720191,1774.0,,,,,OSM,
Annaberger Haus,Alpenverein Gebirgsverein,312596378,47.873668,15.421109,1377,,+43 272820459,http://www.annaberger-haus.at,44,OSM,146
Rifugio privato,,313110245,44.485594,7.3552736,1000,,,,,OSM,
"Rifugio Partigiano ""Carlo Fissore""",,313373237,44.498767,7.3085834,1283.0,,,,,OSM,
Rettenegghütte,Barbara Gsenger,314156417,47.6454277,13.4494128,1211,barbara.gsenger@gmx.at,+436645882489,https://www.rettenegghuette.at/,,OSM,
Vermigelhütte,SAC - CAS,315017276,46.5945695,8.6579875,2042,vermigel@sac-zofingen.ch,+41 41 887 17 73,https://www.vermigelhuette.ch/,34,OSM,318
Bifertenhütte,AACB Akademischer Alpenclub Basel,315247870,46.814491,9.026486,2482,,+41 81 941 23 36,http://www.biferten.ch,23,OSM,254
Murauer Hütte,OEAV Sektion Murau,315423411,47.0835424,14.151426,1583,,+433532 2733,https://www.murauerhuette.at/,,OSM,
Rifugio Griera,Alessandro Cimnaghi,316844906,46.0754444,9.4026147,1730,,+39 371 3975540,https://www.rifugiogriera.it/,30,OSM,
Refuge de Mévonne,,317012729,46.3003352,6.5955455,1230.0,refugedemevonne@gmail.com,+33 6 42 07 09 60,https://refuge-mevonne.fr/,,OSM,
Mösere Hütte,Skiclub Malters,317196019,46.9782085,8.1762608,1325,,,https://www.sc-malters.ch/,,OSM,
Rifugio Bar Bianco,,317502882,46.0963711,9.5357534,1506,,+39 347 4188104,,,OSM,
Tigias Plang Faller,,319015991,46.5039845,9.580712,1946.0,mail@plang-faller.ch,+41 76 477 06 96,https://www.plang-faller.ch/,,OSM,
Dom na Lovrencu,,319094452,46.3252838,14.3917741,860,,,,,OSM,
Adambauerhütte,,319287028,47.4137157,13.9977611,1430,,,,,OSM,
Schönwetterhütte,,319287477,47.4127055,13.9988802,1442,,+43 3684 31038,https://www.schoenwetterhuette.at/,,OSM,
Cufercalhütte SAC,SAC - CAS,319354286,46.593356,9.359021,2385,info@cufercal.ch,+41799546571,http://www.cufercal.ch,23,OSM,165
Zapporthütte SAC,SAC,319654454,46.500000,9.093930,2276,info@zapporthuette.ch,+41816641496,https://www.zapporthuette.ch,24,OSM,371
Alp Nurdagn,,319760531,46.6184612,9.3436693,2264.0,,,,,OSM,
Camaner-Ställi,,319913454,46.658816,9.2817429,1777.0,,,,,OSM,
Maso Picosta,,319933171,46.058813,11.649146,1325,,,,,OSM,
Rodelhütte,,320727818,47.6215902,13.5910386,835,,,,,OSM,
Rifugio Maranza,Paolo Betti,320980323,46.0276086,11.1656518,1080,,,https://www.rifugiomaranza.it/,,OSM,
Hoametzl Hütte,,321486131,47.4786496,12.5989506,1160,info@hoametzl.at,+43 676 6064415,https://hoametzl.at/,,OSM,
Chamanna da Tschierva,SAC Bernina,321827379,46.4038781,9.8800845,2583,tschierva-sac@bluewin.ch,+41 81 842 63 91,https://tschierva.ch,100,OSM,487
Rifugio Tetras Lyre,,322272031,45.5156337,7.2060602,1996,,,https://www.rifugiotetraslyre.it/,41,OSM,
Goldberghütte,,322508137,46.9369939,13.055057,1760,,,,,OSM,
Baita Sezionale Candido Viberti,CAI Sezione di Rivoli,322840101,45.1122387,6.9004648,1800,,,http://www.cairivoli.it,,OSM,
Niderhornhütte,,322940827,46.6106979,7.4058048,1394,,,http://www.niderhornhuette.ch/,,OSM,
Våstlhütte,Hotel Hochschober,323489925,46.891021,13.8950553,1800,,+43 4275 8213,,,OSM,
Schreckhornhütte SAC,SAC - CAS,323613997,46.582222,8.098848,2530,schreckhornhuette@bluewin.ch,0041338551025,https://www.schreckhornhuette.ch,56,OSM,204
Casél di Amis,,324065076,45.7269083,9.6905473,557.0,,,,,OSM,
Partizanski dom na Vodiški planini,,324199849,46.293251,14.1802805,1110,,,,,OSM,
Goška ravan,,324206183,46.3166081,14.1328705,930,,,,,OSM,
Rifugio Alpini di Serle,,324607825,45.5883757,10.3608669,807.0,,,,,OSM,
Emser Skihütte,Ski- und Snowboardclub Domat - Ems,324914407,46.7982699,9.4803892,1940,,,https://www.snowsport-ems.ch/,,OSM,
K-Alm,,325017263,46.9231818,13.8702113,1781.0,,,,,OSM,
Karalm,,325025172,47.2317907,13.0269366,1418,,,,,OSM,
Georg's Einkehr,,325154478,46.9415693,13.8892866,1407.0,,,,,OSM,
Chamanna Georgy,,325706853,46.487882,9.955766,3175,,0793399765,https://www.chamanna-georgy.ch,20,OSM,290
Halterhütte,,325783786,46.8607093,13.8284498,1871.0,,,,,OSM,
Leiterhütte,,325783875,46.8603583,13.8274773,1874.0,,,,,OSM,
Bergeralm,,325947946,47.4005302,12.6647141,1542.0,,,,,OSM,
Berglihütte SAC,SAC - CAS,326835390,46.5667953,8.0205381,3299,chr.nebiker@alpinice.ch,,,20,OSM,161
Glecksteinhütte SAC,SAC - CAS,326835393,46.625111,8.096502,2317,welcome@gleckstein.ch,+41338531140,http://www.gleckstein.ch,88,OSM,2
Bäregg,,326835394,46.6004535,8.0600386,1775,,+41 79 121 09 09,https://www.baeregg.com/,,OSM,663
Cabane des Clés,,326884785,46.5677489,7.0248555,1329.0,,,https://www.cas-gruyere.ch/fr/cabanes/cabane-des-cles/,,OSM,
Chalet de la Vuagère,Club Alpin Français,328199862,46.1802723,6.4448333,1200,,+33 4 50 36 82 28,https://chaletlavuagere.ffcam.fr/,,OSM,
Fergenhütte SAC,Schweizer Alpen-Club Sektion Prättigau,328299240,46.868973,9.9647615,2141,fergenhuette@sac-praettigau.ch,+41 79 848 08 25,https://www.sac-praettigau.ch/,21,OSM,241
Berghaus Vereina,,328302355,46.814189,9.9827165,1943,,+41 81 422 12 16,https://www.berghausvereina.com/,50,OSM,
Naturfreundehaus Ganzalm,Naturfreunde Mürzzuschlag,328514955,47.563879,15.7155416,1382.0,,,https://ganzalmhaus.naturfreunde.at/,,OSM,
Haghütte,,329844843,46.8847115,8.449292,1512.0,,,,,OSM,
Chamonas d'Ela CAS,SAC-Sektion Davos,329985499,46.618768,9.691876,2252,ela@sac-davos.ch,+41 78 878 98 41,http://www.sac-davos.ch/Sektion/Huetten/Ela-Huette-SAC.aspx,26,OSM,182
Rifugio Alpini di Gargnano,Associazione Nazionale Alpini,330807934,45.7097739,10.666275,1007,,,,,OSM,
Chamanna Jenatsch CAS,SAC Bernina,330875969,46.530168,9.720377,2652,info@chamannajenatsch.ch,081 833 29 29,http://www.chamannajenatsch.ch/,70,OSM,157
,,330878780,46.5076947,9.8190669,2490.0,,,,,OSM,
Capanna Tamaro,UTOE Bellinzona,330981859,46.1082418,8.8811019,1867,,+41 91 946 10 08,http://www.utoe.ch,60,OSM,
Kesch-Hütte SAC,SAC,331011052,46.6451653,9.8751926,2625,kesch@kesch.ch,+41 81 407 11 34,https://www.kesch.ch/,92,OSM,4
Chamanna dal Linard,Club Alpin Svizzer - Secziun Engiadina Bassa,331012435,46.7794072,10.0829704,2327,linard@alpinist.ch,+41 79 629 61 91,http://www.linardhuette.ch,38,OSM,
Refuge de Chavan,Claudius Felisaz,331351214,46.182613,6.5632369,1600,,,,,OSM,
Ober Zingel,,331895250,46.8363197,8.3604942,1543.0,,,,,OSM,
Casa Alpina Rifugio Evelina Ostorero,,331966984,45.0374755,7.2464509,966.0,,,,,OSM,
Naturfreunde Haus,,332215425,46.9615972,9.5208107,1310.0,,,,,OSM,
Locale Invernale Gastaldi,CAI,332264817,45.2977091,7.1427223,2653.0,,,,,OSM,
Konkordiahütte SAC,Schweizer Alpenklub SAC,332321522,46.5004564,8.0532065,2850,info@konkordiahuette.ch,+41 33 855 13 94,https://www.konkordiahuette.ch/,155,OSM,12
Rifugio Massero,Parco Naturale Alta Valsesia,332878342,45.9133941,8.0164503,2082,,,,20,OSM,
Berggasthaus Bannalpsee,,332881226,46.8698665,8.4280097,1610,,,,,OSM,
Gandegghütte,,332895975,45.9641387,7.7255863,3029,info@gandegg.ch,+41 79 607 88 68,https://www.gandegg.ch/,48,OSM,
Huaba Hittn,,333102872,46.7068546,13.9106132,1605.0,,+43 42478553,,,OSM,
Rifugio Al Legn,Associazione Amici della Montagna Brissago,333351700,46.1223782,8.667169,1785,rifugiolegn@gmail.com,+41 79 823 98 07,http://www.legn.ch,12,OSM,
,,333351702,46.2224533,8.956397,1843.0,,,,,OSM,
Capanna Bovarina,UTOE sezione di Bellinzona,333351720,46.56027,8.88841,1870,capannabovarina@gmail.com,+41918721529,http://www.bovarina.ch,35,OSM,49
Capanna Cristallina,CAS Ticino,333473508,46.472528,8.526301,2575,cristallina@casticino.ch,+41 91 869 23 30,http://capannacristallina.casticino.ch,108,OSM,20
Capanna Alpe di Lèis,Patriziato di Preonzo,333481247,46.2483485,8.9329981,1801,,,https://www.ticino.ch/de/alpineHuts/details/Capanna-L%C3%A8is/13392.html,14,OSM,
Capanna del Pairolo,SAT Lugano,333538952,46.0627768,9.0448677,1347,,,https://www.capanna-pairolo.ch,40,OSM,
Capanna Scaletta,SAT Lucomagno,333541371,2.715043,1.162932,2205,scaletta@satlucomagno.ch,+4191 872 26 28,https://www.satlucomagno.ch/wordpress/capanna-scaletta,54,OSM,135
Rifugio Vallè,,333851988,45.9044712,7.9939367,2180,,,,20,OSM,
Wildbachhütte,,334658809,46.9510526,13.8668446,1370,,,,,OSM,
Rifugio Spanna-Osella,Associazione Nazionale Alpini di Varallo,334666078,45.7937623,8.2167116,1623,,,,20,OSM,
Rifugio Bar Alpino - Pozza del Favero,,336237423,45.8135683,11.4687122,1270,,04441497097,https://www.facebook.com/RifugioBarAlpino,,OSM,
Alp Vaüglia,,336753070,46.5885052,10.0289785,1960.0,,,,,OSM,
Rifugio Saoseo CAS,SAC - CAS,336941782,46.3970291,10.118632,1985,info@saoseo.ch,+41 81 844 07 66,https://www.saoseo.ch/,80,OSM,341
Alp Hohbiel,,337134790,46.8083845,8.4958416,1673,,,https://www.alp-hobiel-surenen.ch/,,OSM,
Bietschhornhütte,,337193680,46.3950044,7.8170297,2565,info@bietschhornhuette.ch,+41 79 609 11 89,https://bietschhornhuette.ch/,22,OSM,
Chamanna Coaz CAS,SAC - CAS,338075636,46.38169,9.82834,2610,info@coaz.ch,+41818426278,https://www.coaz.ch,55,OSM,386
Rifugio Cai Città di Casale Monferrato,Cai Casale Monferrato,341800667,45.8578067,7.7319935,1615,,,,36,OSM,
Menggalm,,343286684,47.6539818,14.604053,738.0,,,,,OSM,
Bivouac du Dolent,"CAS, section de la Gruyère - Bulle",346317094,45.9272625,7.0690058,2667,,,https://www.cas-gruyere.ch/fr/cabanes/bivouac-du-dolent/,12,OSM,
Rifugio Alpe Stavello,,352767262,46.0758583,9.5128784,1943,,+39 334 7652242,,,OSM,
Rifugio La Porta del Sole,La Locanda di Upega,353390013,44.1288463,7.7273348,1314.0,,,https://locandaupega.com/rifugio/,,OSM,
Schwarzenberghütte,Sektion Oesterr. Gebirgsverein,354310675,47.1355554,12.7642033,2267,,,,,OSM,
Velo della Madonna,Società degli Alpinisti Tridentini,355326941,46.231342,11.8427414,2358,ingo@rifugiovelodellamadonna.it,+39 0439 768731,https://www.rifugiovelodellamadonna.it/,68,OSM,
Rifugio Casarota,Società degli Alpinisti Tridentini,355347068,45.9544206,11.195496,1572,paolo.moschen@virgilio.it,+39 0464 783677,,38,OSM,
Gozdarska koča Šumik,,358319042,46.484819,15.4443531,1100,,,https://posestvosumik.com/,,OSM,
Wachlingerhütte,,358809388,47.409983,14.000858,1470,,,,,OSM,
Schleinhütte,,358809410,47.4094883,14.004146,1500,,,,,OSM,
Gleiwitzer Hütte,Deutscher Alpenverein Sektion Tittmoning,358873985,47.21827,12.76900,2176,,+4915119029849,https://www.gleiwitzerhuette.at,45,OSM,223
Gewürzalmhütte,,359876234,47.4562852,14.2706314,1330,,,,,OSM,
Kreuzeckhaus,DAV Sektion Garmisch-Partenkichen,360293635,47.45216,11.06610,1652,,+49 8821 2202,https://www.kreuzeckhaus.net,46,OSM,373
Gerachhaus,,361020925,47.2382092,9.7276707,1550,,,,,OSM,
untere Kälberalm,,361256295,47.4481707,11.2997723,1186.0,,,,,OSM,
Capanna Ristorante Cimetta,Sci Club Gardada,361313812,46.2006935,8.7888452,1635.0,,+41 91 743 04 33,https://www.ticino.ch/de/alpineHuts/details/Bergh%C3%BCtte-Cimetta/13373.html,27,OSM,
Brunstalm - Malga Brusada,,361390714,46.7316962,12.0676762,1898,selina.steinwandter@gmail.com,,https://www.olang.com/de/infos/brunst-alm_4479,,OSM,
Rifugio Baita Monte Cauriol,,361715944,46.2603156,11.5989586,1600,,,,,OSM,
Rifugio Marco Balicco all'Azzaredo,Club Alpino Italiano,362516946,46.0548985,9.6634799,1963,,,,,OSM,
Osteria Alpina,"Associazione ""Amici della Val Codera""",362615784,46.2392931,9.473418,885.0,,+39 0343 62037,https://www.osteriaalpina.it/home-page.html?lSite=it,,OSM,
Fendler Alm,,362628334,47.0340979,10.6954695,1980,,,,,OSM,
Grotzli,,362839382,46.9832945,8.2088059,1348.0,,,,,OSM,
Refuge Robert-Blanc,,362949882,45.7653871,6.7744292,2750,,+33 4 79 07 24 22,https://refugerobertblanc.fr/,,OSM,
Rifugio Albergo Miralago,,363001211,46.3806445,11.8029495,1920,,,,,OSM,
Obergestelenhütte,Katrin + Bruno Reiss,363348831,46.58672,7.43225,1800,obergestelen@sac-bluemlisalp.ch,+41794803674,http://www.sac-obergestelen.ch,30,OSM,417
Chalet-Refuge de la Thuile,,363687778,45.589183,6.3646122,1770,,,,10,OSM,
Rifugio Comino,,363749129,44.2274786,7.7099227,1785,,,,,OSM,
Rifugio al colle Balur,,363751984,44.2426204,7.4579565,1765.0,,,,,OSM,
Rifugio Federico Augusto,,363936658,46.5004073,11.7451847,2300,info.friedrichaugust@gmail.com,+39 0462 764919,,,OSM,
Rifugio Alfredo Talarico,Club Alpino Italiano sezione Genova,364250617,44.3235297,6.981958,1748.0,rifugio_talarico@cailiguregenova.it,+39 320 362 708 9 ; +39 0171 96664,https://www.cailiguregenova.it/index.php?option=com_content&view=article&id=38:rifugio-talarico&catid=6:rifugi&Itemid=50,,OSM,
Rifugio Passo Paradiso,,364308783,46.2389949,10.5805177,2567.0,,,,,OSM,
Steinberger Hütte,,365543588,46.7309755,14.9960985,1563.0,,,https://www.region-lavanttal.at/erleben/ausflugsziele-und-sehenswuerdigkeiten/pois/KTN/d49b2e47-e8ef-4663-88d5-006a9aae8d89/steinberger-huette,,OSM,
Tičarjev dom na Vršiču,PD Jesenice,365555872,46.4327441,13.7445596,1620,,,,,OSM,
Rifugio Paralup,,365840462,44.360864,7.3431659,1382.0,,,,,OSM,
Steinwender Hütte,,366711742,46.6935391,13.8747028,1469.0,,,,,OSM,
Tobiasalm,,367339877,47.1469429,14.8919033,1275,,,,,OSM,
Planinski dom Tamar,Vesna Rateče d.o.o.,368266384,46.4460957,13.7133979,1108,bernikmartina@gmail.com,+386 4 5876055,https://www.planinske-koce.si/planinski_dom_tamar,,OSM,
La cabane du Vieux Emosson,,368444814,46.0624608,6.9003517,2175.0,,+41 79 342 95 66,http://www.cabaneduvieux.ch,,OSM,
Rifugio Alp d'Albion,,368631948,46.2567308,9.2347997,1600,,,,4,OSM,
Lavarellahütte - Rifugio Lavarella,,368645471,46.611228,12.0069906,2050,rifugio@lavarella.it,+39 0474 501094,https://lavarella.it,,OSM,
Refuge du Chardonnet,Nicolas Purson,368746100,45.0257137,6.5318773,2220.0,,,,,OSM,
Marienbergalm,,368990726,47.3420845,10.8995167,1622.0,,,,,OSM,
,,369255487,44.9331469,6.7860598,2023.0,,,,,OSM,
Goldeckhütte,Alpenverein Spittal,369686412,46.7610863,13.4693566,1916.0,,,,,OSM,
Schutzhaus Eisernes Tor,,369996947,48.0075564,16.1349753,834,,,,,OSM,
Höllentalangerhütte,DAV Sektion München,370669072,47.4380,11.02523,1387,,+49 8821 9438548,https://www.davplus.de/hoellentalangerhuette,120,OSM,73
Kohlmaier Hütte,,370687898,46.8750454,13.4215857,1512,,,,,OSM,
Unterbergalm,,371684540,47.1962834,11.796832,2016.0,,,,,OSM,
Grillerhütte,,371956899,47.2804304,14.3390167,1763,,,,,OSM,
La Pouya,,372454369,44.9222891,5.7205287,1185.0,,,,,OSM,
Bergsteigerhütte Hohe Wand,Naturfreunde Wiener Neustadt,372746119,47.8345255,16.01541,1024.0,,,,,OSM,
Gaulihütte SAC,SAC - CAS,372751140,46.623745,8.216584,2205,info@gaulihuette.ch,+41 33 971 31 66,https://www.gaulihuette.ch,65,OSM,27
Gasthaus Rührer,,372787361,47.5040681,15.3214778,1161.0,,,https://www.bruendlweg.at/index.php/einkehrn/ruehrerhof,,OSM,
"Ristoro ""San Martino""",,372980705,45.9262782,8.7446526,1084,info@rifugiosanmartino.com,+39 338 9523480,,,OSM,
Lärchenhütte,,374408294,46.8644644,13.7907201,1670,laerchenhuette@aon.at,+43 676 62291,https://www.laerchenhuette.com,,OSM,
Rifugio Chionea,Comune di Ormea,375481476,44.1522105,7.8928922,1109.0,,,,10,OSM,
Base Scout - La Casera,,375677413,46.2621774,9.5231278,1240,,,https://www.scoutcodera.it/index.php/dove/la-casera,,OSM,
Rifugio Pian dell'Arma,,375756595,44.1180571,7.935526,1355.0,,,https://www.rifugiopiandellarma.it/,,OSM,
Mittellegihütte,Grindelwalder Bergführerverein,376355126,46.583412,8.022527,3355,,+41 33 853 03 66,https://www.mittellegi.ch,36,OSM,338
Refuge de Presset,Club Alpin Français,377945192,45.6483191,6.6638694,2514,,+33 6 87 54 09 18,https://refugedepresset.ffcam.fr/,,OSM,
Malga Fossernica di dentro,,378749292,46.2249542,11.6429582,1785,,,,,OSM,
Malga Fiamena,,378750332,46.1942494,11.7053003,1745.0,,,,,OSM,
Malga Boalon,,378750825,46.1866644,11.7299211,1757.0,,,,,OSM,
Malga Boalon,,378750826,46.1871537,11.7292829,1757.0,,,,,OSM,
Rifugio Punta Ces,,378752744,46.2677764,11.759768,2227,,,,,OSM,
Tilisunahütte,Sektion Vorarlberg,378887261,47.024591,9.872610,2211,h.fitsch.tilisunahuette@gmx.at,+43 664 1472896,http://www.tilisuna-huette.at,110,OSM,91
Koča na Mangrtskem sedlu,PD Bovec,378961421,46.4388809,13.6405231,1906,,+386 51 630 863,https://planinske-koce.si/koca_na_mangrtskem_sedlu,,OSM,
Dom Dr. Klementa Juga,PD Nova Gorica,379810222,46.3036667,13.6817658,700,lepena17@gmail.com,+386 5 996 95 04,https://planinske-koce.si/dom_dr_klementa_juga_v_lepeni,,OSM,
Koča pod Bogatinom,PD Srednja vas v Bohinju,379814531,46.2877232,13.7633523,1513,,+386 4 828 03 05,https://planinske-koce.si/koca_pod_bogatinom,,OSM,
Dom na Komni,PD Ljubljana-Matica,379815408,46.2844192,13.7734023,1520,,,,,OSM,
Rifugio Piero Garelli,Club Alpino Italiano sezione di Mondovì,380137580,44.1888128,7.6877334,1970,,,https://www.rifugiogarelli.com/,90,OSM,
Untere Vastlhütte,privat,380439904,46.892754,13.883259,1476,,,,,OSM,
Rifugio Consorzio Prati di Brusada m.1555,,380531428,46.1740812,9.5113934,1540.0,,,,,OSM,
Rifugio Dolomites Monte Rite,CAI,382561795,46.3839901,12.2562878,2183,,,,,OSM,
Rifugio Remauro,,382562642,46.3748853,12.2606224,1536,,,https://www.rifugioremauro.it/,,OSM,
Malga Ciauta,,383696222,46.4231191,12.1878071,1550.0,,,,,OSM,
"Rifugio ""Alba Maria De Luca"" Venezia",,383696227,46.4155761,12.1565265,1936,,,https://www.rifugiovenezia.it/,,OSM,
Rifugio Giampietro Talamini,,383696228,46.3930115,12.2094172,1582,,,,,OSM,
Rifugio Ciaréido,Club Alpino Italiano,383859034,46.5128619,12.3969551,1969,,,,,OSM,
"Rifugio ""Capanna degli Alpini""",,383877715,46.4806316,12.2898715,1387,,,,,OSM,
Rifugio Chiggiato,,383877717,46.4828415,12.3474338,1911,,,,,OSM,
Halserhütte,,384079138,47.26691,14.2902824,1799.0,,,,,OSM,
Roseggerhaus,Naturfreunde Ratten,384109561,47.5457919,15.7396881,1588,,,https://roseggerhaus.naturfreunde.at/,,OSM,
"Rifugio ""Tenente Giuseppe Fabbro""",,384572048,46.485512,12.5872014,1796,,+39 0435460357,https://www.rifugiofabbro.it/,,OSM,
Hochkaseralm,,384657367,47.3441883,12.965695,1680,,,,,OSM,
Rifugio Bertorello,,385602154,44.636607,7.2451874,1375,,,,,OSM,
Rifugio Bagnour,Livio Martino e Elisa Tosco,385644332,44.6134337,7.076363,2017,,,http://www.rifugiobagnour.it,,OSM,
Rifugio Grongios Martre,,385644333,44.6120817,7.0614789,1733,,,https://www.grongiosmartre.com/,,OSM,
Rifugio Melezè,,385644334,44.5744761,6.9814847,1812,,,https://www.meleze.it,50,OSM,
La Riposa,,385669895,45.178696,7.0815404,2185,,,,40,OSM,
Pulvermacherscherm,,385731875,47.4184203,12.5793104,1080,,,,,OSM,
Lohnerhütte SAC,SAC - CAS,387157494,46.4745568,7.5996788,2171,grabemattli@gmail.com,,https://www.sac-wildstrubel.ch/,18,OSM,
Alpe Bolla,,387185132,46.0369782,9.0077193,1129,,,http://www.lugano-tourism.ch/it/54/alpe-bolla.aspx?idActivity=723&idMod=41,,OSM,
Schwarzeneggalm,,388836750,47.4484192,13.3244705,1494.0,,,,,OSM,
Capanna Poncione di Braga,UTOE Locarno,389093964,46.42919,8.57221,2003,info@utoelocarno.ch,+ 41 79 374 36 71,https://www.utoelocarno.ch,18,OSM,419
Capanna Monte Cugni,,389266871,45.6327162,10.3899626,658.0,,,,,OSM,
Drassbergalm,,389851370,46.9360963,11.5681539,1903.0,,,,,OSM,
Bar Rifugio Madonna Alpini,,389874508,44.3632506,7.4637661,833.0,,,,,OSM,
Patatouc Country House,Anja Merolt,389954111,44.1751926,7.5513798,1376.0,info@patatouc.it,+393482902263,https://www.patatouc.it/,,OSM,
Kaltwiesen Hütte,Maria Gessl,390016673,47.5015175,15.888249,1389.0,,,,,OSM,
Locanda del Sorriso,,390127759,44.2145539,7.4309271,1099.0,,+39 0171 978388,https://www.locandadelsorriso.com/,,OSM,
Rifugio San Giacomo,,390128047,44.1755857,7.3861198,1232.0,,,http://www.bmgelas.it/italiano/rifugio-san-giacomo/,,OSM,
Gradnalm,,391881225,47.8619022,14.0844848,1240,,,,,OSM,
Alpengasthof Vordere Fluh,,392096698,47.5111652,10.0065453,1165.0,,,https://vordere-fluh.de/,,OSM,
Gölbnerblick Hütte,,392942779,46.8247393,12.5340874,1800,,+43 4846 6594,,,OSM,
Brunnachhof,,394038795,46.852771,13.7519491,1746.0,,,,,OSM,
Dornbirner Hütte,,394106895,47.4149914,9.8119967,1194.0,,,https://dornbirner-huette.at,,OSM,
Planurahütte,SAC Sektion Tödi,394733368,46.8200099,8.8803999,2947,info@planurahuette.ch,+41 41 885 16 65,https://planurahuette.ch/,41,OSM,
Rifugio Trinal,Gruppo Alpini di Botticino,394890142,45.554411,10.3223218,517.0,,,,,OSM,
Rifugio Monte Zeus,,395113876,46.2564793,8.3396154,779.0,,,,,OSM,
Baitello G.E.R.,Gruppo Escursionistico Rancese,395295293,45.8748724,9.399465,500,,,,,OSM,
Rifugio Gruppo Difesa Ambiente Naturale,,395552571,45.5542722,10.3382493,369,,,,,OSM,
Rifugio Campo Base,,396375636,44.4973981,6.9191133,1650,,,https://www.campobaseacceglio.it/,,OSM,
Capanna Prodör,,397752598,46.4984126,8.8141386,1740,,+41 77 465 67 14,https://www.utoepizzomolare.ch/,42,OSM,
Rifugio Refavaie,,399458941,46.216315,11.623456,1100,,,,,OSM,
Goral Hutte,,400241682,47.2648832,13.7959069,1442.0,,,,,OSM,
Franz Josef Hütte,,402855470,47.2692626,9.8909205,1744.0,,,https://www.franzjosefhuette.com,,OSM,
Refuge du Pigeonnier,Club Alpin Français,403703493,44.854909,6.2849294,2423,,+33 4 92 55 27 82,https://refugedupigeonnier.ffcam.fr/,,OSM,
Refuge de Plan Glacier,,403857461,45.832279,6.7966965,2680,,+33 7 78 69 59 05,https://planglacier.fr/,,OSM,
Refuge de Vallonpierre,Club Alpin Français,403948036,44.7984912,6.289182,2262,,+33 4 92 55 27 81,https://refugevallonpierre.ffcam.fr/,,OSM,
Rifugio Frasnedo,,404351368,46.205888,9.4996728,1287,,+39 0343 39503,https://www.rifugiofrasnedo.com/,,OSM,
Kattowitzer Hütte,,404990771,47.0582002,13.3912168,2320,,,,,OSM,
Schüttbauernalm,,406390900,47.7512619,14.5843696,1068.0,,,,,OSM,
Reinischkogelhütte,ÖTK Sektion Graz,409767734,46.9540933,15.1715237,991.0,,,https://schutz.haus/de/hut/reinischkogelhuette/13538826/#dmdtab=oax-tab7,,OSM,
Rifugio Colmine,,409956774,46.1812642,9.2944689,1278,,,,,OSM,
Refuge de Charlet,,414810153,46.2653813,6.8899744,1764.0,,,,,OSM,
Alpe Nuovo,Club Alpino Italiano Sezione di Baveno,415094720,45.8941063,8.4561453,1205,,,,13,OSM,
Dom pod Javorjem,,415122270,46.1774334,15.0102478,868,,,,,OSM,
Planinski dom Vrhe,,415122583,46.1898359,15.0049307,908,,,,,OSM,
Capanna Osola,,415784209,46.3274954,8.7044154,1418,,,https://capannaosola.ch/,18,OSM,
Rifugio Sambuco,Comunità Compadroni Alpe Osola,416554602,46.3413217,8.705173,2000,,,https://capannaosola.ch/,10,OSM,
Grüntalkogelhütte,,419513412,48.0204631,15.3273304,885,,,,,OSM,
Bleckwandhütte,,420570195,47.6983368,13.436507,1340,,,,,OSM,
Illighütte,,420570205,47.69042,13.4365712,1169.0,,,,,OSM,
Niedergadenalm,,420570206,47.6882272,13.4387839,1200,,,,,OSM,
Schwarzeneck Alm,,420570208,47.6976499,13.427226,1140,,,,,OSM,
Cojzova koča na Kokrskem sedlu,,421285028,46.3440858,14.5468755,1793,,+38681615115,https://www.visitkamnik.com/sl/namestitve/planinski-domovi/cojzova-koca-na-kokrskem-sedlu,,OSM,
Rifugio Codera,,424540662,45.6537543,9.8845993,472.0,,,,,OSM,
Observatoire-Refuge du Mont Chiran,,424600073,43.8679332,6.3169613,1892.0,,,https://www.verdontourisme.com/offres/observatoire-refuge-du-mont-chiran-blieux-fr-2981617/,16,OSM,
Erjavčeva koča,PD Jesenice,425740802,46.4391093,13.7493732,1525,,+386 51 399 226,,,OSM,
Grubenbachhütte,,425909097,47.6847853,13.3042702,1038.0,,+43 664 3921 589,http://gruberalmhuette.at/,,OSM,
Mayerlehenhütte,,425909100,47.6851488,13.3035401,1036,,+43 6224 216,https://www.gruberalm.at/,,OSM,
Hinterleitnhütte,,425909102,47.6853317,13.3046117,1044.0,,+43 664 58 30 478,http://www.hinterleitn-gruberalm.at/,,OSM,
Orožnova koča na planini za Liscem,PD Bohinjska Bistrica,426074492,46.2417235,13.9374287,1346,,+386 51 442 550,https://planinske-koce.si/oroznova_koca_na_planini_za_liscem_pod_crno_prstjo,,OSM,
Alpe Basalone,,430019579,46.2307607,10.0080319,1703.0,,,,,OSM,
Rifugio Tazzetti,CAI Chieri,430219752,45.2100816,7.0968311,2642,info@caichieri.it,+39 012 3756165,https://www.rifugiotazzetti.it/,32,OSM,
Bartlhütte,,430855538,47.1559305,13.430809,1650.0,,,,,OSM,
Almreserlhaus,,432940923,47.795111,15.8166573,1222,,,,,OSM,
Devil's bite,,433056659,46.3363267,11.7070813,1993.0,,,,,OSM,
Rifugio Alpe Musella,,433860864,46.3138707,9.9013466,2021,,,https://www.rifugi.lombardia.it/sondrio/lanzada/rifugio-alpe-musella.html,,OSM,
Rifugio Cesare Mitta,,433860865,46.3138452,9.9019241,2020,,,https://www.rifugi.lombardia.it/sondrio/lanzada/rifugio-cesare-mitta.html,,OSM,
Posto Tappa GTA,,435782585,44.2852319,7.07022,1284.0,,,,,OSM,
Malga Fiamena,,435854700,46.194457,11.7048745,1734.0,,,,,OSM,
Rifugio Ciao Pais,,437425745,45.0188616,6.8764787,1865.0,,+39 0122 850280,https://www.ciaopais.it/,,OSM,
Centro Studi montani - Winter dormitory,,437455926,46.6659829,12.0834014,2314,,,,,OSM,
Burghütte,,437909215,46.4509939,8.1353184,1751,info@burghuette.ch,+41 27 971 40 27,https://burghuette.ch/,32,OSM,474
Schwarzalmhütte,,437944566,47.7488974,14.954332,1540,,,,,OSM,
Cabane de Combe Male,,438498076,44.8343853,5.453677,1533.0,,,,,OSM,
Koča v Krnici,PD Kranjska Gora,439853468,46.4323592,13.7876062,1113,,+386 40 457 948,https://planinske-koce.si/koca_v_krnici,,OSM,
Halterhütte Ochsenboden,,441693775,47.6924402,15.3929255,1373.0,,,,,OSM,
Schalijochbiwak SAC,SAC Basel,442266686,46.0933197,7.7095224,3786,,,https://www.sac-basel.ch/,8,OSM,348
Zasavska koča na Prehodavcih,PD Radeče,446553863,46.3585461,13.7922898,2071,,,https://planinske-koce.si/zasavska_koca_na_prehodavcih,39,OSM,
Dom Valentina Staniča pod Triglavom,PD Javornik-Koroška Bela,446623471,46.3873242,13.8601237,2332,stanicev.dom.triglav@gmail.com,+386 4 828 03 00,https://www.planinske-koce.si/dom_valentina_stanica_pod_triglavom,,OSM,
GAN Nembro,,449079027,45.9497225,9.8244759,1561.0,,,,,OSM,
Rohrauerhaus,,450754344,47.6376392,14.3909076,1310,,,https://www.rohrauerhaus.at/,,OSM,
Capanna Bardughè,,451195529,46.238225,8.8721983,1640.0,,,,,OSM,
Dom na Kisovcu,,451840581,46.2737228,14.6579371,1243,,,,,OSM,
Jarški dom na Mali Planini,,451851183,46.2874209,14.6607061,1520,,+386 41 676 254,http://www.jarski-dom.si/,,OSM,
Domžalski dom na Mali Planini,,451851196,46.2890961,14.6567846,1540,,,,,OSM,
Črnuški dom na Mali Planini,,451851205,46.2870903,14.6579465,1526,,+386 51 621 732,,,OSM,
Valvasorjev dom pod Stolom,,452361710,46.426113,14.1465267,1181,,,https://www.planinske-koce.si/valvasorjev_dom_pod_stolom,,OSM,
Dom pri izviru Završnice,,452367190,46.4300403,14.2183776,1425,,,,,OSM,
Planinski dom na Zelenici,,452367192,46.4289921,14.2335723,1536,,+386 40 627 808,,,OSM,
Prešernova koča na Stolu,,452611545,46.4313345,14.1748468,2174,,,,,OSM,
Koča na Prevalu,,452611564,46.4100457,14.2434627,1311,,,,,OSM,
Hannoverhaus,,453515563,47.040684,13.215527,2565,,+43 478 421 345,https://www.alpenverein.de/hannoverhaus,50,OSM,121
Refuge-Hôtel de Bayasse,,453835489,44.3114616,6.7419456,1798.0,refuge.bayasse@gmail.com,+33 4 92 32 20 79,http://www.refuge-bayasse.fr/,36,OSM,
Dom Planika pod Triglavom,PD Gorje,454322331,46.3713497,13.8460993,2401,,+386 51 614 773,https://www.planinske-koce.si/dom_planika_pod_triglavom,,OSM,
,,456195551,47.0068253,11.95011,1624.0,,,,,OSM,
Ravensburger Haus,DAV Sektion Ravensburg,456442736,47.5260404,10.0147116,950,,+498386962199,http://www.dav-ravensburg.de/,,OSM,
Auenfelder Hütte,,457278140,47.2483797,10.1246812,1762,,,http://www.auenfelder.at/,,OSM,
Mlakarjeva bajta,,463145434,46.3251557,14.6378341,1661.0,,,,,OSM,
Planinska koča Merjasec,Žičnice Vogel d.d.,464798170,46.2628978,13.8398961,1535,,+386 4 5729 712,https://www.facebook.com/PlaninskaKocaMerjasec?fref=ts;https://planinske-koce.si/planinska_koca_merjasec_na_voglu,,OSM,
Heftihütte,SAC Emmental,467632579,46.8509436,7.9815159,1904,,,https://www.sac-emmental.ch/,12,OSM,
Planinska koča na Sv. Jakobu,,467828341,46.3151621,14.4408091,961,,,,,OSM,
Francijeva koča,,467828342,46.3151244,14.4387961,930,,,,,OSM,
Blahbergalm,Familie Hörmann,470647947,47.7430639,14.5013692,1040,,,,,OSM,
Au Bout du Monde,,470800009,44.8990433,5.3201118,1446.0,l.berenguier@free.fr,+33 6 88 44 76 25,https://www.gites-auboutdumonde.com,,OSM,
Refuge des Narces,,471783956,45.1048163,5.51511,1305.0,,+33621255390,https://www.autrans-meaudre.fr/refuge-des-narces/,12,OSM,
Blejska koča na Lipanci,PD Bled,474809636,46.3753224,13.927527,1630,,+386 51 633 769,http://pd-bled.si/blejska-koca-na-lipanci-1630-m/,,OSM,
Koča pri Savici,PD Ljubljana-Matica,474860835,46.2899819,13.8024239,653,savica@pd-ljmatica.si,+386 40 695 787,https://planinske-koce.si/koca_pri_savici,,OSM,
Rifugio Fraita,Club Alpino Italiano,476362720,44.9399775,7.269378,1090,,,,,OSM,
Schneerosenhaus,Niederösterreichische Berg- und Naturwacht,477125201,47.9271303,15.9879334,678.0,,,,,OSM,
Bremer Hütte,,477497580,46.994893,11.263324,2413,,+43 664 3047360,https://www.bremerhuette.at,69,OSM,143
Malga Tognola di san Vittore,,479218878,46.2315277,11.7461738,1874.0,,,,,OSM,
Grmovškov dom pod Veliko Kopo,,481350788,46.5027572,15.2103256,1371,grmovskov.dom@kope.si,+386 2 8839 850,,,OSM,
Ribniška koča,,481363618,46.4978926,15.2556357,1507,,,,,OSM,
Krničarjeva koča na planini Javornik,,482718630,46.3442409,14.3890656,1390,,,,,OSM,
Koča na Veliki Poljani,,482718635,46.346435,14.3793689,1384,,,,,OSM,
,,482876683,46.2055545,8.9743103,1418.0,,,,,OSM,
Capanna di Sciora CAS,SAC - CAS,483082741,46.3125019,9.6111175,2118,sciora.cap@bluewin.ch,+41 81 822 11 38,https://sac-hoherrohn.ch/content/capanna-di-sciora/,42,OSM,7
Dom pod Storžičem,Planinsko društvo Tržič,483402029,46.3593348,14.3897781,1123,dompodstorzicem@gmail.com,+386 4 594 50 50,,,OSM,
Planinski dom obrtnikov,,483440426,46.6035181,15.5615121,690,,,,,OSM,
Koča na Kriški gori,,483491398,46.3517328,14.3334234,1471,,+386 51 615 623,https://www.pzs.si/koce.php?pid=79,,OSM,
Taborniški dom Šija,,483680802,46.4246147,14.335298,1532,,,,,OSM,
Rifugio Vallata,,483706067,46.1838452,12.5558809,449.0,rifugiovallata@alice.it,+39 0427 76325,https://www.rifugiovallata.it,15,OSM,
Zavetišče v Gozdu,,485835307,46.3408133,14.3284849,891,,,,,OSM,
Kovinarska koča,PD Javornik - Koroška Bela,486923684,46.4005735,13.9237019,870,kovinarska.koca.krma@gmail.com,+386 4 8280 302,https://planinske-koce.si/kovinarska_koca_v_krmi,,OSM,
Rifugio Paludei,Società degli Alpinisti Tridentini,487174724,45.9712677,11.2244053,1059,rifugiosatpaludei1@virgilio.it,+39 0461 722130,,16,OSM,
Chalet La Primula,,492079069,46.5442068,12.3763503,1150.0,,+39 334 785 5123,https://www.facebook.com/LaPrimulaAuronzo/,,OSM,
Pogačnikov dom na Kriških Podih,PD Radovljica,492850726,46.4019381,13.8006285,2050,info@pdradovljica.si,,,,OSM,
Lurgbauerhütte,,493404307,47.7109687,15.6366116,1764,bayer-lurgbauer@aon.at,+43 3857 2237,,,OSM,
Kitzhütte,,493490222,47.7854651,14.8297611,1264.0,,,,,OSM,
Planinski dom na Gori Oljki,,494208240,46.3255914,15.058621,725,,,,,OSM,
Rifugio Zum Gora,,495177449,46.320822,8.373995,1488.0,,,,,OSM,
Rifugio Giorgio Dal Piaz,CAI Sezione Feltre,495498456,46.08926,11.842418,1973,info@rifugiodalpiaz.com,+39 04399065,https://www.rifugiodalpiaz.com/,,OSM,
Kekčeva domačija,Kekčeva domačija Lo Duca Mitja s.p.,496273765,46.4071543,13.7222651,887.0,,,http://www.kekceva-domacija.si/en/,,OSM,
Koča pri izviru Soče,PD Jesenice,496273771,46.4095362,13.7254637,886,,+386 41 603 190,https://planinske-koce.si/koca_pri_izviru_soce,,OSM,
Rifugio Bresciadega,,497943755,46.2627093,9.5100918,1213.0,,,,,OSM,
Hanzinger Hütte,Naturfreunde,498523946,47.5384645,13.687951,1220,,+43 7714 20090,https://www.hanzinger-huette.naturfreunde.at/,,OSM,
,,498534488,47.275649,13.2240139,1047.0,,,,,OSM,
Refuge de Fontanalba,Ski Club de Nice,499553548,44.0860848,7.4807044,2018,,+33 4 93 04 89 19,https://refugedefontanalbe.com/,,OSM,
Bregarjevo zavetišče,PD Drago Bregar,501602152,46.3059289,13.8175058,1620,,+386 31 270884,http://www.planinska-zveza.si/koce.php?pid=216,14,OSM,
Hotel BUM,PD Drago Bregar,501602153,46.3058674,13.8173747,1665.0,,,,,OSM,
Casera Santigo,CAI,502126466,46.4594497,12.4901049,1107.0,,,,,OSM,
Huberhütte,,502795375,46.7241516,13.7484918,1551.0,,,,,OSM,
Ledererhütte,,502983584,46.7815652,13.7996341,1520,,,http://www.ledererhütte.at/,,OSM,
Karlhütte,,503094569,46.7818633,13.787458,1462.0,,,https://www.feldamsee.at/de/unterkuenfte/unsere-gastgeber/karlhuette,,OSM,
Bernliegerhütte,,503094621,46.7745134,13.7178873,1458.0,,,,,OSM,
Gruberhütte,,503094626,46.7638151,13.7336736,1556.0,,,,,OSM,
Rifugio Ca' da Cardella,Cooperativa Brigì,504745507,44.0783783,7.8033538,827.0,,+39 338 3045512,,,OSM,
Kosijev dom na Vogarju,PD Železničar Ljubljana,504857560,46.2967419,13.8669796,1054,pdzeleznicarlj@gmail.com,+386 51 613 367,https://planinske-koce.si/kosijev_dom_na_vogarju,,OSM,
Staudacherhütte,OeAV,505947455,46.7577734,13.8687782,1775,,,,,OSM,
Lercheggalm,,506261333,47.1582028,13.0012174,1826.0,,,,,OSM,
Rifugio Mai Tardi,,507285935,46.4462509,9.3516055,1782.0,,,,,OSM,
Rifugio Camanin,,507289954,46.4420036,9.3541236,1690.0,,,,,OSM,
Rifugio Pasini,,507338074,46.4475525,9.348664,1803.0,,,,,OSM,
Schwarzseehütte,,508038217,46.7029212,13.7649178,1743.0,,,http://schwarzseehuette.at/?page_id=256,,OSM,
Berghaus Kleinwalsertal,Deutscher Alpenverein Sektion Memmingen,508275860,47.34875,10.14565,1250,reinhildekrug-schmidt@web.de,+49 160 3314192,https://www.dav-memmingen.de/index.php?id=559,45,OSM,438
Klosteralm,Helmut Schroffenauer,508291563,47.9815581,15.6003834,1067,,+43 2762 53575,,,OSM,
Refuge Lo Tsamou,Refuge Lo Tsamou,512913579,45.2070281,6.8151116,2060,,,,,OSM,
Refuge de Terre Rouge,,514572219,45.1307342,6.5122571,2182,contact@refuge-terre-rouge.fr,+33 9 88 18 79 03,https://www.refuge-terre-rouge.fr/,,OSM,
Rifugio Passo di San Nicolo,,514999294,46.4216136,11.7931604,2340,,+39 0462 601466,https://www.fassa.com/IT/RifugioPassoSanNicolo/,,OSM,
Koča pri Peričniku,,515297899,46.4385474,13.8963263,753,,,,,OSM,
Rieserfernerhütte - Rifugio Vedrette di Ries,AVS-Sektionen Bozen,515324206,46.8899964,12.0794719,2792,,,,,OSM,
Planšarija Dolga njiva,,516024118,46.4384952,14.4161162,1400,,,,,OSM,
Moarhütte,,517290008,47.2267739,13.8819024,1584.0,,,,,OSM,
Tannehüsli,,518034923,47.0101552,8.2759954,938.0,,,,,OSM,
Refuge du Col de la Vanoise,Club Alpin Français,519553611,45.3920218,6.7908976,2518,,+33 4 79 08 25 23,https://refugecoldelavanoise.ffcam.fr/,,OSM,
Kranjska koča na Ledinah,,523029797,46.3705234,14.5493847,1700,,,http://pdkranj.si/postojanke/kranjska-koca-na-ledinah/,,OSM,
Huber Kaser,,523330558,46.8407821,12.609383,1960,huber_kaser@gmx.at,+434855 8513,,,OSM,
Gomiščkovo zavetišče na Krnu,PD Nova Gorica,526706705,46.2653524,13.6571516,2182,,+386 5 9974 524,https://planinske-koce.si/gomisckovo_zavetisce_na_krnu,,OSM,
Staffhütte,Naturfreunde St. Veit / Gölsen,527306579,48.034615,15.6601019,596,,,,,OSM,
Cabane de Cohennoz,,529759842,45.7542298,6.4927804,1416.0,,,,,OSM,
Rifugio Monte Barone,,531224184,45.7280586,8.1617144,1585,,,,,OSM,
Rifugio Moglietti,,531225410,45.6912004,8.1979938,652.0,,,,,OSM,
Rifugio Ceresole,,532141566,44.2507217,7.5715181,1531.0,,,,,OSM,
Enderberghütte,,532352348,46.657522,12.7798455,1631,,,,,OSM,
Dossenhütte SAC,SAC - CAS,533383446,46.655219,8.169219,2663,info@dossenhuette.ch,+41 33 971 44 94,,45,OSM,31
Rifugio Olmo Bianco,,533573552,44.2956465,7.2854677,1179.0,,,,,OSM,
Rifugio Vallaccia,,534302143,46.3974976,11.7207583,2275,rif.vallaccia@gmail.com,+39 349 886 6866,https://www.rifugiovallaccia.it/,,OSM,
Gelmerhütte SAC,SAC,534858990,46.6312641,8.3427893,2412,peter.schlaeppi@gelmerhuette.ch,+41 33 973 11 80,https://www.gelmerhuette.ch/,55,OSM,66
Dom na Smrekovcu,,536125444,46.4133207,14.9002379,1377,,+386 (0)41 785 698,,,OSM,
,,541499517,46.1048825,9.6782685,1168.0,,,,,OSM,
"""Ià de Gàvet""",,541501364,46.103809,9.6776546,1157.0,,,,,OSM,
Baita Piana,,541502717,46.1248084,9.7015639,1881.0,,,,,OSM,
Rifugio Il Pirata,,541678145,46.0826429,9.716194,1485,,+39 0342 645086,https://www.piratavittorio.it/,,OSM,
Rifugio Lago della Vecchia,Comunità Montana Alta Valle Cervo - La Bursch,544396494,45.6938874,7.9166807,1872,,,,12,OSM,
Koča na Dobrči,,547783416,46.3761701,14.2460283,1478,,,,,OSM,
Silberhornhütte SAC,SAC - CAS,548515389,46.549041,7.9335654,2663,,,https://www.sac-lauterbrunnen.ch/,10,OSM,
Edmund-Graf-Hütte,Sektion TK Innsbruck,553986644,47.1060286,10.3558245,2375,,,,,OSM,
Dom Čemšenik,Planinsko društvo Iskra Kranj,554570329,46.3148617,14.4679081,840,,,,,OSM,
Rifugio Stella Alpina,,555438758,46.4184274,10.5452627,2104.0,,,,,OSM,
,,555792083,44.9390035,6.7543638,1750.0,,,,,OSM,
Schmaranzhütte,,569401208,47.1849773,13.0554713,1768,,,,,OSM,
Planinska koča na Pesniku,Vojko Gmajnar,573278811,46.5178597,15.2512843,1101,koca.pesnik.ribnica@gmail.com,+386 5 9934 028,,,OSM,
Cabane Bounavaux,,575679939,46.5330431,7.1323707,1633,,,,,OSM,
Fürstenhütte,,577961722,46.9449391,13.9960537,1440.0,,,,,OSM,
,,578081636,46.784939,13.2005215,1992.0,,,,,OSM,
Planinski dom na Kališču,Planinsko društvo Kranj,586286409,46.3370661,14.4169614,1534,,0038631626844,,,OSM,
Delfin dal Pianhol,,586511954,44.5853481,7.0915705,1280,,+393331571518,,,OSM,
Rifugio Somma Lombardo,CAI Somma Lombardo,595073897,46.4205724,8.3530699,2568,,,,,OSM,
Rifugio Alpe del Capitano,,595930658,44.9854162,7.3282642,846,,+39 378 084 9907,https://www.facebook.com/rifugioalpedelcapitano/,,OSM,
Koča na Naravskih ledinah,Planinsko društvo Ravne na Koroškem,606967255,46.4864198,14.937503,1072,,+386 2 82 21 001,,,OSM,
Dom na Uršlji gori,Planinsko društvo Prevalje,606967263,46.4847245,14.9650333,1670,,,,,OSM,
Andrejev dom na Slemenu,,606967275,46.4381468,14.964368,1090,,,,,OSM,
Koča na Travniku,PD Ljubno ob Savinji,607045994,46.4158833,14.8076282,1548,,,,,OSM,
Koča na Loki pod Raduho,,607073209,46.4094363,14.7590834,1534,,,,,OSM,
Koča v Grohatu pod Raduho,Slavko Tiršek s.p.,607073210,46.4234417,14.7432585,1460,,,,,OSM,
Planinski dom na Peci,Planinsko društvo Mežica,607319820,46.4911147,14.7940599,1665,pdmezica@gmail.com,+386 2 8235 378,,,OSM,
Koča na Pikovem,Matija Kozlar s.p.,607319823,46.4885981,14.8366988,992,,,,,OSM,
Falbesoner Nockalm,,608974350,47.0379824,11.234927,1634.0,,+4352263186,https://www.haus-petra.com/almhuette,,OSM,
Hexenseehütte,DAV Sektion Rheinland-Köln,613732381,47.018826,10.481156,2588,,+4354766214,https://www.koelner-haus.at/de/die-hexenseehuette/hexenseehuette/,18,OSM,377
Capanna Sasc Furä,SAC - CAS,614518289,46.3153267,9.5824015,1904,info@sascfura.ch,+41 81 822 12 52,https://www.sascfura.ch/,36,OSM,
Kistenpasshütte,SAC Sektion Winterthur,616170840,46.8403926,9.0293422,2714,,+41 79 201 35 13,http://www.kistenpasshuette.ch,16,OSM,505
Wieser Hütte,,616761957,46.7523437,13.4606718,1886,,,,,OSM,
Schirchleralm,,617417696,46.7755325,15.0885293,1327.0,,,https://www.steiermark.com/de/Suedsteiermark/Urlaub-planen/Ausflugsziele/Schirchlerhuette_isd_307685,,OSM,
Roblekov dom,,619175228,46.4178059,14.2122751,1657,,,,,OSM,
Chalet du Bout,,625114036,45.3328454,6.1096175,1398,,,,,OSM,
Malga Pala,,625772047,46.2719618,11.8143147,1897,,+39 349 749 4040,,,OSM,
Planinska koča na Vojah,PD Srednja vas v Bohinju,626001142,46.3101738,13.8824512,690,,+386 41 234 625,https://planinske-koce.si/planinska_koca_na_vojah,,OSM,
Baita alle Cascate,,627387259,46.4161205,11.7821606,2011,,+39 0462 64674,http://www.baitaallecascate.com/,,OSM,
Mojčin dom na Vitrancu,,629981601,46.4761192,13.7596732,1555,info@vitranc-mojcindom.si,+386 (0) 41 612 778,https://www.vitranc-mojcindom.si/,,OSM,
Bedančev dom,,629981603,46.4837027,13.7621412,1116,,,,,OSM,
Gallrutt Alm,,638264655,47.0606593,10.7758515,1980,,,,,OSM,
Lilienfelder Hütte,Sektion Oesterr. Gebirgsverein,640810207,47.9895766,15.5900656,956,,+43 2762 53567,https://www.alpenverein.at/lilienfelderhuette/,,OSM,
Forsthaus Harras,,642318854,47.9893971,15.892237,543.0,,,,,OSM,
Alp Zavretta,,645967210,46.5934121,9.7971766,2265.0,,,,,OSM,
Capanna Monte Bar,CAS Ticino,652936211,46.099995,9.013999,1602,montebar@casticino.ch,+41 91 966 33 22,https://capannamontebar.casticino.ch/#,40,OSM,168
Soplat des Nants,,658408835,45.6658791,6.4746613,1425,,,,,OSM,
Rifugio Baita Checco,,664282658,46.4332587,11.6639943,1988,info@baitachecco.com,+39 335 702 1414,https://www.baitachecco.com/,,OSM,
Rifugio Negritella,,664282659,46.433734,11.6617635,1986,,,https://www.negritella.net/,,OSM,
Bergerseehütte,,674870317,46.9891563,12.3621314,2182,,,,,OSM,
Lasnitzenhütte,Alois Berger,674870329,46.9942282,12.33939,1895,redlerhof@aon.de,+43 4877 5252; +43 4877 5267,https://www.virgental.at/lasnitzenhuette,,OSM,
Neue Reichenberger Hütte,ÖAV Sektion Reichenberg,680506024,46.9713327,12.2793977,2586,neue.reichenbergerhuette@utanet.at,+43 720 884213; +43 4873 5580,https://www.alpenverein.at/reichenberg/,,OSM,545
Hundskopfhütte,,682831119,47.5554161,15.4775953,987.0,,,,,OSM,
Refuge du Saut,,686394450,45.3371374,6.6323649,2126,,,https://www.refuges-vanoise.com/fiche-hebergement-le-saut-tour-des-glaciers-de-la-vanoise-vanoise-bql5a3s5xavw.html,25,OSM,
Neige et Merveilles,L'association Neige et Merveilles,702454878,44.0702561,7.5129791,1539.0,,,https://www.neige-merveilles.com/,,OSM,
Gite d'Étape du Boréon,,704079297,44.1143694,7.288035,1553.0,,,,,OSM,
Baita Case Rosse G.A.C.,G.A.C. Gruppo Alpinistico Celadina,704290669,46.0098972,10.0334154,1637,,+39 345 412 5462,http://geoportale.caibergamo.it/it/rifugio/baita-case-rosse-gac,40,OSM,
Chalet de la Petite Moendaz,,706395307,45.3515903,6.4497264,1988.0,,,,,OSM,
Rifugio Daniele Beccaria,Comune di Lovero,707653391,46.2065906,10.2461754,1850,,,,,OSM,
Refuge de Chésery,Famille Grenon,708069503,46.1964496,6.8129465,1981,refugedechesery@bluemail.ch,+41 79 725 68 20,https://www.lacvert.ch,,OSM,
Rifugio Città di Mantova,Guide Alpine di Gressoney,708274428,45.8953499,7.8479735,3498,,+39 0163 78150,https://www.rifugiomantova.it/,,OSM,
Dick-Hütte,,717670164,47.5955048,15.4794273,998.0,,,,,OSM,
Salmhütte,Oesterreichischer Alpenverein Sektion Wien,724669146,47.046972,12.720417,2644,,+43 4824 2089,http://www.alpenverein.at/salmhuette/,50,OSM,159
Refuge de l'Étendard,Club Alpin Français,726966752,45.203798,6.1753403,2430,,+33 4 79 59 74 96,https://refugedeletendard.ffcam.fr/,,OSM,
Les Mangeurs de Lune,,731822899,45.9601014,6.360672,1750,,,,,OSM,
Rifugio Brunello,Corpo Forestale dello Stato,741597823,45.0088234,7.2745073,1209,,,,,OSM,
Im Fall,,744173912,46.975059,8.6332977,1450,,,,,OSM,
Refuge d'Ambin,Club Alpin Français,757447966,45.1634796,6.8650651,2270,,,,,OSM,
Refuge des Aiguilles d'Arves,Club Alpin Français,757505411,45.1182039,6.3752021,2260,,+33 4 79 59 01 77,https://refugedesaiguillesdarves.ffcam.fr/,,OSM,
Refuge Cezanne,Club Alpin Français,757519872,44.9178981,6.4156299,1877,,,https://refugecezanne.ffcam.fr/,,OSM,
Refuge de la Pilatte,Club Alpin Français,757520594,44.8699785,6.3319694,2577,,+33 9 88 77 32 94,https://refugelapilatte.ffcam.fr/,,OSM,
Refuge des Bans,Club Alpin Français,757522585,44.8344357,6.3611573,2106,,+33 4 92 23 39 48,https://refugedesbans.ffcam.fr/,,OSM,
Refuge des Souffles,Club Alpin Français,757524338,44.844662,6.1465369,1969,,+33 4 92 55 22 91,https://refugedessouffles.ffcam.fr/,,OSM,
Refuge de l'Olan,Club Alpin Français,757524503,44.8414899,6.2044993,2344,,,,,OSM,
Refuge de Chalance,Club Alpin Français,757525324,44.841362,6.2366781,2550,,,https://refugedechalance.ffcam.fr/,,OSM,
Frischaufov dom na Okrešlju,,759148988,46.3694455,14.5876392,1396,,,https://www.planinsko-drustvo-celje.si/okreselj.htm,,OSM,
Refuge de Rosuel,,771896509,45.5181779,6.8047486,1547,,+33650219137,,,OSM,
Refuge de la Traye,,772230753,45.4302104,6.5308067,1675.0,,,,,OSM,
Refuge du Christ,,772230756,45.4295096,6.5317618,1639.0,,,,,OSM,
Refuge Temple-Écrins,Club Alpin Français,787047596,44.9042492,6.3325565,2410,,,,,OSM,
Linderhütte,"Österreichischer Touristenklub, Sektion Lienz",793468427,46.7700806,12.740239,2683,,,http://linder.schutz.haus,,OSM,
Berggasthaus Heimeli,,798878163,46.8155467,9.7679198,1847.0,,+41 81 374 21 61,https://www.heimeli.swiss,,OSM,
Rifugio FIE Artesina,Federazione Italiana Escursionismo sezione Ligure,808505769,44.2489944,7.7537921,1353.0,,,,36,OSM,
Rifugio Mettolo Castellino,Club Alpino Italiano sezione Mondovì,808505798,44.2460474,7.7422108,1741,,,,25,OSM,
Rifugio Capanna Lago Nero,C.A.I. Bergamo - Sottosezione Alta Valle Seriana,810064197,45.9972087,9.877335,1997,,+39 3291377183,https://www.caibergamo.it/geoportale/rifugi-bivacchi/baita-lago-nero,,OSM,
Rifugio Grauson,Francesca Zanivan,810794662,45.6412681,7.4120386,2510,rifugiograuson@gmail.com,+39 0165 1756003,https://www.rifugiograuson.it/,30,OSM,
Flirscher Schihütte,,814990464,47.1489344,10.4436229,1888.0,,,,,OSM,
Windegghütte SAC,SAC - CAS,823248125,46.6949869,8.3480338,1886,huettenwart@windegghuette.ch,+41 33 975 11 10,https://www.windegghuette.ch/,41,OSM,214
Ostello di Stabbio,Associazione amici del Simano,824324223,46.4375206,8.9725099,1191.0,,,,,OSM,
"Annexe ""nid douillet""",,825361093,45.4070387,6.3108959,1715.0,,,,,OSM,
Refuge du lac de la Grande Léchère,,825361094,45.4070765,6.3106416,1680,,,,39,OSM,
Seethalerhütte,Sektion Austria,827811452,47.473614,13.612779,2740,,+43368781209,,21,OSM,261
,,830220317,46.9575951,8.661259,1754.0,,,,,OSM,
Rifugio La Baita,Alessandro Baretto,832987115,46.3586626,10.4188957,1860,,,,,OSM,
,,840217882,45.4520765,6.3427004,2071.0,,,,,OSM,
Refuge du Pré du Mollard,,845416593,45.1893012,5.9355282,1735,predumollard@gmail.com,+33 6 98 52 33 24,https://predumollard.fr,,OSM,
Koča Planinc,Planinsko društvo Vuzenica,845834855,46.5317283,15.1721682,1010,,,,,OSM,
Baita Prada,AmbienteAcqua,854282035,45.7306924,10.6173283,970,,,,14,OSM,
Rifugio Mulatero,,860792218,44.6710119,7.3353011,1200,,,,,OSM,
Češka koča na Spodnjih Ravneh,Planinsko društvo Jezersko,863031535,46.3698368,14.5359567,1542,,,https://en.pzs.si/koce.php?pid=83,76,OSM,
,,864632997,47.0187889,10.4810969,2572.0,,,,,OSM,
Heinzenalm - Malga Heinz,,867886070,46.4318789,11.5784888,1688.0,,,,,OSM,
Rifugio Beniamino,"Piergiorgio e 
Gianluca Gusmeroli",872766285,46.0825782,9.7165543,1485,,,,,OSM,
,Naturfreunde Frankenfels,876264127,47.9999858,15.3057331,936.0,,,,,OSM,
Haschtlhütte,,877665832,47.6650182,14.9159135,1009.0,,,,,OSM,
,,916916667,46.1575378,8.1840658,1744.0,,,,,OSM,
Almausschank Hoisbauerhütte,,922842037,46.8230125,13.6226961,1681.0,,,,,OSM,
Dom planincev na Farbanci,PD Nazarje,935137470,46.2841682,14.9387727,702,,,,,OSM,
Capanna Buffalora,ASAC,948062561,46.3509824,9.1484166,2078,huettenwart@sentiero-calanca.ch,+41 91 828 14 67,https://www.sentiero-calanca.ch/,30,OSM,
Gîte Refuge du Laverq,,955242453,44.3491352,6.50247,1570,contact@gite-du-laverq.fr,+33 4 86 89 37 80,https://gite-refuge-du-laverq.webnode.fr/,,OSM,
Rifugio escursionistico Cà Égià,,969494936,45.7646452,9.8976128,602.0,,,,,OSM,
Rifugio Ciavanassa,,969841735,45.565501,7.5697482,1874,,,,,OSM,
Preber-Halterhütte,,969848674,47.1995937,13.8635258,1862,,,,,OSM,
Au dessus de Gaudissard,,977808858,44.9395394,5.9538071,1654.0,,,,,OSM,
Schaidlhof,Schaidlhof Katschberger Adventweg,979464516,47.0659216,13.579769,1757.0,,,https://www.woerthersee.com/dc-neu/detail/POI/schaidlhof-1,,OSM,
Zavetišče na Koradi,,981938506,46.0655198,13.5584029,802,,+386 41 352 584,https://www.pzs.si/koce.php?pid=156,,OSM,
Almbar,,990188334,47.2500738,12.0763854,1883.0,,,,,OSM,
,,1010712635,46.7737272,15.0303819,1599.0,,,,,OSM,
Hofgasteiner Haus,Naturfreunde,1030893872,47.151544,13.0653481,1933.0,,+43 664 2713679,https://hofgasteinerhaus.naturfreunde.at/,,OSM,
Refuge de la Combe Madame,,1040918366,45.2647421,6.1140315,1784,,,http://www.combemadame.com/,,OSM,
Planinski dom I. štajerskega bataljona na Čreti,,1041977888,46.276938,14.959209,875,,,,,OSM,
,,1042757495,47.300019,12.5072213,1472.0,,,,,OSM,
Portes du Paradis,,1059599873,46.2798472,7.3545005,1667.0,,,,,OSM,
,,1064335808,45.9888047,9.7132841,1533.0,,,,,OSM,
Capanna del Forno CAS,SAC - CAS,1068018323,46.3318625,9.7093745,2574,info@fornohuette.ch,+41 81 824 31 82,https://www.fornohuette.ch/,63,OSM,18
Refuge de l'Arpont,,1068984940,45.3190921,6.7936183,2309,refuge.arpont@vanoise-parcnational.fr,,https://refuge-arpont.vanoise.com/,,OSM,
Celler Hütte,DAV Sektion Celle,1075875288,47.0193554,13.2689508,2240,,,,,OSM,
Koča na planini Kuhinja,PD Kobarid,1076403511,46.2414048,13.6596637,1002,pdkobarid@gmail.com,+386 5 925 05 32,https://planinske-koce.si/koca_na_planini_kuhinja,,OSM,
Alpe Grosse Piatton,,1077612107,46.3142284,10.1563735,2110.0,,,,,OSM,
Oidi Hulzhitt'n,,1082929180,47.2511592,15.3947262,1070.0,,,,,OSM,
Gorniški center Davo Karničar,,1084469450,46.3861941,14.5383896,1020,,,,,OSM,
Rifugio Ciampedie,Società degli Alpinisti Tridentini,1092213079,46.4338655,11.6642725,1998,info@rifugiociampedie.it,+39 0462 764432,https://www.rifugiociampedie.it/,27,OSM,
Chalet Griffon,,1103539606,46.5068294,13.1813328,1183.0,,,,,OSM,
Zavetišče v Hudičevem borštu,,1107016255,46.3285286,14.4413105,1328,,,http://pd-preddvor.weebly.com/zavetiscaron269e-v-hud-borscarontu.html,13,OSM,
,,1115432624,46.9562581,8.6489283,1446.0,,,,,OSM,
,,1115680891,47.5485846,10.5513459,1786.0,,,,,OSM,
Zavetišče pod Špičkom,PD Jesenice,1117103431,46.4101697,13.6777949,2064,,+386 41 543 039,https://planinske-koce.si/zavetisce_pod_spickom,,OSM,
Planinsko učno središče (PUS) Bavšica,Planinska zveza Slovenije,1117168284,46.3691295,13.6337641,713,,,http://mk.pzs.si/pus/english-2/,,OSM,
Alpe Piano delle Solere,,1117767205,46.2670488,10.0014487,2405.0,,,,,OSM,
Klammer's Jausenhütte,,1119600980,47.1984669,12.0169173,1369.0,,,,,OSM,
Refuge Le Trait d'Union,,1124937951,45.3699082,6.5256728,1725,refuge.letraitdunion@gmail.com,+33 7 70 28 85 77,http://www.letraitdunion-les3vallees.fr/,,OSM,
Rifugio Alpe Moroscetto,Patriziato di Preonzo,1125479930,46.2423147,8.9303899,1839.0,,,https://www.patriziatopreonzo.ch/capanne.html,,OSM,
Planinski dom Šentjungert,,1132566166,46.2986413,15.2175894,565,,,,,OSM,
Planinska postojanka PD Dramlje,,1147440234,46.2806852,15.4137081,460,,,,,OSM,
Rifugio Alpe Costa,,1154372373,46.3505842,8.8255456,1952.0,,,,8,OSM,
Dom Petra Skalarja,PD Bovec,1180438204,46.3537605,13.4684861,2260,,,https://www.planinske-koce.si/dom_petra_skalarja_na_kaninu,,OSM,
,,1184301270,45.7840035,11.1861194,1930.0,,,,,OSM,
Dom na Bibi,,1185318263,46.2438157,14.8400864,1309,,,,,OSM,
Refuge du Clôt des Vaches,,1191310096,45.0319616,6.4845369,2253,,+33 6 66 69 11 73,https://www.refugeclotdesvaches.com/,30,OSM,
Refuge du Carrelet,,1192689171,44.9057824,6.3146471,1909,,,,,OSM,
Planinski dom Košenjak,Planinsko društvo Dravograd,1194735621,46.6361639,15.0325727,1169,,,,,OSM,
,,1194862321,44.7069724,5.8211462,1961.0,,,,,OSM,
Smučarska koča,,1198857109,46.5063872,14.9553775,768,,,,,OSM,
Tannhaeuser Mountain Chalet,,1204120538,47.0483382,12.1279242,1586.0,,,,,OSM,
,,1207215097,46.275602,15.2581219,284.0,,,,,OSM,
Rifugio Mythe Peio 3000,,1207369723,46.3838444,10.6314749,2985,,,,,OSM,
Poštarski dom pod Plešivcem,,1212060171,46.4962609,15.0128114,805,,0038628221055,,,OSM,
Planina Ravne,,1217378529,46.2549011,14.7533201,1090,,,,,OSM,
Cabane forestière des Fontanettes,,1219750770,45.6402748,6.4003895,1270.0,,,,,OSM,
Chamanna D'Uglix,,1225291593,46.6234648,9.7209789,1974.0,,,,,OSM,
Zajčeva koča,,1230084594,46.1971654,15.0007873,742,,,,,OSM,
,,1231927846,44.1107579,6.9576778,1754.0,,,,,OSM,
Pastirska koča na planini Korošica,,1240259697,46.4342647,14.2914749,1554,,,,,OSM,
Dom na Kofcah,,1240259719,46.4178566,14.3233062,1488,,,,,OSM,
Planinski stan na Belski planini,,1241666094,46.4740831,14.1087505,1698,,,,,OSM,
Dom Pristava v Javorniškem Rovtu,,1242041283,46.4542703,14.09137,975,,,,,OSM,
Koča na Golici,,1242651928,46.4859436,14.0619421,1582,,,,,OSM,
Koča na Gozdu,PD Kranjska Gora,1248219138,46.4395057,13.7625553,1226,,,https://planinske-koce.si/koca_na_gozdu,,OSM,
Poštarski dom na Vršiču,PD Pošte in Telekoma Ljubljana,1248219139,46.4324116,13.7475292,1688,postarskidom.vrsic@gmail.com,+386 41 610 029,https://planinske-koce.si/postarski_dom_na_vrsicu,,OSM,
Mihov dom na Vršiču,PD Kranjska Gora,1248219499,46.4433518,13.771802,1085,,,https://planinske-koce.si/mihov_dom_na_vrsicu,,OSM,
Počitniški dom Možnica,Planinsko društvo Bovec,1249242166,46.3843908,13.5676471,793,,,,,OSM,
Dom na Paškem Kozjaku,,1264171782,46.3843417,15.1881765,960,,,,,OSM,
Colonia Eliot. ca,,1264490199,45.9298634,8.6710703,993.0,,,,,OSM,
Koča na Doliču,PD Gorje,1278633114,46.3648556,13.819469,2151,,,https://planinske-koce.si/koca_na_dolicu,,OSM,
Lovska koča na Mali Poljani,,1279694468,46.3483756,14.3736332,1326,,,,,OSM,
Planinska koča na Uskovnici,PD Srednja vas v Bohinju,1286650926,46.3205192,13.9094292,1154,,+386 31 341 814,https://planinske-koce.si/planinska_koca_na_uskovnici,,OSM,
Vodnikov dom na Velem polju,PD Srednja vas v Bohinju,1288128595,46.3559203,13.8613279,1817,,+386 4 828 03 04,https://planinske-koce.si/vodnikov_dom_na_velem_polju,,OSM,
Lovska koča Talež,,1289035689,46.336068,14.1180625,698.0,,,,,OSM,
Refuge de Sornin,,1292931495,45.2076477,5.6169681,1379.0,,,,,OSM,
Refuge privé A. Saladin,,1293637322,44.1094206,7.3127666,1651.0,,,,,OSM,
Rothornhütte SAC,SAC,1294080584,46.0481738,7.6972872,3180,rothornhuette.sac@gmail.com,+41 79 132 12 05,https://www.rothornhuette-sac.ch/,54,OSM,334
Rifugio Madonna della Neve,,1312572748,46.0214581,9.4865963,1595,capanat@rifugiomadonnadellaneve.com,+393770908191,http://www.rifugiomadonnadellaneve.com,,OSM,
Hôtel du Bostriche,Commune de Haut-intyamon,1342444118,46.5331074,7.0459688,1383.0,,,,,OSM,
Huggenberg Alm,Familie Strickner,1357761213,47.4285539,12.8043094,1110.0,,+43 6582 73497,https://www.restaurant-saalfelden.at/,,OSM,
,,1364472350,44.7068919,5.8210966,1961.0,,,,,OSM,
,,1368645181,45.0621939,6.2599746,2352.0,,,,,OSM,
Casa Alpina,,1416682482,44.9480294,6.7923962,1429.0,,,,,OSM,
Koča na Treh plotih,,1427305314,46.3692184,14.8886617,1530,,,,,OSM,
Watzmannhaus,DAV Sektion München,1435198912,47.57133,12.93399,1930,,+498652964222,https://www.watzmannhaus.de,160,OSM,151
Rifugio Passo Xomo,,1455759759,45.7771926,11.23719,1066.0,,3883845348,https://www.rifugiopassoxomo.com/,,OSM,
Baita da Albino,,1465073711,46.5154323,12.9178623,1031.0,,,,,OSM,
Brunnihütte,,,46.50273,8.24384,1860,,041 637 37 32,http://www.brunnihütte.ch,40,,37
La Borbuintze,,,46.509920,8.366572,1333,,+41 79 701 81 00,http://www.cas-diablerets.ch/borbuintze,33,,64
Refuge des Petoudes,,,46.020069,7.011175,2169,,+41 77 446 35 85,https://cas-diablerets.ch/cabanes/refuge-des-petoudes/,9,,76
Klostertaler Umwelthütte,,,46.881097,10.065993,2362,,+49891400341,https://www.alpenverein.de/verband/huetten-und-wege/huetten-des-bundesverbands/klostertaler-umwelthuette,15,,79
Fritz-Putz Hütte,,,47.53806,10.77347,1180,,+498362507187,https://www.alpenverein-fuessen.de/huetten/fritz-putz-huette,39,,83
Neue Reutlinger Hütte,,,47.07541,10.11565,2395,,+497121144860,http://www.dav-reutlingen.de/huetten/neue-reutlinger-huette/,12,,96
Bergheim Au,,,47.318,9.963,824,,+49171635564 0,https://www.dav-ueberlingen.de/huette-au/,65,,99
Saupsdorfer Hütte,,,50.927783,14.335000,285,,035974 55848,http://www.saupsdorfer-huette.de/,25,,101
Bergsteigerunterkunft Lauschige Ecke,,,47.622288,12.976388,600,,086529764610,http://dav-berchtesgaden.de,14,,107
Geraerhütte,,,47.0236,11.3741,2324,,+436645106830,http://www.geraerhuette.at,70,,110
Edelweiss-Hütte am Schneeberg,,,47.791762,15,1235,,0043 2636 3616,http://www.edelweisshuette.at/,25,,125
Dessauer Hütte,,,50.897333,14.135762,281,,+493405710700,https://www.dav-dessau.de/huette,30,,131
Bordierhütte SAC,,,46.14465,7.84980,2886,,+41279561909,http://www.bordierhuette.com,44,,156
Kampthaler-Hütte,,,48.131607,16.199331,313,,015138500,https://www.alpenverein.at/kampthalerhuette/,1,,177
Stripsenjoch-Haus,,,47.34,12.18,1580,,+43 664 3559094,http://www.stripsenjoch.at,126,,184
Karl-von-Edel-Hütte,,,47.07,11.03,2238,,+436649154851,http://www.edelhuette-dav.de,60,,203
Wanderheim Kreuzmoos,,,48.18936,7.97712,725,,00497645386,https://www.wanderheim-kreuzmoos.de,50,,224
DAV-Haus-Spitzingsee,,,47.669957,11.882484,1124,,080269209349,https://www.alpenverein-muenchen-oberland.de/selbstversorgerhuetten/haus-spitzingsee,88,,256
Jonsdorfer Hütte,,,50.8513,14.6952,452,,035844 204878,http://dav-zittau.de/index.php?rubrik=H%FCtte%20Jonsdorf&topic=123,21,,258
Austria-Hütte,,,47.4243,13.6001,1638,,+436767200021,https://www.alpenverein.at/austriahuette,44,,262
Otto- Mayr-Hütte,,,47.5931,10.61855,1530,,+491604592237,https://www.ottomayrhuette.com,60,,272
Cabane d'Orny CAS,,,46.000705,7.034627,2831,,+41 27 783 18 87,https://cas-diablerets.ch/orny,80,,279
Haus und Hütte Hammer,,,47.70373,11.94016,750,,+498028905386,https://www.haus-hammer.de,81,,282
Bivouac de l'Envers des Dorées,,,45.979796,7.048766,2983,,+41 27 321 11 16,http://www.cas-dent-de-lys.ch/?page_id=20,18,,288
Oberwalder-Hütte,,,47.105367,12.715533,2973,,+43 660 1308530,https://www.alpenverein.at/oberwalderhuette,110,,300
Cabane du Mont d’Or,,,46.722757,6.336052,1377,,+41 79 740 12 75,https://www.cas-vallorbe.ch/cabane/,20,,311
Jugendbildungsstätte Winterraum,,,47.506154,10.385326,857,,0832493010,https://www.jubi-hindelang.de/,8,,344
ZZZ TEST Monbijouhütte,,,46.944618,7.435092,1256,,000 000 00 00,https://www.sac-cas.ch,80,,346
Berghaus Alpenrösli,,,46.87,89.37,1775,,+41813321218,https://www.berghaus-alpenroesli.ch,60,,347
Mischabeljochbiwak SAC,,,46.074210,7.865815,3855,,+41797579916,https://mischabeljochbiwak.ch,24,,378
Sylvan-Hütte,,,49.902413,9.479421,374,,015146626864,https://www.dav-main-spessart.de,1,,387
Valentinalm,,,46.6816,13.0097,1215,,+43 660 6799784,https://www.valentinalm.at,35,,396
Skihütte Elm,,,2.729805,1.198227,1745,,+41 79 864 79 88,https://sac-olten.ch/huetten/skihuette-elm,15,,405
Cabane du Carroz,,,46.2840,6.0721,1508,,+41797566827,https://www.cas-geneve.ch/mCabCarroz.php?choix=2,18,,406
Rieserfernerhütte,,,46.89,12.07,2798,,+390474492125,https://alpenverein.it/huette/rieserfernerhuette/,59,,412
Habsburg-Haus,,,47.42795,15.41917,1785,,02665 219,https://das-habsburghaus.at,69,,424
Haus Wäldele,,,47.34859,10.14563,1250,,+49 160 3314192,https://www.dav-memmingen.de/index.php?id=560,16,,439
